
2026-07-27 21:28:35,739 | INFO | Knowledge Builder Started
2026-07-28 00:16:35,284 | INFO | Knowledge Builder Started
2026-07-28 00:17:23,851 | INFO | Knowledge Builder Started
2026-07-28 00:42:58,129 | INFO | Knowledge Builder Started
2026-07-28 00:42:58,130 | INFO | Application Started
2026-07-28 00:42:58,130 | WARNING | Testing Warning
2026-07-28 00:42:58,130 | ERROR | Testing Error
2026-07-28 00:43:45,449 | INFO | Knowledge Builder Started
2026-07-28 00:43:45,449 | INFO | Application Started
2026-07-28 00:43:45,449 | WARNING | Testing Warning
2026-07-28 00:43:45,450 | ERROR | Testing Error
2026-07-28 00:53:21,455 | INFO | Builder initialized.
2026-07-28 00:53:21,455 | INFO | Knowledge Build Started
2026-07-28 00:58:52,191 | INFO | Scanner initialized.
2026-07-28 00:58:52,191 | INFO | Scanning knowledge folder...
2026-07-28 01:08:12,693 | INFO | Scanner initialized.
2026-07-28 01:08:12,693 | INFO | Scanning knowledge folder...
2026-07-28 01:11:47,357 | INFO | Scanner initialized.
2026-07-28 01:11:47,357 | INFO | Scanning knowledge folder...
2026-07-28 01:14:38,305 | INFO | Scanner initialized.
2026-07-28 01:14:38,306 | INFO | Scanning knowledge folder...
2026-07-28 03:03:42,250 | INFO | Parser initialized.
2026-07-28 03:03:42,257 | INFO | Reading summary.txt
2026-07-28 11:02:04,299 | INFO | Parser initialized.
2026-07-28 11:02:04,299 | INFO | Reading summary.txt
2026-07-28 11:03:02,795 | INFO | Parser initialized.
2026-07-28 11:03:02,795 | INFO | Reading summary.txt
2026-07-28 11:06:41,148 | INFO | Parser initialized.
2026-07-28 11:06:41,148 | INFO | Reading summary.txt
2026-07-28 11:27:07,667 | INFO | Parser initialized.
2026-07-28 11:27:07,667 | INFO | Reading xsummary.txt
2026-07-28 11:27:07,668 | ERROR | Failed to read knowledge/services/trademarks/chunks/xsummary.txt: [Errno 2] No such file or directory: 'knowledge/services/trademarks/chunks/xsummary.txt'
2026-07-28 11:28:18,450 | INFO | Parser initialized.
2026-07-28 11:28:18,450 | INFO | Reading summary.txt
2026-07-28 11:37:50,307 | INFO | Parser initialized.
2026-07-28 11:37:50,308 | INFO | Reading summary.txt
2026-07-28 11:48:34,661 | INFO | Parser initialized.
2026-07-28 11:48:34,662 | INFO | Reading summary.txt
2026-07-28 11:53:20,478 | INFO | Parser initialized.
2026-07-28 11:53:20,479 | INFO | Reading summary.txt
2026-07-28 11:53:20,488 | INFO | Scanner initialized.
2026-07-28 11:53:20,488 | INFO | Scanning knowledge folder...
2026-07-28 11:53:20,498 | INFO | Parser initialized.
2026-07-28 11:53:20,498 | INFO | Parsing 66 files.
2026-07-28 11:53:20,498 | INFO | Reading contact.txt
2026-07-28 11:53:20,498 | INFO | Created 1 chunks.
2026-07-28 13:46:45,972 | INFO | Embedding Builder initialized.
2026-07-28 14:07:41,441 | INFO | Embedding Builder initialized.
2026-07-28 17:49:29,733 | INFO | Lookup Builder initialized.
2026-07-28 17:49:29,734 | INFO | Added summary.txt to lookup.
2026-07-28 17:49:29,734 | INFO | Lookup saved (1 records)
2026-07-28 17:50:04,339 | INFO | Lookup Builder initialized.
2026-07-28 17:50:04,339 | INFO | Added summary.txt to lookup.
2026-07-28 17:50:04,340 | INFO | Lookup saved (1 records)
2026-07-28 17:50:04,340 | INFO | Loaded 1 lookup records.
2026-07-28 18:03:17,765 | INFO | FAISS Builder initialized.
2026-07-28 18:03:17,767 | INFO | Created FAISS index (4 dimensions)
2026-07-28 18:03:17,769 | INFO | FAISS index saved.
2026-07-28 18:03:17,770 | INFO | FAISS index loaded.
2026-07-28 18:14:43,096 | INFO | Embedding Builder initialized.
2026-07-28 18:14:43,097 | INFO | Lookup Builder initialized.
2026-07-28 18:14:43,097 | INFO | FAISS Builder initialized.
2026-07-28 18:14:43,098 | INFO | Loaded 1 lookup records.
2026-07-28 18:14:43,098 | INFO | FAISS index loaded.
2026-07-28 18:14:43,098 | INFO | Search Engine initialized.
2026-07-28 18:14:43,098 | INFO | Embedding question...
2026-07-28 19:41:32,884 | INFO | Embedding Builder initialized.
2026-07-28 19:41:32,894 | INFO | Lookup Builder initialized.
2026-07-28 19:41:32,895 | INFO | FAISS Builder initialized.
2026-07-28 19:41:32,895 | INFO | Loaded 1 lookup records.
2026-07-28 19:41:32,895 | INFO | FAISS index loaded.
2026-07-28 19:53:09,235 | INFO | Scanner initialized.
2026-07-28 19:53:09,236 | INFO | Parser initialized.
2026-07-28 19:53:09,237 | INFO | Validator initialized.
2026-07-28 19:53:09,237 | INFO | Metadata Manager initialized.
2026-07-28 19:53:09,373 | INFO | Embedding Builder initialized.
2026-07-28 19:53:09,374 | INFO | Lookup Builder initialized.
2026-07-28 19:53:09,374 | INFO | FAISS Builder initialized.
2026-07-28 19:53:09,375 | INFO | Master Builder initialized.
2026-07-28 19:55:29,236 | INFO | Scanner initialized.
2026-07-28 19:55:29,236 | INFO | Parser initialized.
2026-07-28 19:55:29,237 | INFO | Validator initialized.
2026-07-28 19:55:29,238 | INFO | Metadata Manager initialized.
2026-07-28 19:55:29,370 | INFO | Embedding Builder initialized.
2026-07-28 19:55:29,371 | INFO | Lookup Builder initialized.
2026-07-28 19:55:29,372 | INFO | FAISS Builder initialized.
2026-07-28 19:55:29,372 | INFO | Master Builder initialized.
2026-07-28 19:55:29,372 | INFO | Starting knowledge build...
2026-07-28 19:55:29,373 | INFO | Scanning knowledge folder...
2026-07-28 20:08:51,718 | INFO | Scanner initialized.
2026-07-28 20:08:51,719 | INFO | Parser initialized.
2026-07-28 20:08:51,719 | INFO | Validator initialized.
2026-07-28 20:08:51,720 | INFO | Metadata Manager initialized.
2026-07-28 20:08:51,858 | INFO | Embedding Builder initialized.
2026-07-28 20:08:51,859 | INFO | Lookup Builder initialized.
2026-07-28 20:08:51,859 | INFO | FAISS Builder initialized.
2026-07-28 20:08:51,860 | INFO | Master Builder initialized.
2026-07-28 20:08:51,860 | INFO | Starting knowledge build...
2026-07-28 20:08:51,860 | INFO | Scanning knowledge folder...
2026-07-28 20:16:35,304 | INFO | Scanner initialized.
2026-07-28 20:16:35,305 | INFO | Parser initialized.
2026-07-28 20:16:35,306 | INFO | Validator initialized.
2026-07-28 20:16:35,306 | INFO | Metadata Manager initialized.
2026-07-28 20:16:35,435 | INFO | Embedding Builder initialized.
2026-07-28 20:16:35,436 | INFO | Lookup Builder initialized.
2026-07-28 20:16:35,437 | INFO | FAISS Builder initialized.
2026-07-28 20:16:35,437 | INFO | Master Builder initialized.
2026-07-28 20:16:35,437 | INFO | 
2026-07-28 20:16:35,437 | INFO | ============================================================
2026-07-28 20:16:35,437 | INFO | STEP 1 : SCANNING KNOWLEDGE
2026-07-28 20:16:35,437 | INFO | ============================================================
2026-07-28 20:16:35,437 | INFO | Scanning knowledge folder...
2026-07-28 20:20:39,671 | INFO | Scanner initialized.
2026-07-28 20:20:39,672 | INFO | Parser initialized.
2026-07-28 20:20:39,673 | INFO | Validator initialized.
2026-07-28 20:20:39,674 | INFO | Metadata Manager initialized.
2026-07-28 20:20:39,808 | INFO | Embedding Builder initialized.
2026-07-28 20:20:39,809 | INFO | Lookup Builder initialized.
2026-07-28 20:20:39,811 | INFO | FAISS Builder initialized.
2026-07-28 20:20:39,811 | INFO | Master Builder initialized.
2026-07-28 20:20:39,811 | INFO | 
2026-07-28 20:20:39,811 | INFO | ============================================================
2026-07-28 20:20:39,811 | INFO | STEP 1 : SCANNING KNOWLEDGE
2026-07-28 20:20:39,812 | INFO | ============================================================
2026-07-28 20:20:39,812 | INFO | Scanning knowledge folder...
2026-07-28 20:21:25,111 | INFO | Scanner initialized.
2026-07-28 20:21:25,111 | INFO | Parser initialized.
2026-07-28 20:21:25,112 | INFO | Validator initialized.
2026-07-28 20:21:25,113 | INFO | Metadata Manager initialized.
2026-07-28 20:21:25,242 | INFO | Embedding Builder initialized.
2026-07-28 20:21:25,243 | INFO | Lookup Builder initialized.
2026-07-28 20:21:25,243 | INFO | FAISS Builder initialized.
2026-07-28 20:21:25,244 | INFO | Master Builder initialized.
2026-07-28 20:21:25,244 | INFO | 
2026-07-28 20:21:25,244 | INFO | ============================================================
2026-07-28 20:21:25,244 | INFO | STEP 1 : SCANNING KNOWLEDGE
2026-07-28 20:21:25,244 | INFO | ============================================================
2026-07-28 20:21:25,244 | INFO | Scanning knowledge folder...
2026-07-28 20:21:25,250 | INFO | 66 text files found.
2026-07-28 20:26:20,519 | INFO | Scanner initialized.
2026-07-28 20:26:20,520 | INFO | Parser initialized.
2026-07-28 20:26:20,520 | INFO | Validator initialized.
2026-07-28 20:26:20,521 | INFO | Metadata Manager initialized.
2026-07-28 20:26:20,660 | INFO | Embedding Builder initialized.
2026-07-28 20:26:20,661 | INFO | Lookup Builder initialized.
2026-07-28 20:26:20,662 | INFO | FAISS Builder initialized.
2026-07-28 20:26:20,662 | INFO | Master Builder initialized.
2026-07-28 20:26:20,662 | INFO | 
2026-07-28 20:26:20,662 | INFO | ============================================================
2026-07-28 20:26:20,662 | INFO | STEP 1 : SCANNING KNOWLEDGE
2026-07-28 20:26:20,662 | INFO | ============================================================
2026-07-28 20:26:20,662 | INFO | Scanning knowledge folder...
2026-07-28 20:26:20,671 | INFO | 66 text files found.
2026-07-28 20:32:40,270 | INFO | Scanner initialized.
2026-07-28 20:32:40,271 | INFO | Parser initialized.
2026-07-28 20:32:40,271 | INFO | Validator initialized.
2026-07-28 20:32:40,272 | INFO | Metadata Manager initialized.
2026-07-28 20:32:40,407 | INFO | Embedding Builder initialized.
2026-07-28 20:32:40,408 | INFO | Lookup Builder initialized.
2026-07-28 20:32:40,408 | INFO | FAISS Builder initialized.
2026-07-28 20:32:40,409 | INFO | Master Builder initialized.
2026-07-28 20:32:40,409 | INFO | 
2026-07-28 20:32:40,409 | INFO | ============================================================
2026-07-28 20:32:40,409 | INFO | STEP 1 : SCANNING KNOWLEDGE
2026-07-28 20:32:40,409 | INFO | ============================================================
2026-07-28 20:32:40,409 | INFO | Scanning knowledge folder...
2026-07-28 20:32:40,417 | INFO | 47 text files found.
2026-07-28 20:32:40,417 | INFO | 
2026-07-28 20:32:40,417 | INFO | ============================================================
2026-07-28 20:32:40,417 | INFO | STEP 2 : PARSING CHUNKS
2026-07-28 20:32:40,417 | INFO | ============================================================
2026-07-28 20:35:00,125 | INFO | Scanner initialized.
2026-07-28 20:35:00,126 | INFO | Parser initialized.
2026-07-28 20:35:00,127 | INFO | Validator initialized.
2026-07-28 20:35:00,128 | INFO | Metadata Manager initialized.
2026-07-28 20:35:00,263 | INFO | Embedding Builder initialized.
2026-07-28 20:35:00,264 | INFO | Lookup Builder initialized.
2026-07-28 20:35:00,265 | INFO | FAISS Builder initialized.
2026-07-28 20:35:00,265 | INFO | Master Builder initialized.
2026-07-28 20:35:00,265 | INFO | 
2026-07-28 20:35:00,265 | INFO | ============================================================
2026-07-28 20:35:00,265 | INFO | STEP 1 : SCANNING KNOWLEDGE
2026-07-28 20:35:00,265 | INFO | ============================================================
2026-07-28 20:35:00,265 | INFO | Scanning knowledge folder...
2026-07-28 20:35:00,272 | INFO | 47 text files found.
2026-07-28 20:35:00,272 | INFO | 
2026-07-28 20:35:00,272 | INFO | ============================================================
2026-07-28 20:35:00,272 | INFO | STEP 2 : PARSING CHUNKS
2026-07-28 20:35:00,272 | INFO | ============================================================
2026-07-28 20:36:41,247 | INFO | Scanner initialized.
2026-07-28 20:36:41,248 | INFO | Parser initialized.
2026-07-28 20:36:41,249 | INFO | Validator initialized.
2026-07-28 20:36:41,249 | INFO | Metadata Manager initialized.
2026-07-28 20:36:41,380 | INFO | Embedding Builder initialized.
2026-07-28 20:36:41,381 | INFO | Lookup Builder initialized.
2026-07-28 20:36:41,382 | INFO | FAISS Builder initialized.
2026-07-28 20:36:41,382 | INFO | Master Builder initialized.
2026-07-28 20:36:41,382 | INFO | 
2026-07-28 20:36:41,382 | INFO | ============================================================
2026-07-28 20:36:41,382 | INFO | STEP 2 : PARSING CHUNKS
2026-07-28 20:36:41,382 | INFO | ============================================================
2026-07-28 20:38:52,901 | INFO | Scanner initialized.
2026-07-28 20:38:52,901 | INFO | Parser initialized.
2026-07-28 20:38:52,902 | INFO | Validator initialized.
2026-07-28 20:38:52,903 | INFO | Metadata Manager initialized.
2026-07-28 20:38:53,034 | INFO | Embedding Builder initialized.
2026-07-28 20:38:53,035 | INFO | Lookup Builder initialized.
2026-07-28 20:38:53,035 | INFO | FAISS Builder initialized.
2026-07-28 20:38:53,035 | INFO | Master Builder initialized.
2026-07-28 20:38:53,035 | INFO | 
2026-07-28 20:38:53,036 | INFO | ============================================================
2026-07-28 20:38:53,036 | INFO | STEP 2 : PARSING CHUNKS
2026-07-28 20:38:53,036 | INFO | ============================================================
2026-07-28 21:53:12,821 | INFO | Scanner initialized.
2026-07-28 21:53:12,829 | INFO | Parser initialized.
2026-07-28 21:53:12,829 | INFO | Validator initialized.
2026-07-28 21:53:12,830 | INFO | Metadata Manager initialized.
2026-07-28 21:53:12,964 | INFO | Embedding Builder initialized.
2026-07-28 21:53:12,965 | INFO | Lookup Builder initialized.
2026-07-28 21:53:12,966 | INFO | FAISS Builder initialized.
2026-07-28 21:53:12,966 | INFO | Master Builder initialized.
2026-07-28 21:53:12,966 | INFO | 
2026-07-28 21:53:12,967 | INFO | ============================================================
2026-07-28 21:53:12,967 | INFO | STEP 1 : SCANNING KNOWLEDGE
2026-07-28 21:53:12,967 | INFO | ============================================================
2026-07-28 21:53:12,967 | INFO | Scanning knowledge folder...
2026-07-28 21:53:12,974 | INFO | 47 text files found.
2026-07-28 21:53:12,975 | INFO | 
2026-07-28 21:53:12,975 | INFO | ============================================================
2026-07-28 21:53:12,975 | INFO | STEP 2 : PARSING CHUNKS
2026-07-28 21:53:12,975 | INFO | ============================================================
2026-07-28 21:53:12,975 | INFO | Reading summary.txt
2026-07-28 21:53:12,984 | INFO | Reading related_information.txt
2026-07-28 21:53:12,984 | INFO | Reading mission.txt
2026-07-28 21:53:12,985 | INFO | Reading vision.txt
2026-07-28 21:53:12,985 | INFO | Reading purpose.txt
2026-07-28 21:53:12,986 | INFO | Reading summary.txt
2026-07-28 21:53:12,986 | INFO | Reading website.txt
2026-07-28 21:53:12,987 | INFO | Reading email.txt
2026-07-28 21:53:12,987 | INFO | Reading office_hours.txt
2026-07-28 21:53:12,987 | INFO | Reading phone.txt
2026-07-28 21:53:12,988 | INFO | Reading social_media.txt
2026-07-28 21:53:12,988 | INFO | Reading consultation.txt
2026-07-28 21:53:12,988 | INFO | Reading head_office.txt
2026-07-28 21:53:12,989 | INFO | Reading office_hours.txt
2026-07-28 21:53:12,989 | INFO | Reading after_hours.txt
2026-07-28 21:53:12,989 | INFO | Reading public_holidays.txt
2026-07-28 21:53:12,989 | INFO | Reading appointments.txt
2026-07-28 21:53:12,990 | INFO | Reading online_consultations.txt
2026-07-28 21:53:12,990 | INFO | Reading summary.txt
2026-07-28 21:53:12,990 | INFO | Reading experience.txt
2026-07-28 21:53:12,991 | INFO | Reading partners.txt
2026-07-28 21:53:12,991 | INFO | Reading related_information.txt
2026-07-28 21:53:12,991 | INFO | Reading practice_leaders.txt
2026-07-28 21:53:12,992 | INFO | Reading specializations.txt
2026-07-28 21:53:12,992 | INFO | Reading summary.txt
2026-07-28 21:53:12,992 | INFO | Reading managing_partner.txt
2026-07-28 21:53:12,992 | INFO | Reading future_direction.txt
2026-07-28 21:53:12,993 | INFO | Reading founding.txt
2026-07-28 21:53:12,993 | INFO | Reading related_information.txt
2026-07-28 21:53:12,993 | INFO | Reading milestones.txt
2026-07-28 21:53:12,994 | INFO | Reading achievements.txt
2026-07-28 21:53:12,994 | INFO | Reading summary.txt
2026-07-28 21:53:12,994 | INFO | Reading growth.txt
2026-07-28 21:53:12,995 | INFO | Reading experience.txt
2026-07-28 21:53:12,995 | INFO | Reading why_trust_us.txt
2026-07-28 21:53:12,995 | INFO | Reading related_information.txt
2026-07-28 21:53:12,995 | INFO | Reading client_commitment.txt
2026-07-28 21:53:12,996 | INFO | Reading practice_areas.txt
2026-07-28 21:53:12,996 | INFO | Reading who_we_are.txt
2026-07-28 21:53:12,996 | INFO | Reading who_we_serve.txt
2026-07-28 21:53:12,997 | INFO | Reading summary.txt
2026-07-28 21:53:12,997 | INFO | Reading directions.txt
2026-07-28 21:53:12,997 | INFO | Reading accessibility.txt
2026-07-28 21:53:12,998 | INFO | Reading parking.txt
2026-07-28 21:53:12,998 | INFO | Reading branches.txt
2026-07-28 21:53:12,998 | INFO | Reading summary.txt
2026-07-28 21:53:12,999 | INFO | Reading head_office.txt
2026-07-28 21:53:12,999 | INFO | 47 chunk(s) parsed.
2026-07-31 18:25:30,386 | INFO | Website Crawler initialized.
2026-07-31 18:25:30,386 | INFO | Downloading https://necs-legal.com
2026-07-31 18:25:36,923 | INFO | Saved knowledge_source/raw_html/home.html
2026-07-31 18:39:06,890 | INFO | Website Crawler initialized.
2026-07-31 18:39:06,891 | INFO | Downloading https://necs-legal.com
2026-07-31 18:39:08,534 | INFO | Saved knowledge_source/raw_html/home.html
2026-07-31 18:40:07,435 | INFO | Website Crawler initialized.
2026-07-31 18:40:07,435 | INFO | Downloading sitemap...
2026-07-31 18:40:08,823 | INFO | Sitemap downloaded successfully.
2026-07-31 18:40:08,826 | INFO | Parsing sitemap...
2026-07-31 18:40:08,836 | INFO | Found 1 sitemap(s).
2026-07-31 18:40:08,836 | INFO | Found 2 sitemap(s).
2026-07-31 18:40:08,836 | INFO | Found 3 sitemap(s).
2026-07-31 18:41:54,100 | INFO | Website Crawler initialized.
2026-07-31 18:41:54,100 | INFO | Downloading sitemap...
2026-07-31 18:41:55,661 | INFO | Sitemap downloaded successfully.
2026-07-31 18:41:55,665 | INFO | Parsing sitemap...
2026-07-31 18:41:55,674 | INFO | Found 1 sitemap(s).
2026-07-31 18:41:55,674 | INFO | Found 2 sitemap(s).
2026-07-31 18:41:55,674 | INFO | Found 3 sitemap(s).
2026-07-31 19:24:52,019 | INFO | Website Crawler initialized.
2026-07-31 19:24:52,019 | INFO | Downloading sitemap...
2026-07-31 19:24:53,367 | INFO | Sitemap downloaded successfully.
2026-07-31 19:24:53,369 | INFO | Parsing sitemap...
2026-07-31 19:24:53,371 | INFO | Found 1 sitemap(s).
2026-07-31 19:24:53,371 | INFO | Found 2 sitemap(s).
2026-07-31 19:24:53,371 | INFO | Found 3 sitemap(s).
2026-07-31 19:24:53,372 | INFO | 
2026-07-31 19:24:53,372 | INFO | ============================================================
2026-07-31 19:24:53,372 | INFO | DISCOVERING WEBSITE PAGES
2026-07-31 19:24:53,372 | INFO | ============================================================
2026-07-31 19:48:39,453 | INFO | Website Crawler initialized.
2026-07-31 19:48:39,453 | INFO | Downloading sitemap...
2026-07-31 19:48:41,365 | INFO | Sitemap downloaded successfully.
2026-07-31 19:48:41,368 | INFO | Parsing sitemap...
2026-07-31 19:48:41,369 | INFO | Found 1 sitemap(s).
2026-07-31 19:48:41,369 | INFO | Found 2 sitemap(s).
2026-07-31 19:48:41,369 | INFO | Found 3 sitemap(s).
2026-07-31 19:48:41,369 | INFO | 
2026-07-31 19:48:41,369 | INFO | ============================================================
2026-07-31 19:48:41,369 | INFO | DISCOVERING WEBSITE PAGES
2026-07-31 19:48:41,369 | INFO | ============================================================
2026-07-31 19:48:41,369 | INFO | Downloading child sitemap : https://necs-legal.com/wp-sitemap-posts-post-1.xml
2026-07-31 19:48:42,799 | INFO | Child sitemap downloaded successfully.
2026-07-31 19:48:42,801 | INFO | Parsing child sitemap...
2026-07-31 19:48:42,802 | INFO | Found 1 page(s).
2026-07-31 19:48:42,803 | INFO | Found 2 page(s).
2026-07-31 19:48:42,803 | INFO | Found 3 page(s).
2026-07-31 19:48:42,803 | INFO | Found 4 page(s).
2026-07-31 19:48:42,803 | INFO | Found 5 page(s).
2026-07-31 19:48:42,803 | INFO | Found 6 page(s).
2026-07-31 19:48:42,803 | INFO | Total pages discovered : 12
2026-07-31 19:48:42,803 | INFO | Downloading child sitemap : https://necs-legal.com/wp-sitemap-posts-page-1.xml
2026-07-31 19:48:43,925 | INFO | Child sitemap downloaded successfully.
2026-07-31 19:48:43,927 | INFO | Parsing child sitemap...
2026-07-31 19:48:43,928 | INFO | Found 1 page(s).
2026-07-31 19:48:43,928 | INFO | Found 2 page(s).
2026-07-31 19:48:43,928 | INFO | Found 3 page(s).
2026-07-31 19:48:43,929 | INFO | Found 4 page(s).
2026-07-31 19:48:43,929 | INFO | Found 5 page(s).
2026-07-31 19:48:43,929 | INFO | Found 6 page(s).
2026-07-31 19:48:43,929 | INFO | Found 7 page(s).
2026-07-31 19:48:43,929 | INFO | Found 8 page(s).
2026-07-31 19:48:43,929 | INFO | Found 9 page(s).
2026-07-31 19:48:43,929 | INFO | Found 10 page(s).
2026-07-31 19:48:43,929 | INFO | Found 11 page(s).
2026-07-31 19:48:43,929 | INFO | Found 12 page(s).
2026-07-31 19:48:43,929 | INFO | Found 13 page(s).
2026-07-31 19:48:43,929 | INFO | Found 14 page(s).
2026-07-31 19:48:43,929 | INFO | Total pages discovered : 40
2026-07-31 19:48:43,930 | INFO | Downloading child sitemap : https://necs-legal.com/wp-sitemap-taxonomies-category-1.xml
2026-07-31 19:48:45,052 | INFO | Child sitemap downloaded successfully.
2026-07-31 19:48:45,054 | INFO | Parsing child sitemap...
2026-07-31 19:48:45,055 | INFO | Found 1 page(s).
2026-07-31 19:48:45,056 | INFO | Found 2 page(s).
2026-07-31 19:48:45,056 | INFO | Found 3 page(s).
2026-07-31 19:48:45,056 | INFO | Found 4 page(s).
2026-07-31 19:48:45,056 | INFO | Total pages discovered : 48
2026-07-31 19:48:45,056 | INFO | Downloading sitemap...
2026-07-31 19:48:46,382 | INFO | Sitemap downloaded successfully.
2026-07-31 19:48:46,388 | INFO | Parsing sitemap...
2026-07-31 19:48:46,389 | INFO | Found 1 sitemap(s).
2026-07-31 19:48:46,389 | INFO | Found 2 sitemap(s).
2026-07-31 19:48:46,390 | INFO | Found 3 sitemap(s).
2026-07-31 19:48:46,390 | INFO | 
2026-07-31 19:48:46,390 | INFO | ============================================================
2026-07-31 19:48:46,390 | INFO | DISCOVERING WEBSITE PAGES
2026-07-31 19:48:46,390 | INFO | ============================================================
2026-07-31 19:48:46,390 | INFO | Downloading child sitemap : https://necs-legal.com/wp-sitemap-posts-post-1.xml
2026-07-31 19:48:47,509 | INFO | Child sitemap downloaded successfully.
2026-07-31 19:48:47,511 | INFO | Parsing child sitemap...
2026-07-31 19:48:47,513 | INFO | Found 1 page(s).
2026-07-31 19:48:47,513 | INFO | Found 2 page(s).
2026-07-31 19:48:47,513 | INFO | Found 3 page(s).
2026-07-31 19:48:47,513 | INFO | Found 4 page(s).
2026-07-31 19:48:47,513 | INFO | Found 5 page(s).
2026-07-31 19:48:47,513 | INFO | Found 6 page(s).
2026-07-31 19:48:47,513 | INFO | Total pages discovered : 12
2026-07-31 19:48:47,513 | INFO | Downloading child sitemap : https://necs-legal.com/wp-sitemap-posts-page-1.xml
2026-07-31 19:48:48,636 | INFO | Child sitemap downloaded successfully.
2026-07-31 19:48:48,640 | INFO | Parsing child sitemap...
2026-07-31 19:48:48,641 | INFO | Found 1 page(s).
2026-07-31 19:48:48,642 | INFO | Found 2 page(s).
2026-07-31 19:48:48,642 | INFO | Found 3 page(s).
2026-07-31 19:48:48,642 | INFO | Found 4 page(s).
2026-07-31 19:48:48,643 | INFO | Found 5 page(s).
2026-07-31 19:48:48,643 | INFO | Found 6 page(s).
2026-07-31 19:48:48,643 | INFO | Found 7 page(s).
2026-07-31 19:48:48,644 | INFO | Found 8 page(s).
2026-07-31 19:48:48,644 | INFO | Found 9 page(s).
2026-07-31 19:48:48,644 | INFO | Found 10 page(s).
2026-07-31 19:48:48,644 | INFO | Found 11 page(s).
2026-07-31 19:48:48,645 | INFO | Found 12 page(s).
2026-07-31 19:48:48,645 | INFO | Found 13 page(s).
2026-07-31 19:48:48,645 | INFO | Found 14 page(s).
2026-07-31 19:48:48,645 | INFO | Total pages discovered : 40
2026-07-31 19:48:48,645 | INFO | Downloading child sitemap : https://necs-legal.com/wp-sitemap-taxonomies-category-1.xml
2026-07-31 19:48:49,865 | INFO | Child sitemap downloaded successfully.
2026-07-31 19:48:49,868 | INFO | Parsing child sitemap...
2026-07-31 19:48:49,869 | INFO | Found 1 page(s).
2026-07-31 19:48:49,869 | INFO | Found 2 page(s).
2026-07-31 19:48:49,870 | INFO | Found 3 page(s).
2026-07-31 19:48:49,870 | INFO | Found 4 page(s).
2026-07-31 19:48:49,870 | INFO | Total pages discovered : 48
2026-07-31 19:48:49,870 | INFO | Downloading sitemap...
2026-07-31 19:48:51,298 | INFO | Sitemap downloaded successfully.
2026-07-31 19:48:51,303 | INFO | Parsing sitemap...
2026-07-31 19:48:51,303 | INFO | Found 1 sitemap(s).
2026-07-31 19:48:51,303 | INFO | Found 2 sitemap(s).
2026-07-31 19:48:51,303 | INFO | Found 3 sitemap(s).
2026-07-31 19:48:51,303 | INFO | 
2026-07-31 19:48:51,304 | INFO | ============================================================
2026-07-31 19:48:51,304 | INFO | DISCOVERING WEBSITE PAGES
2026-07-31 19:48:51,304 | INFO | ============================================================
2026-07-31 19:48:51,304 | INFO | Downloading child sitemap : https://necs-legal.com/wp-sitemap-posts-post-1.xml
2026-07-31 19:48:52,322 | INFO | Child sitemap downloaded successfully.
2026-07-31 19:48:52,325 | INFO | Parsing child sitemap...
2026-07-31 19:48:52,326 | INFO | Found 1 page(s).
2026-07-31 19:48:52,327 | INFO | Found 2 page(s).
2026-07-31 19:48:52,327 | INFO | Found 3 page(s).
2026-07-31 19:48:52,327 | INFO | Found 4 page(s).
2026-07-31 19:48:52,327 | INFO | Found 5 page(s).
2026-07-31 19:48:52,327 | INFO | Found 6 page(s).
2026-07-31 19:48:52,327 | INFO | Total pages discovered : 12
2026-07-31 19:48:52,327 | INFO | Downloading child sitemap : https://necs-legal.com/wp-sitemap-posts-page-1.xml
2026-07-31 19:48:53,347 | INFO | Child sitemap downloaded successfully.
2026-07-31 19:48:53,350 | INFO | Parsing child sitemap...
2026-07-31 19:48:53,352 | INFO | Found 1 page(s).
2026-07-31 19:48:53,352 | INFO | Found 2 page(s).
2026-07-31 19:48:53,352 | INFO | Found 3 page(s).
2026-07-31 19:48:53,352 | INFO | Found 4 page(s).
2026-07-31 19:48:53,352 | INFO | Found 5 page(s).
2026-07-31 19:48:53,353 | INFO | Found 6 page(s).
2026-07-31 19:48:53,353 | INFO | Found 7 page(s).
2026-07-31 19:48:53,353 | INFO | Found 8 page(s).
2026-07-31 19:48:53,353 | INFO | Found 9 page(s).
2026-07-31 19:48:53,353 | INFO | Found 10 page(s).
2026-07-31 19:48:53,353 | INFO | Found 11 page(s).
2026-07-31 19:48:53,353 | INFO | Found 12 page(s).
2026-07-31 19:48:53,353 | INFO | Found 13 page(s).
2026-07-31 19:48:53,353 | INFO | Found 14 page(s).
2026-07-31 19:48:53,353 | INFO | Total pages discovered : 40
2026-07-31 19:48:53,354 | INFO | Downloading child sitemap : https://necs-legal.com/wp-sitemap-taxonomies-category-1.xml
2026-07-31 19:48:54,474 | INFO | Child sitemap downloaded successfully.
2026-07-31 19:48:54,476 | INFO | Parsing child sitemap...
2026-07-31 19:48:54,477 | INFO | Found 1 page(s).
2026-07-31 19:48:54,477 | INFO | Found 2 page(s).
2026-07-31 19:48:54,477 | INFO | Found 3 page(s).
2026-07-31 19:48:54,477 | INFO | Found 4 page(s).
2026-07-31 19:48:54,477 | INFO | Total pages discovered : 48
2026-07-31 19:48:54,477 | INFO | Downloading sitemap...
2026-07-31 19:48:55,886 | INFO | Sitemap downloaded successfully.
2026-07-31 19:48:55,890 | INFO | Parsing sitemap...
2026-07-31 19:48:55,891 | INFO | Found 1 sitemap(s).
2026-07-31 19:48:55,891 | INFO | Found 2 sitemap(s).
2026-07-31 19:48:55,892 | INFO | Found 3 sitemap(s).
2026-07-31 19:48:55,892 | INFO | 
2026-07-31 19:48:55,892 | INFO | ============================================================
2026-07-31 19:48:55,892 | INFO | DISCOVERING WEBSITE PAGES
2026-07-31 19:48:55,892 | INFO | ============================================================
2026-07-31 19:48:55,892 | INFO | Downloading child sitemap : https://necs-legal.com/wp-sitemap-posts-post-1.xml
2026-07-31 19:48:57,033 | INFO | Child sitemap downloaded successfully.
2026-07-31 19:48:57,036 | INFO | Parsing child sitemap...
2026-07-31 19:48:57,037 | INFO | Found 1 page(s).
2026-07-31 19:48:57,037 | INFO | Found 2 page(s).
2026-07-31 19:48:57,038 | INFO | Found 3 page(s).
2026-07-31 19:48:57,038 | INFO | Found 4 page(s).
2026-07-31 19:48:57,038 | INFO | Found 5 page(s).
2026-07-31 19:48:57,038 | INFO | Found 6 page(s).
2026-07-31 19:48:57,038 | INFO | Total pages discovered : 12
2026-07-31 19:48:57,038 | INFO | Downloading child sitemap : https://necs-legal.com/wp-sitemap-posts-page-1.xml
2026-07-31 19:48:58,104 | INFO | Child sitemap downloaded successfully.
2026-07-31 19:48:58,106 | INFO | Parsing child sitemap...
2026-07-31 19:48:58,108 | INFO | Found 1 page(s).
2026-07-31 19:48:58,108 | INFO | Found 2 page(s).
2026-07-31 19:48:58,108 | INFO | Found 3 page(s).
2026-07-31 19:48:58,108 | INFO | Found 4 page(s).
2026-07-31 19:48:58,108 | INFO | Found 5 page(s).
2026-07-31 19:48:58,108 | INFO | Found 6 page(s).
2026-07-31 19:48:58,108 | INFO | Found 7 page(s).
2026-07-31 19:48:58,108 | INFO | Found 8 page(s).
2026-07-31 19:48:58,108 | INFO | Found 9 page(s).
2026-07-31 19:48:58,108 | INFO | Found 10 page(s).
2026-07-31 19:48:58,108 | INFO | Found 11 page(s).
2026-07-31 19:48:58,108 | INFO | Found 12 page(s).
2026-07-31 19:48:58,108 | INFO | Found 13 page(s).
2026-07-31 19:48:58,109 | INFO | Found 14 page(s).
2026-07-31 19:48:58,109 | INFO | Total pages discovered : 40
2026-07-31 19:48:58,109 | INFO | Downloading child sitemap : https://necs-legal.com/wp-sitemap-taxonomies-category-1.xml
2026-07-31 19:48:59,183 | INFO | Child sitemap downloaded successfully.
2026-07-31 19:48:59,186 | INFO | Parsing child sitemap...
2026-07-31 19:48:59,187 | INFO | Found 1 page(s).
2026-07-31 19:48:59,187 | INFO | Found 2 page(s).
2026-07-31 19:48:59,187 | INFO | Found 3 page(s).
2026-07-31 19:48:59,187 | INFO | Found 4 page(s).
2026-07-31 19:48:59,187 | INFO | Total pages discovered : 48
2026-07-31 19:48:59,187 | INFO | Downloading sitemap...
2026-07-31 19:49:00,515 | INFO | Sitemap downloaded successfully.
2026-07-31 19:49:00,517 | INFO | Parsing sitemap...
2026-07-31 19:49:00,518 | INFO | Found 1 sitemap(s).
2026-07-31 19:49:00,518 | INFO | Found 2 sitemap(s).
2026-07-31 19:49:00,519 | INFO | Found 3 sitemap(s).
2026-07-31 19:49:00,519 | INFO | 
2026-07-31 19:49:00,519 | INFO | ============================================================
2026-07-31 19:49:00,519 | INFO | DISCOVERING WEBSITE PAGES
2026-07-31 19:49:00,519 | INFO | ============================================================
2026-07-31 19:49:00,519 | INFO | Downloading child sitemap : https://necs-legal.com/wp-sitemap-posts-post-1.xml
2026-07-31 19:49:01,539 | INFO | Child sitemap downloaded successfully.
2026-07-31 19:49:01,541 | INFO | Parsing child sitemap...
2026-07-31 19:49:01,542 | INFO | Found 1 page(s).
2026-07-31 19:49:01,542 | INFO | Found 2 page(s).
2026-07-31 19:49:01,542 | INFO | Found 3 page(s).
2026-07-31 19:49:01,542 | INFO | Found 4 page(s).
2026-07-31 19:49:01,542 | INFO | Found 5 page(s).
2026-07-31 19:49:01,543 | INFO | Found 6 page(s).
2026-07-31 19:49:01,543 | INFO | Total pages discovered : 12
2026-07-31 19:49:01,543 | INFO | Downloading child sitemap : https://necs-legal.com/wp-sitemap-posts-page-1.xml
2026-07-31 19:49:02,563 | INFO | Child sitemap downloaded successfully.
2026-07-31 19:49:02,565 | INFO | Parsing child sitemap...
2026-07-31 19:49:02,566 | INFO | Found 1 page(s).
2026-07-31 19:49:02,566 | INFO | Found 2 page(s).
2026-07-31 19:49:02,566 | INFO | Found 3 page(s).
2026-07-31 19:49:02,567 | INFO | Found 4 page(s).
2026-07-31 19:49:02,567 | INFO | Found 5 page(s).
2026-07-31 19:49:02,567 | INFO | Found 6 page(s).
2026-07-31 19:49:02,567 | INFO | Found 7 page(s).
2026-07-31 19:49:02,567 | INFO | Found 8 page(s).
2026-07-31 19:49:02,567 | INFO | Found 9 page(s).
2026-07-31 19:49:02,567 | INFO | Found 10 page(s).
2026-07-31 19:49:02,567 | INFO | Found 11 page(s).
2026-07-31 19:49:02,567 | INFO | Found 12 page(s).
2026-07-31 19:49:02,567 | INFO | Found 13 page(s).
2026-07-31 19:49:02,567 | INFO | Found 14 page(s).
2026-07-31 19:49:02,567 | INFO | Total pages discovered : 40
2026-07-31 19:49:02,567 | INFO | Downloading child sitemap : https://necs-legal.com/wp-sitemap-taxonomies-category-1.xml
2026-07-31 19:49:03,588 | INFO | Child sitemap downloaded successfully.
2026-07-31 19:49:03,591 | INFO | Parsing child sitemap...
2026-07-31 19:49:03,591 | INFO | Found 1 page(s).
2026-07-31 19:49:03,591 | INFO | Found 2 page(s).
2026-07-31 19:49:03,592 | INFO | Found 3 page(s).
2026-07-31 19:49:03,592 | INFO | Found 4 page(s).
2026-07-31 19:49:03,592 | INFO | Total pages discovered : 48
2026-07-31 19:49:03,592 | INFO | Downloading sitemap...
2026-07-31 19:49:04,918 | INFO | Sitemap downloaded successfully.
2026-07-31 19:49:04,920 | INFO | Parsing sitemap...
2026-07-31 19:49:04,921 | INFO | Found 1 sitemap(s).
2026-07-31 19:49:04,921 | INFO | Found 2 sitemap(s).
2026-07-31 19:49:04,921 | INFO | Found 3 sitemap(s).
2026-07-31 19:49:04,922 | INFO | 
2026-07-31 19:49:04,922 | INFO | ============================================================
2026-07-31 19:49:04,922 | INFO | DISCOVERING WEBSITE PAGES
2026-07-31 19:49:04,922 | INFO | ============================================================
2026-07-31 19:49:04,922 | INFO | Downloading child sitemap : https://necs-legal.com/wp-sitemap-posts-post-1.xml
2026-07-31 19:49:06,022 | INFO | Child sitemap downloaded successfully.
2026-07-31 19:49:06,025 | INFO | Parsing child sitemap...
2026-07-31 19:49:06,025 | INFO | Found 1 page(s).
2026-07-31 19:49:06,026 | INFO | Found 2 page(s).
2026-07-31 19:49:06,026 | INFO | Found 3 page(s).
2026-07-31 19:49:06,026 | INFO | Found 4 page(s).
2026-07-31 19:49:06,026 | INFO | Found 5 page(s).
2026-07-31 19:49:06,026 | INFO | Found 6 page(s).
2026-07-31 19:49:06,026 | INFO | Total pages discovered : 12
2026-07-31 19:49:06,027 | INFO | Downloading child sitemap : https://necs-legal.com/wp-sitemap-posts-page-1.xml
2026-07-31 19:49:07,068 | INFO | Child sitemap downloaded successfully.
2026-07-31 19:49:07,071 | INFO | Parsing child sitemap...
2026-07-31 19:49:07,072 | INFO | Found 1 page(s).
2026-07-31 19:49:07,072 | INFO | Found 2 page(s).
2026-07-31 19:49:07,072 | INFO | Found 3 page(s).
2026-07-31 19:49:07,073 | INFO | Found 4 page(s).
2026-07-31 19:49:07,073 | INFO | Found 5 page(s).
2026-07-31 19:49:07,073 | INFO | Found 6 page(s).
2026-07-31 19:49:07,073 | INFO | Found 7 page(s).
2026-07-31 19:49:07,073 | INFO | Found 8 page(s).
2026-07-31 19:49:07,073 | INFO | Found 9 page(s).
2026-07-31 19:49:07,073 | INFO | Found 10 page(s).
2026-07-31 19:49:07,073 | INFO | Found 11 page(s).
2026-07-31 19:49:07,073 | INFO | Found 12 page(s).
2026-07-31 19:49:07,073 | INFO | Found 13 page(s).
2026-07-31 19:49:07,073 | INFO | Found 14 page(s).
2026-07-31 19:49:07,073 | INFO | Total pages discovered : 40
2026-07-31 19:49:07,073 | INFO | Downloading child sitemap : https://necs-legal.com/wp-sitemap-taxonomies-category-1.xml
2026-07-31 19:49:08,400 | INFO | Child sitemap downloaded successfully.
2026-07-31 19:49:08,403 | INFO | Parsing child sitemap...
2026-07-31 19:49:08,403 | INFO | Found 1 page(s).
2026-07-31 19:49:08,403 | INFO | Found 2 page(s).
2026-07-31 19:49:08,403 | INFO | Found 3 page(s).
2026-07-31 19:49:08,403 | INFO | Found 4 page(s).
2026-07-31 19:49:08,403 | INFO | Total pages discovered : 48
2026-07-31 19:49:08,403 | INFO | Downloading sitemap...
2026-07-31 19:49:09,731 | INFO | Sitemap downloaded successfully.
2026-07-31 19:49:09,733 | INFO | Parsing sitemap...
2026-07-31 19:49:09,735 | INFO | Found 1 sitemap(s).
2026-07-31 19:49:09,735 | INFO | Found 2 sitemap(s).
2026-07-31 19:49:09,735 | INFO | Found 3 sitemap(s).
2026-07-31 19:49:09,735 | INFO | 
2026-07-31 19:49:09,735 | INFO | ============================================================
2026-07-31 19:49:09,735 | INFO | DISCOVERING WEBSITE PAGES
2026-07-31 19:49:09,736 | INFO | ============================================================
2026-07-31 19:49:09,736 | INFO | Downloading child sitemap : https://necs-legal.com/wp-sitemap-posts-post-1.xml
2026-07-31 19:49:10,755 | INFO | Child sitemap downloaded successfully.
2026-07-31 19:49:10,758 | INFO | Parsing child sitemap...
2026-07-31 19:49:10,759 | INFO | Found 1 page(s).
2026-07-31 19:49:10,759 | INFO | Found 2 page(s).
2026-07-31 19:49:10,760 | INFO | Found 3 page(s).
2026-07-31 19:49:10,760 | INFO | Found 4 page(s).
2026-07-31 19:49:10,760 | INFO | Found 5 page(s).
2026-07-31 19:49:10,760 | INFO | Found 6 page(s).
2026-07-31 19:49:10,760 | INFO | Total pages discovered : 12
2026-07-31 19:49:10,760 | INFO | Downloading child sitemap : https://necs-legal.com/wp-sitemap-posts-page-1.xml
2026-07-31 19:49:11,779 | INFO | Child sitemap downloaded successfully.
2026-07-31 19:49:11,781 | INFO | Parsing child sitemap...
2026-07-31 19:49:11,782 | INFO | Found 1 page(s).
2026-07-31 19:49:11,783 | INFO | Found 2 page(s).
2026-07-31 19:49:11,783 | INFO | Found 3 page(s).
2026-07-31 19:49:11,783 | INFO | Found 4 page(s).
2026-07-31 19:49:11,783 | INFO | Found 5 page(s).
2026-07-31 19:49:11,783 | INFO | Found 6 page(s).
2026-07-31 19:49:11,783 | INFO | Found 7 page(s).
2026-07-31 19:49:11,783 | INFO | Found 8 page(s).
2026-07-31 19:49:11,783 | INFO | Found 9 page(s).
2026-07-31 19:49:11,783 | INFO | Found 10 page(s).
2026-07-31 19:49:11,783 | INFO | Found 11 page(s).
2026-07-31 19:49:11,783 | INFO | Found 12 page(s).
2026-07-31 19:49:11,783 | INFO | Found 13 page(s).
2026-07-31 19:49:11,783 | INFO | Found 14 page(s).
2026-07-31 19:49:11,783 | INFO | Total pages discovered : 40
2026-07-31 19:49:11,784 | INFO | Downloading child sitemap : https://necs-legal.com/wp-sitemap-taxonomies-category-1.xml
2026-07-31 19:49:12,803 | INFO | Child sitemap downloaded successfully.
2026-07-31 19:49:12,806 | INFO | Parsing child sitemap...
2026-07-31 19:49:12,806 | INFO | Found 1 page(s).
2026-07-31 19:49:12,807 | INFO | Found 2 page(s).
2026-07-31 19:49:12,807 | INFO | Found 3 page(s).
2026-07-31 19:49:12,807 | INFO | Found 4 page(s).
2026-07-31 19:49:12,807 | INFO | Total pages discovered : 48
2026-07-31 19:49:12,807 | INFO | Downloading sitemap...
2026-07-31 19:49:14,134 | INFO | Sitemap downloaded successfully.
2026-07-31 19:49:14,136 | INFO | Parsing sitemap...
2026-07-31 19:49:14,138 | INFO | Found 1 sitemap(s).
2026-07-31 19:49:14,138 | INFO | Found 2 sitemap(s).
2026-07-31 19:49:14,138 | INFO | Found 3 sitemap(s).
2026-07-31 19:49:14,139 | INFO | 
2026-07-31 19:49:14,139 | INFO | ============================================================
2026-07-31 19:49:14,139 | INFO | DISCOVERING WEBSITE PAGES
2026-07-31 19:49:14,139 | INFO | ============================================================
2026-07-31 19:49:14,139 | INFO | Downloading child sitemap : https://necs-legal.com/wp-sitemap-posts-post-1.xml
2026-07-31 19:49:15,056 | INFO | Child sitemap downloaded successfully.
2026-07-31 19:49:15,058 | INFO | Parsing child sitemap...
2026-07-31 19:49:15,061 | INFO | Found 1 page(s).
2026-07-31 19:49:15,061 | INFO | Found 2 page(s).
2026-07-31 19:49:15,061 | INFO | Found 3 page(s).
2026-07-31 19:49:15,061 | INFO | Found 4 page(s).
2026-07-31 19:49:15,061 | INFO | Found 5 page(s).
2026-07-31 19:49:15,061 | INFO | Found 6 page(s).
2026-07-31 19:49:15,061 | INFO | Total pages discovered : 12
2026-07-31 19:49:15,061 | INFO | Downloading child sitemap : https://necs-legal.com/wp-sitemap-posts-page-1.xml
2026-07-31 19:49:16,182 | INFO | Child sitemap downloaded successfully.
2026-07-31 19:49:16,185 | INFO | Parsing child sitemap...
2026-07-31 19:49:16,185 | INFO | Found 1 page(s).
2026-07-31 19:49:16,186 | INFO | Found 2 page(s).
2026-07-31 19:49:16,186 | INFO | Found 3 page(s).
2026-07-31 19:49:16,186 | INFO | Found 4 page(s).
2026-07-31 19:49:16,186 | INFO | Found 5 page(s).
2026-07-31 19:49:16,186 | INFO | Found 6 page(s).
2026-07-31 19:49:16,186 | INFO | Found 7 page(s).
2026-07-31 19:49:16,187 | INFO | Found 8 page(s).
2026-07-31 19:49:16,187 | INFO | Found 9 page(s).
2026-07-31 19:49:16,187 | INFO | Found 10 page(s).
2026-07-31 19:49:16,187 | INFO | Found 11 page(s).
2026-07-31 19:49:16,187 | INFO | Found 12 page(s).
2026-07-31 19:49:16,187 | INFO | Found 13 page(s).
2026-07-31 19:49:16,187 | INFO | Found 14 page(s).
2026-07-31 19:49:16,187 | INFO | Total pages discovered : 40
2026-07-31 19:49:16,187 | INFO | Downloading child sitemap : https://necs-legal.com/wp-sitemap-taxonomies-category-1.xml
2026-07-31 19:49:17,309 | INFO | Child sitemap downloaded successfully.
2026-07-31 19:49:17,311 | INFO | Parsing child sitemap...
2026-07-31 19:49:17,312 | INFO | Found 1 page(s).
2026-07-31 19:49:17,312 | INFO | Found 2 page(s).
2026-07-31 19:49:17,312 | INFO | Found 3 page(s).
2026-07-31 19:49:17,313 | INFO | Found 4 page(s).
2026-07-31 19:49:17,313 | INFO | Total pages discovered : 48
2026-07-31 19:49:17,313 | INFO | Downloading sitemap...
2026-07-31 19:49:18,613 | INFO | Sitemap downloaded successfully.
2026-07-31 19:49:18,616 | INFO | Parsing sitemap...
2026-07-31 19:49:18,617 | INFO | Found 1 sitemap(s).
2026-07-31 19:49:18,617 | INFO | Found 2 sitemap(s).
2026-07-31 19:49:18,617 | INFO | Found 3 sitemap(s).
2026-07-31 19:49:18,617 | INFO | 
2026-07-31 19:49:18,617 | INFO | ============================================================
2026-07-31 19:49:18,618 | INFO | DISCOVERING WEBSITE PAGES
2026-07-31 19:49:18,618 | INFO | ============================================================
2026-07-31 19:49:18,618 | INFO | Downloading child sitemap : https://necs-legal.com/wp-sitemap-posts-post-1.xml
2026-07-31 19:49:19,664 | INFO | Child sitemap downloaded successfully.
2026-07-31 19:49:19,666 | INFO | Parsing child sitemap...
2026-07-31 19:49:19,667 | INFO | Found 1 page(s).
2026-07-31 19:49:19,668 | INFO | Found 2 page(s).
2026-07-31 19:49:19,668 | INFO | Found 3 page(s).
2026-07-31 19:49:19,668 | INFO | Found 4 page(s).
2026-07-31 19:49:19,668 | INFO | Found 5 page(s).
2026-07-31 19:49:19,668 | INFO | Found 6 page(s).
2026-07-31 19:49:19,669 | INFO | Total pages discovered : 12
2026-07-31 19:49:19,669 | INFO | Downloading child sitemap : https://necs-legal.com/wp-sitemap-posts-page-1.xml
2026-07-31 19:49:21,030 | INFO | Child sitemap downloaded successfully.
2026-07-31 19:49:21,033 | INFO | Parsing child sitemap...
2026-07-31 19:49:21,034 | INFO | Found 1 page(s).
2026-07-31 19:49:21,034 | INFO | Found 2 page(s).
2026-07-31 19:49:21,034 | INFO | Found 3 page(s).
2026-07-31 19:49:21,034 | INFO | Found 4 page(s).
2026-07-31 19:49:21,035 | INFO | Found 5 page(s).
2026-07-31 19:49:21,035 | INFO | Found 6 page(s).
2026-07-31 19:49:21,035 | INFO | Found 7 page(s).
2026-07-31 19:49:21,035 | INFO | Found 8 page(s).
2026-07-31 19:49:21,035 | INFO | Found 9 page(s).
2026-07-31 19:49:21,035 | INFO | Found 10 page(s).
2026-07-31 19:49:21,035 | INFO | Found 11 page(s).
2026-07-31 19:49:21,036 | INFO | Found 12 page(s).
2026-07-31 19:49:21,036 | INFO | Found 13 page(s).
2026-07-31 19:49:21,036 | INFO | Found 14 page(s).
2026-07-31 19:49:21,036 | INFO | Total pages discovered : 40
2026-07-31 19:49:21,036 | INFO | Downloading child sitemap : https://necs-legal.com/wp-sitemap-taxonomies-category-1.xml
2026-07-31 19:49:22,019 | INFO | Child sitemap downloaded successfully.
2026-07-31 19:49:22,022 | INFO | Parsing child sitemap...
2026-07-31 19:49:22,023 | INFO | Found 1 page(s).
2026-07-31 19:49:22,023 | INFO | Found 2 page(s).
2026-07-31 19:49:22,023 | INFO | Found 3 page(s).
2026-07-31 19:49:22,023 | INFO | Found 4 page(s).
2026-07-31 19:49:22,024 | INFO | Total pages discovered : 48
2026-07-31 19:49:22,024 | INFO | Downloading sitemap...
2026-07-31 19:49:23,351 | INFO | Sitemap downloaded successfully.
2026-07-31 19:49:23,353 | INFO | Parsing sitemap...
2026-07-31 19:49:23,356 | INFO | Found 1 sitemap(s).
2026-07-31 19:49:23,356 | INFO | Found 2 sitemap(s).
2026-07-31 19:49:23,356 | INFO | Found 3 sitemap(s).
2026-07-31 19:49:23,356 | INFO | 
2026-07-31 19:49:23,356 | INFO | ============================================================
2026-07-31 19:49:23,356 | INFO | DISCOVERING WEBSITE PAGES
2026-07-31 19:49:23,356 | INFO | ============================================================
2026-07-31 19:49:23,356 | INFO | Downloading child sitemap : https://necs-legal.com/wp-sitemap-posts-post-1.xml
2026-07-31 19:49:24,477 | INFO | Child sitemap downloaded successfully.
2026-07-31 19:49:24,480 | INFO | Parsing child sitemap...
2026-07-31 19:49:24,480 | INFO | Found 1 page(s).
2026-07-31 19:49:24,481 | INFO | Found 2 page(s).
2026-07-31 19:49:24,481 | INFO | Found 3 page(s).
2026-07-31 19:49:24,481 | INFO | Found 4 page(s).
2026-07-31 19:49:24,481 | INFO | Found 5 page(s).
2026-07-31 19:49:24,481 | INFO | Found 6 page(s).
2026-07-31 19:49:24,481 | INFO | Total pages discovered : 12
2026-07-31 19:49:24,482 | INFO | Downloading child sitemap : https://necs-legal.com/wp-sitemap-posts-page-1.xml
2026-07-31 19:49:25,501 | INFO | Child sitemap downloaded successfully.
2026-07-31 19:49:25,503 | INFO | Parsing child sitemap...
2026-07-31 19:49:25,504 | INFO | Found 1 page(s).
2026-07-31 19:49:25,504 | INFO | Found 2 page(s).
2026-07-31 19:49:25,504 | INFO | Found 3 page(s).
2026-07-31 19:49:25,504 | INFO | Found 4 page(s).
2026-07-31 19:49:25,504 | INFO | Found 5 page(s).
2026-07-31 19:49:25,504 | INFO | Found 6 page(s).
2026-07-31 19:49:25,504 | INFO | Found 7 page(s).
2026-07-31 19:49:25,504 | INFO | Found 8 page(s).
2026-07-31 19:49:25,504 | INFO | Found 9 page(s).
2026-07-31 19:49:25,504 | INFO | Found 10 page(s).
2026-07-31 19:49:25,505 | INFO | Found 11 page(s).
2026-07-31 19:49:25,505 | INFO | Found 12 page(s).
2026-07-31 19:49:25,505 | INFO | Found 13 page(s).
2026-07-31 19:49:25,505 | INFO | Found 14 page(s).
2026-07-31 19:49:25,505 | INFO | Total pages discovered : 40
2026-07-31 19:49:25,505 | INFO | Downloading child sitemap : https://necs-legal.com/wp-sitemap-taxonomies-category-1.xml
2026-07-31 19:49:26,832 | INFO | Child sitemap downloaded successfully.
2026-07-31 19:49:26,835 | INFO | Parsing child sitemap...
2026-07-31 19:49:26,836 | INFO | Found 1 page(s).
2026-07-31 19:49:26,836 | INFO | Found 2 page(s).
2026-07-31 19:49:26,836 | INFO | Found 3 page(s).
2026-07-31 19:49:26,836 | INFO | Found 4 page(s).
2026-07-31 19:49:26,836 | INFO | Total pages discovered : 48
2026-07-31 19:49:26,837 | INFO | Downloading sitemap...
2026-07-31 19:49:28,164 | INFO | Sitemap downloaded successfully.
2026-07-31 19:49:28,167 | INFO | Parsing sitemap...
2026-07-31 19:49:28,167 | INFO | Found 1 sitemap(s).
2026-07-31 19:49:28,168 | INFO | Found 2 sitemap(s).
2026-07-31 19:49:28,168 | INFO | Found 3 sitemap(s).
2026-07-31 19:49:28,168 | INFO | 
2026-07-31 19:49:28,168 | INFO | ============================================================
2026-07-31 19:49:28,168 | INFO | DISCOVERING WEBSITE PAGES
2026-07-31 19:49:28,168 | INFO | ============================================================
2026-07-31 19:49:28,168 | INFO | Downloading child sitemap : https://necs-legal.com/wp-sitemap-posts-post-1.xml
2026-07-31 19:49:29,290 | INFO | Child sitemap downloaded successfully.
2026-07-31 19:49:29,292 | INFO | Parsing child sitemap...
2026-07-31 19:49:29,293 | INFO | Found 1 page(s).
2026-07-31 19:49:29,294 | INFO | Found 2 page(s).
2026-07-31 19:49:29,294 | INFO | Found 3 page(s).
2026-07-31 19:49:29,294 | INFO | Found 4 page(s).
2026-07-31 19:49:29,294 | INFO | Found 5 page(s).
2026-07-31 19:49:29,294 | INFO | Found 6 page(s).
2026-07-31 19:49:29,294 | INFO | Total pages discovered : 12
2026-07-31 19:49:29,294 | INFO | Downloading child sitemap : https://necs-legal.com/wp-sitemap-posts-page-1.xml
2026-07-31 19:49:30,314 | INFO | Child sitemap downloaded successfully.
2026-07-31 19:49:30,317 | INFO | Parsing child sitemap...
2026-07-31 19:49:30,318 | INFO | Found 1 page(s).
2026-07-31 19:49:30,318 | INFO | Found 2 page(s).
2026-07-31 19:49:30,318 | INFO | Found 3 page(s).
2026-07-31 19:49:30,318 | INFO | Found 4 page(s).
2026-07-31 19:49:30,318 | INFO | Found 5 page(s).
2026-07-31 19:49:30,318 | INFO | Found 6 page(s).
2026-07-31 19:49:30,318 | INFO | Found 7 page(s).
2026-07-31 19:49:30,318 | INFO | Found 8 page(s).
2026-07-31 19:49:30,318 | INFO | Found 9 page(s).
2026-07-31 19:49:30,318 | INFO | Found 10 page(s).
2026-07-31 19:49:30,318 | INFO | Found 11 page(s).
2026-07-31 19:49:30,318 | INFO | Found 12 page(s).
2026-07-31 19:49:30,319 | INFO | Found 13 page(s).
2026-07-31 19:49:30,319 | INFO | Found 14 page(s).
2026-07-31 19:49:30,319 | INFO | Total pages discovered : 40
2026-07-31 19:49:30,319 | INFO | Downloading child sitemap : https://necs-legal.com/wp-sitemap-taxonomies-category-1.xml
2026-07-31 19:49:31,441 | INFO | Child sitemap downloaded successfully.
2026-07-31 19:49:31,443 | INFO | Parsing child sitemap...
2026-07-31 19:49:31,445 | INFO | Found 1 page(s).
2026-07-31 19:49:31,445 | INFO | Found 2 page(s).
2026-07-31 19:49:31,445 | INFO | Found 3 page(s).
2026-07-31 19:49:31,445 | INFO | Found 4 page(s).
2026-07-31 19:49:31,445 | INFO | Total pages discovered : 48
2026-07-31 19:49:31,445 | INFO | Downloading sitemap...
2026-07-31 19:49:32,977 | INFO | Sitemap downloaded successfully.
2026-07-31 19:49:32,980 | INFO | Parsing sitemap...
2026-07-31 19:49:32,980 | INFO | Found 1 sitemap(s).
2026-07-31 19:49:32,981 | INFO | Found 2 sitemap(s).
2026-07-31 19:49:32,981 | INFO | Found 3 sitemap(s).
2026-07-31 19:49:32,981 | INFO | 
2026-07-31 19:49:32,981 | INFO | ============================================================
2026-07-31 19:49:32,981 | INFO | DISCOVERING WEBSITE PAGES
2026-07-31 19:49:32,981 | INFO | ============================================================
2026-07-31 19:49:32,981 | INFO | Downloading child sitemap : https://necs-legal.com/wp-sitemap-posts-post-1.xml
2026-07-31 19:49:34,001 | INFO | Child sitemap downloaded successfully.
2026-07-31 19:49:34,003 | INFO | Parsing child sitemap...
2026-07-31 19:49:34,004 | INFO | Found 1 page(s).
2026-07-31 19:49:34,004 | INFO | Found 2 page(s).
2026-07-31 19:49:34,005 | INFO | Found 3 page(s).
2026-07-31 19:49:34,005 | INFO | Found 4 page(s).
2026-07-31 19:49:34,005 | INFO | Found 5 page(s).
2026-07-31 19:49:34,005 | INFO | Found 6 page(s).
2026-07-31 19:49:34,005 | INFO | Total pages discovered : 12
2026-07-31 19:49:34,005 | INFO | Downloading child sitemap : https://necs-legal.com/wp-sitemap-posts-page-1.xml
2026-07-31 19:49:35,007 | INFO | Child sitemap downloaded successfully.
2026-07-31 19:49:35,009 | INFO | Parsing child sitemap...
2026-07-31 19:49:35,010 | INFO | Found 1 page(s).
2026-07-31 19:49:35,011 | INFO | Found 2 page(s).
2026-07-31 19:49:35,011 | INFO | Found 3 page(s).
2026-07-31 19:49:35,011 | INFO | Found 4 page(s).
2026-07-31 19:49:35,011 | INFO | Found 5 page(s).
2026-07-31 19:49:35,011 | INFO | Found 6 page(s).
2026-07-31 19:49:35,012 | INFO | Found 7 page(s).
2026-07-31 19:49:35,012 | INFO | Found 8 page(s).
2026-07-31 19:49:35,012 | INFO | Found 9 page(s).
2026-07-31 19:49:35,012 | INFO | Found 10 page(s).
2026-07-31 19:49:35,012 | INFO | Found 11 page(s).
2026-07-31 19:49:35,012 | INFO | Found 12 page(s).
2026-07-31 19:49:35,012 | INFO | Found 13 page(s).
2026-07-31 19:49:35,013 | INFO | Found 14 page(s).
2026-07-31 19:49:35,013 | INFO | Total pages discovered : 40
2026-07-31 19:49:35,013 | INFO | Downloading child sitemap : https://necs-legal.com/wp-sitemap-taxonomies-category-1.xml
2026-07-31 19:49:36,030 | INFO | Child sitemap downloaded successfully.
2026-07-31 19:49:36,032 | INFO | Parsing child sitemap...
2026-07-31 19:49:36,033 | INFO | Found 1 page(s).
2026-07-31 19:49:36,033 | INFO | Found 2 page(s).
2026-07-31 19:49:36,033 | INFO | Found 3 page(s).
2026-07-31 19:49:36,033 | INFO | Found 4 page(s).
2026-07-31 19:49:36,033 | INFO | Total pages discovered : 48
2026-07-31 19:49:36,033 | INFO | Downloading sitemap...
2026-07-31 19:49:37,380 | INFO | Sitemap downloaded successfully.
2026-07-31 19:49:37,382 | INFO | Parsing sitemap...
2026-07-31 19:49:37,383 | INFO | Found 1 sitemap(s).
2026-07-31 19:49:37,383 | INFO | Found 2 sitemap(s).
2026-07-31 19:49:37,384 | INFO | Found 3 sitemap(s).
2026-07-31 19:49:37,384 | INFO | 
2026-07-31 19:49:37,384 | INFO | ============================================================
2026-07-31 19:49:37,384 | INFO | DISCOVERING WEBSITE PAGES
2026-07-31 19:49:37,384 | INFO | ============================================================
2026-07-31 19:49:37,384 | INFO | Downloading child sitemap : https://necs-legal.com/wp-sitemap-posts-post-1.xml
2026-07-31 19:49:38,404 | INFO | Child sitemap downloaded successfully.
2026-07-31 19:49:38,407 | INFO | Parsing child sitemap...
2026-07-31 19:49:38,408 | INFO | Found 1 page(s).
2026-07-31 19:49:38,408 | INFO | Found 2 page(s).
2026-07-31 19:49:38,408 | INFO | Found 3 page(s).
2026-07-31 19:49:38,408 | INFO | Found 4 page(s).
2026-07-31 19:49:38,408 | INFO | Found 5 page(s).
2026-07-31 19:49:38,409 | INFO | Found 6 page(s).
2026-07-31 19:49:38,409 | INFO | Total pages discovered : 12
2026-07-31 19:49:38,409 | INFO | Downloading child sitemap : https://necs-legal.com/wp-sitemap-posts-page-1.xml
2026-07-31 19:49:39,396 | INFO | Child sitemap downloaded successfully.
2026-07-31 19:49:39,399 | INFO | Parsing child sitemap...
2026-07-31 19:49:39,402 | INFO | Found 1 page(s).
2026-07-31 19:49:39,402 | INFO | Found 2 page(s).
2026-07-31 19:49:39,402 | INFO | Found 3 page(s).
2026-07-31 19:49:39,402 | INFO | Found 4 page(s).
2026-07-31 19:49:39,402 | INFO | Found 5 page(s).
2026-07-31 19:49:39,403 | INFO | Found 6 page(s).
2026-07-31 19:49:39,403 | INFO | Found 7 page(s).
2026-07-31 19:49:39,403 | INFO | Found 8 page(s).
2026-07-31 19:49:39,403 | INFO | Found 9 page(s).
2026-07-31 19:49:39,403 | INFO | Found 10 page(s).
2026-07-31 19:49:39,403 | INFO | Found 11 page(s).
2026-07-31 19:49:39,404 | INFO | Found 12 page(s).
2026-07-31 19:49:39,404 | INFO | Found 13 page(s).
2026-07-31 19:49:39,404 | INFO | Found 14 page(s).
2026-07-31 19:49:39,404 | INFO | Total pages discovered : 40
2026-07-31 19:49:39,405 | INFO | Downloading child sitemap : https://necs-legal.com/wp-sitemap-taxonomies-category-1.xml
2026-07-31 19:49:40,555 | INFO | Child sitemap downloaded successfully.
2026-07-31 19:49:40,557 | INFO | Parsing child sitemap...
2026-07-31 19:49:40,558 | INFO | Found 1 page(s).
2026-07-31 19:49:40,558 | INFO | Found 2 page(s).
2026-07-31 19:49:40,559 | INFO | Found 3 page(s).
2026-07-31 19:49:40,559 | INFO | Found 4 page(s).
2026-07-31 19:49:40,559 | INFO | Total pages discovered : 48
2026-07-31 19:49:40,559 | INFO | Downloading sitemap...
2026-07-31 19:49:41,988 | INFO | Sitemap downloaded successfully.
2026-07-31 19:49:41,991 | INFO | Parsing sitemap...
2026-07-31 19:49:41,992 | INFO | Found 1 sitemap(s).
2026-07-31 19:49:41,992 | INFO | Found 2 sitemap(s).
2026-07-31 19:49:41,992 | INFO | Found 3 sitemap(s).
2026-07-31 19:49:41,992 | INFO | 
2026-07-31 19:49:41,993 | INFO | ============================================================
2026-07-31 19:49:41,993 | INFO | DISCOVERING WEBSITE PAGES
2026-07-31 19:49:41,993 | INFO | ============================================================
2026-07-31 19:49:41,993 | INFO | Downloading child sitemap : https://necs-legal.com/wp-sitemap-posts-post-1.xml
2026-07-31 19:49:43,012 | INFO | Child sitemap downloaded successfully.
2026-07-31 19:49:43,014 | INFO | Parsing child sitemap...
2026-07-31 19:49:43,015 | INFO | Found 1 page(s).
2026-07-31 19:49:43,016 | INFO | Found 2 page(s).
2026-07-31 19:49:43,016 | INFO | Found 3 page(s).
2026-07-31 19:49:43,016 | INFO | Found 4 page(s).
2026-07-31 19:49:43,016 | INFO | Found 5 page(s).
2026-07-31 19:49:43,016 | INFO | Found 6 page(s).
2026-07-31 19:49:43,017 | INFO | Total pages discovered : 12
2026-07-31 19:49:43,017 | INFO | Downloading child sitemap : https://necs-legal.com/wp-sitemap-posts-page-1.xml
2026-07-31 19:49:43,958 | INFO | Child sitemap downloaded successfully.
2026-07-31 19:49:43,960 | INFO | Parsing child sitemap...
2026-07-31 19:49:43,961 | INFO | Found 1 page(s).
2026-07-31 19:49:43,961 | INFO | Found 2 page(s).
2026-07-31 19:49:43,961 | INFO | Found 3 page(s).
2026-07-31 19:49:43,962 | INFO | Found 4 page(s).
2026-07-31 19:49:43,962 | INFO | Found 5 page(s).
2026-07-31 19:49:43,962 | INFO | Found 6 page(s).
2026-07-31 19:49:43,962 | INFO | Found 7 page(s).
2026-07-31 19:49:43,962 | INFO | Found 8 page(s).
2026-07-31 19:49:43,962 | INFO | Found 9 page(s).
2026-07-31 19:49:43,962 | INFO | Found 10 page(s).
2026-07-31 19:49:43,962 | INFO | Found 11 page(s).
2026-07-31 19:49:43,962 | INFO | Found 12 page(s).
2026-07-31 19:49:43,962 | INFO | Found 13 page(s).
2026-07-31 19:49:43,962 | INFO | Found 14 page(s).
2026-07-31 19:49:43,962 | INFO | Total pages discovered : 40
2026-07-31 19:49:43,962 | INFO | Downloading child sitemap : https://necs-legal.com/wp-sitemap-taxonomies-category-1.xml
2026-07-31 19:49:45,163 | INFO | Child sitemap downloaded successfully.
2026-07-31 19:49:45,166 | INFO | Parsing child sitemap...
2026-07-31 19:49:45,168 | INFO | Found 1 page(s).
2026-07-31 19:49:45,168 | INFO | Found 2 page(s).
2026-07-31 19:49:45,168 | INFO | Found 3 page(s).
2026-07-31 19:49:45,168 | INFO | Found 4 page(s).
2026-07-31 19:49:45,168 | INFO | Total pages discovered : 48
2026-07-31 19:49:45,168 | INFO | Downloading sitemap...
2026-07-31 19:49:46,596 | INFO | Sitemap downloaded successfully.
2026-07-31 19:49:46,599 | INFO | Parsing sitemap...
2026-07-31 19:49:46,600 | INFO | Found 1 sitemap(s).
2026-07-31 19:49:46,600 | INFO | Found 2 sitemap(s).
2026-07-31 19:49:46,600 | INFO | Found 3 sitemap(s).
2026-07-31 19:49:46,600 | INFO | 
2026-07-31 19:49:46,600 | INFO | ============================================================
2026-07-31 19:49:46,601 | INFO | DISCOVERING WEBSITE PAGES
2026-07-31 19:49:46,601 | INFO | ============================================================
2026-07-31 19:49:46,601 | INFO | Downloading child sitemap : https://necs-legal.com/wp-sitemap-posts-post-1.xml
2026-07-31 19:49:47,620 | INFO | Child sitemap downloaded successfully.
2026-07-31 19:49:47,623 | INFO | Parsing child sitemap...
2026-07-31 19:49:47,625 | INFO | Found 1 page(s).
2026-07-31 19:49:47,625 | INFO | Found 2 page(s).
2026-07-31 19:49:47,625 | INFO | Found 3 page(s).
2026-07-31 19:49:47,625 | INFO | Found 4 page(s).
2026-07-31 19:49:47,625 | INFO | Found 5 page(s).
2026-07-31 19:49:47,626 | INFO | Found 6 page(s).
2026-07-31 19:49:47,626 | INFO | Total pages discovered : 12
2026-07-31 19:49:47,626 | INFO | Downloading child sitemap : https://necs-legal.com/wp-sitemap-posts-page-1.xml
2026-07-31 19:49:48,645 | INFO | Child sitemap downloaded successfully.
2026-07-31 19:49:48,648 | INFO | Parsing child sitemap...
2026-07-31 19:49:48,649 | INFO | Found 1 page(s).
2026-07-31 19:49:48,649 | INFO | Found 2 page(s).
2026-07-31 19:49:48,649 | INFO | Found 3 page(s).
2026-07-31 19:49:48,650 | INFO | Found 4 page(s).
2026-07-31 19:49:48,650 | INFO | Found 5 page(s).
2026-07-31 19:49:48,650 | INFO | Found 6 page(s).
2026-07-31 19:49:48,650 | INFO | Found 7 page(s).
2026-07-31 19:49:48,650 | INFO | Found 8 page(s).
2026-07-31 19:49:48,650 | INFO | Found 9 page(s).
2026-07-31 19:49:48,650 | INFO | Found 10 page(s).
2026-07-31 19:49:48,650 | INFO | Found 11 page(s).
2026-07-31 19:49:48,651 | INFO | Found 12 page(s).
2026-07-31 19:49:48,651 | INFO | Found 13 page(s).
2026-07-31 19:49:48,651 | INFO | Found 14 page(s).
2026-07-31 19:49:48,651 | INFO | Total pages discovered : 40
2026-07-31 19:49:48,651 | INFO | Downloading child sitemap : https://necs-legal.com/wp-sitemap-taxonomies-category-1.xml
2026-07-31 19:49:49,668 | INFO | Child sitemap downloaded successfully.
2026-07-31 19:49:49,672 | INFO | Parsing child sitemap...
2026-07-31 19:49:49,672 | INFO | Found 1 page(s).
2026-07-31 19:49:49,672 | INFO | Found 2 page(s).
2026-07-31 19:49:49,673 | INFO | Found 3 page(s).
2026-07-31 19:49:49,673 | INFO | Found 4 page(s).
2026-07-31 19:49:49,673 | INFO | Total pages discovered : 48
2026-07-31 19:49:49,673 | INFO | Downloading sitemap...
2026-07-31 19:49:51,000 | INFO | Sitemap downloaded successfully.
2026-07-31 19:49:51,004 | INFO | Parsing sitemap...
2026-07-31 19:49:51,005 | INFO | Found 1 sitemap(s).
2026-07-31 19:49:51,005 | INFO | Found 2 sitemap(s).
2026-07-31 19:49:51,005 | INFO | Found 3 sitemap(s).
2026-07-31 19:49:51,005 | INFO | 
2026-07-31 19:49:51,005 | INFO | ============================================================
2026-07-31 19:49:51,005 | INFO | DISCOVERING WEBSITE PAGES
2026-07-31 19:49:51,006 | INFO | ============================================================
2026-07-31 19:49:51,006 | INFO | Downloading child sitemap : https://necs-legal.com/wp-sitemap-posts-post-1.xml
2026-07-31 19:49:51,988 | INFO | Child sitemap downloaded successfully.
2026-07-31 19:49:51,992 | INFO | Parsing child sitemap...
2026-07-31 19:49:51,993 | INFO | Found 1 page(s).
2026-07-31 19:49:51,993 | INFO | Found 2 page(s).
2026-07-31 19:49:51,993 | INFO | Found 3 page(s).
2026-07-31 19:49:51,993 | INFO | Found 4 page(s).
2026-07-31 19:49:51,994 | INFO | Found 5 page(s).
2026-07-31 19:49:51,994 | INFO | Found 6 page(s).
2026-07-31 19:49:51,994 | INFO | Total pages discovered : 12
2026-07-31 19:49:51,994 | INFO | Downloading child sitemap : https://necs-legal.com/wp-sitemap-posts-page-1.xml
2026-07-31 19:49:53,049 | INFO | Child sitemap downloaded successfully.
2026-07-31 19:49:53,052 | INFO | Parsing child sitemap...
2026-07-31 19:49:53,053 | INFO | Found 1 page(s).
2026-07-31 19:49:53,053 | INFO | Found 2 page(s).
2026-07-31 19:49:53,054 | INFO | Found 3 page(s).
2026-07-31 19:49:53,054 | INFO | Found 4 page(s).
2026-07-31 19:49:53,054 | INFO | Found 5 page(s).
2026-07-31 19:49:53,054 | INFO | Found 6 page(s).
2026-07-31 19:49:53,054 | INFO | Found 7 page(s).
2026-07-31 19:49:53,054 | INFO | Found 8 page(s).
2026-07-31 19:49:53,054 | INFO | Found 9 page(s).
2026-07-31 19:49:53,055 | INFO | Found 10 page(s).
2026-07-31 19:49:53,055 | INFO | Found 11 page(s).
2026-07-31 19:49:53,055 | INFO | Found 12 page(s).
2026-07-31 19:49:53,055 | INFO | Found 13 page(s).
2026-07-31 19:49:53,055 | INFO | Found 14 page(s).
2026-07-31 19:49:53,055 | INFO | Total pages discovered : 40
2026-07-31 19:49:53,055 | INFO | Downloading child sitemap : https://necs-legal.com/wp-sitemap-taxonomies-category-1.xml
2026-07-31 19:49:54,174 | INFO | Child sitemap downloaded successfully.
2026-07-31 19:49:54,177 | INFO | Parsing child sitemap...
2026-07-31 19:49:54,177 | INFO | Found 1 page(s).
2026-07-31 19:49:54,178 | INFO | Found 2 page(s).
2026-07-31 19:49:54,178 | INFO | Found 3 page(s).
2026-07-31 19:49:54,178 | INFO | Found 4 page(s).
2026-07-31 19:49:54,178 | INFO | Total pages discovered : 48
2026-07-31 19:49:54,178 | INFO | Downloading sitemap...
2026-07-31 19:49:55,505 | INFO | Sitemap downloaded successfully.
2026-07-31 19:49:55,507 | INFO | Parsing sitemap...
2026-07-31 19:49:55,509 | INFO | Found 1 sitemap(s).
2026-07-31 19:49:55,509 | INFO | Found 2 sitemap(s).
2026-07-31 19:49:55,509 | INFO | Found 3 sitemap(s).
2026-07-31 19:49:55,509 | INFO | 
2026-07-31 19:49:55,509 | INFO | ============================================================
2026-07-31 19:49:55,509 | INFO | DISCOVERING WEBSITE PAGES
2026-07-31 19:49:55,509 | INFO | ============================================================
2026-07-31 19:49:55,509 | INFO | Downloading child sitemap : https://necs-legal.com/wp-sitemap-posts-post-1.xml
2026-07-31 19:49:56,530 | INFO | Child sitemap downloaded successfully.
2026-07-31 19:49:56,532 | INFO | Parsing child sitemap...
2026-07-31 19:49:56,533 | INFO | Found 1 page(s).
2026-07-31 19:49:56,533 | INFO | Found 2 page(s).
2026-07-31 19:49:56,533 | INFO | Found 3 page(s).
2026-07-31 19:49:56,534 | INFO | Found 4 page(s).
2026-07-31 19:49:56,534 | INFO | Found 5 page(s).
2026-07-31 19:49:56,534 | INFO | Found 6 page(s).
2026-07-31 19:49:56,534 | INFO | Total pages discovered : 12
2026-07-31 19:49:56,534 | INFO | Downloading child sitemap : https://necs-legal.com/wp-sitemap-posts-page-1.xml
2026-07-31 19:49:57,554 | INFO | Child sitemap downloaded successfully.
2026-07-31 19:49:57,556 | INFO | Parsing child sitemap...
2026-07-31 19:49:57,557 | INFO | Found 1 page(s).
2026-07-31 19:49:57,558 | INFO | Found 2 page(s).
2026-07-31 19:49:57,558 | INFO | Found 3 page(s).
2026-07-31 19:49:57,558 | INFO | Found 4 page(s).
2026-07-31 19:49:57,558 | INFO | Found 5 page(s).
2026-07-31 19:49:57,558 | INFO | Found 6 page(s).
2026-07-31 19:49:57,558 | INFO | Found 7 page(s).
2026-07-31 19:49:57,559 | INFO | Found 8 page(s).
2026-07-31 19:49:57,559 | INFO | Found 9 page(s).
2026-07-31 19:49:57,559 | INFO | Found 10 page(s).
2026-07-31 19:49:57,559 | INFO | Found 11 page(s).
2026-07-31 19:49:57,559 | INFO | Found 12 page(s).
2026-07-31 19:49:57,560 | INFO | Found 13 page(s).
2026-07-31 19:49:57,560 | INFO | Found 14 page(s).
2026-07-31 19:49:57,560 | INFO | Total pages discovered : 40
2026-07-31 19:49:57,560 | INFO | Downloading child sitemap : https://necs-legal.com/wp-sitemap-taxonomies-category-1.xml
2026-07-31 19:49:58,578 | INFO | Child sitemap downloaded successfully.
2026-07-31 19:49:58,580 | INFO | Parsing child sitemap...
2026-07-31 19:49:58,581 | INFO | Found 1 page(s).
2026-07-31 19:49:58,581 | INFO | Found 2 page(s).
2026-07-31 19:49:58,581 | INFO | Found 3 page(s).
2026-07-31 19:49:58,581 | INFO | Found 4 page(s).
2026-07-31 19:49:58,581 | INFO | Total pages discovered : 48
2026-07-31 19:49:58,582 | INFO | Downloading sitemap...
2026-07-31 19:49:59,888 | INFO | Sitemap downloaded successfully.
2026-07-31 19:49:59,890 | INFO | Parsing sitemap...
2026-07-31 19:49:59,891 | INFO | Found 1 sitemap(s).
2026-07-31 19:49:59,891 | INFO | Found 2 sitemap(s).
2026-07-31 19:49:59,891 | INFO | Found 3 sitemap(s).
2026-07-31 19:49:59,891 | INFO | 
2026-07-31 19:49:59,892 | INFO | ============================================================
2026-07-31 19:49:59,892 | INFO | DISCOVERING WEBSITE PAGES
2026-07-31 19:49:59,892 | INFO | ============================================================
2026-07-31 19:49:59,892 | INFO | Downloading child sitemap : https://necs-legal.com/wp-sitemap-posts-post-1.xml
2026-07-31 19:50:01,036 | INFO | Child sitemap downloaded successfully.
2026-07-31 19:50:01,039 | INFO | Parsing child sitemap...
2026-07-31 19:50:01,039 | INFO | Found 1 page(s).
2026-07-31 19:50:01,039 | INFO | Found 2 page(s).
2026-07-31 19:50:01,039 | INFO | Found 3 page(s).
2026-07-31 19:50:01,039 | INFO | Found 4 page(s).
2026-07-31 19:50:01,040 | INFO | Found 5 page(s).
2026-07-31 19:50:01,040 | INFO | Found 6 page(s).
2026-07-31 19:50:01,040 | INFO | Total pages discovered : 12
2026-07-31 19:50:01,040 | INFO | Downloading child sitemap : https://necs-legal.com/wp-sitemap-posts-page-1.xml
2026-07-31 19:50:02,162 | INFO | Child sitemap downloaded successfully.
2026-07-31 19:50:02,164 | INFO | Parsing child sitemap...
2026-07-31 19:50:02,165 | INFO | Found 1 page(s).
2026-07-31 19:50:02,166 | INFO | Found 2 page(s).
2026-07-31 19:50:02,166 | INFO | Found 3 page(s).
2026-07-31 19:50:02,166 | INFO | Found 4 page(s).
2026-07-31 19:50:02,166 | INFO | Found 5 page(s).
2026-07-31 19:50:02,166 | INFO | Found 6 page(s).
2026-07-31 19:50:02,166 | INFO | Found 7 page(s).
2026-07-31 19:50:02,166 | INFO | Found 8 page(s).
2026-07-31 19:50:02,166 | INFO | Found 9 page(s).
2026-07-31 19:50:02,166 | INFO | Found 10 page(s).
2026-07-31 19:50:02,166 | INFO | Found 11 page(s).
2026-07-31 19:50:02,166 | INFO | Found 12 page(s).
2026-07-31 19:50:02,166 | INFO | Found 13 page(s).
2026-07-31 19:50:02,167 | INFO | Found 14 page(s).
2026-07-31 19:50:02,167 | INFO | Total pages discovered : 40
2026-07-31 19:50:02,167 | INFO | Downloading child sitemap : https://necs-legal.com/wp-sitemap-taxonomies-category-1.xml
2026-07-31 19:50:03,186 | INFO | Child sitemap downloaded successfully.
2026-07-31 19:50:03,188 | INFO | Parsing child sitemap...
2026-07-31 19:50:03,190 | INFO | Found 1 page(s).
2026-07-31 19:50:03,190 | INFO | Found 2 page(s).
2026-07-31 19:50:03,190 | INFO | Found 3 page(s).
2026-07-31 19:50:03,190 | INFO | Found 4 page(s).
2026-07-31 19:50:03,190 | INFO | Total pages discovered : 48
2026-07-31 19:50:03,191 | INFO | Downloading sitemap...
2026-07-31 19:50:04,619 | INFO | Sitemap downloaded successfully.
2026-07-31 19:50:04,622 | INFO | Parsing sitemap...
2026-07-31 19:50:04,623 | INFO | Found 1 sitemap(s).
2026-07-31 19:50:04,623 | INFO | Found 2 sitemap(s).
2026-07-31 19:50:04,623 | INFO | Found 3 sitemap(s).
2026-07-31 19:50:04,623 | INFO | 
2026-07-31 19:50:04,623 | INFO | ============================================================
2026-07-31 19:50:04,623 | INFO | DISCOVERING WEBSITE PAGES
2026-07-31 19:50:04,623 | INFO | ============================================================
2026-07-31 19:50:04,624 | INFO | Downloading child sitemap : https://necs-legal.com/wp-sitemap-posts-post-1.xml
2026-07-31 19:50:05,951 | INFO | Child sitemap downloaded successfully.
2026-07-31 19:50:05,954 | INFO | Parsing child sitemap...
2026-07-31 19:50:05,955 | INFO | Found 1 page(s).
2026-07-31 19:50:05,955 | INFO | Found 2 page(s).
2026-07-31 19:50:05,955 | INFO | Found 3 page(s).
2026-07-31 19:50:05,955 | INFO | Found 4 page(s).
2026-07-31 19:50:05,955 | INFO | Found 5 page(s).
2026-07-31 19:50:05,956 | INFO | Found 6 page(s).
2026-07-31 19:50:05,956 | INFO | Total pages discovered : 12
2026-07-31 19:50:05,956 | INFO | Downloading child sitemap : https://necs-legal.com/wp-sitemap-posts-page-1.xml
2026-07-31 19:50:07,077 | INFO | Child sitemap downloaded successfully.
2026-07-31 19:50:07,079 | INFO | Parsing child sitemap...
2026-07-31 19:50:07,081 | INFO | Found 1 page(s).
2026-07-31 19:50:07,081 | INFO | Found 2 page(s).
2026-07-31 19:50:07,081 | INFO | Found 3 page(s).
2026-07-31 19:50:07,081 | INFO | Found 4 page(s).
2026-07-31 19:50:07,081 | INFO | Found 5 page(s).
2026-07-31 19:50:07,082 | INFO | Found 6 page(s).
2026-07-31 19:50:07,082 | INFO | Found 7 page(s).
2026-07-31 19:50:07,082 | INFO | Found 8 page(s).
2026-07-31 19:50:07,082 | INFO | Found 9 page(s).
2026-07-31 19:50:07,082 | INFO | Found 10 page(s).
2026-07-31 19:50:07,083 | INFO | Found 11 page(s).
2026-07-31 19:50:07,083 | INFO | Found 12 page(s).
2026-07-31 19:50:07,083 | INFO | Found 13 page(s).
2026-07-31 19:50:07,083 | INFO | Found 14 page(s).
2026-07-31 19:50:07,083 | INFO | Total pages discovered : 40
2026-07-31 19:50:07,083 | INFO | Downloading child sitemap : https://necs-legal.com/wp-sitemap-taxonomies-category-1.xml
2026-07-31 19:50:08,101 | INFO | Child sitemap downloaded successfully.
2026-07-31 19:50:08,103 | INFO | Parsing child sitemap...
2026-07-31 19:50:08,105 | INFO | Found 1 page(s).
2026-07-31 19:50:08,105 | INFO | Found 2 page(s).
2026-07-31 19:50:08,105 | INFO | Found 3 page(s).
2026-07-31 19:50:08,105 | INFO | Found 4 page(s).
2026-07-31 19:50:08,105 | INFO | Total pages discovered : 48
2026-07-31 19:50:08,105 | INFO | Downloading sitemap...
2026-07-31 19:50:09,534 | INFO | Sitemap downloaded successfully.
2026-07-31 19:50:09,537 | INFO | Parsing sitemap...
2026-07-31 19:50:09,538 | INFO | Found 1 sitemap(s).
2026-07-31 19:50:09,538 | INFO | Found 2 sitemap(s).
2026-07-31 19:50:09,538 | INFO | Found 3 sitemap(s).
2026-07-31 19:50:09,539 | INFO | 
2026-07-31 19:50:09,539 | INFO | ============================================================
2026-07-31 19:50:09,539 | INFO | DISCOVERING WEBSITE PAGES
2026-07-31 19:50:09,539 | INFO | ============================================================
2026-07-31 19:50:09,539 | INFO | Downloading child sitemap : https://necs-legal.com/wp-sitemap-posts-post-1.xml
2026-07-31 19:50:10,559 | INFO | Child sitemap downloaded successfully.
2026-07-31 19:50:10,562 | INFO | Parsing child sitemap...
2026-07-31 19:50:10,563 | INFO | Found 1 page(s).
2026-07-31 19:50:10,563 | INFO | Found 2 page(s).
2026-07-31 19:50:10,563 | INFO | Found 3 page(s).
2026-07-31 19:50:10,563 | INFO | Found 4 page(s).
2026-07-31 19:50:10,563 | INFO | Found 5 page(s).
2026-07-31 19:50:10,564 | INFO | Found 6 page(s).
2026-07-31 19:50:10,564 | INFO | Total pages discovered : 12
2026-07-31 19:50:10,564 | INFO | Downloading child sitemap : https://necs-legal.com/wp-sitemap-posts-page-1.xml
2026-07-31 19:50:11,686 | INFO | Child sitemap downloaded successfully.
2026-07-31 19:50:11,688 | INFO | Parsing child sitemap...
2026-07-31 19:50:11,689 | INFO | Found 1 page(s).
2026-07-31 19:50:11,689 | INFO | Found 2 page(s).
2026-07-31 19:50:11,689 | INFO | Found 3 page(s).
2026-07-31 19:50:11,690 | INFO | Found 4 page(s).
2026-07-31 19:50:11,690 | INFO | Found 5 page(s).
2026-07-31 19:50:11,690 | INFO | Found 6 page(s).
2026-07-31 19:50:11,690 | INFO | Found 7 page(s).
2026-07-31 19:50:11,690 | INFO | Found 8 page(s).
2026-07-31 19:50:11,690 | INFO | Found 9 page(s).
2026-07-31 19:50:11,690 | INFO | Found 10 page(s).
2026-07-31 19:50:11,690 | INFO | Found 11 page(s).
2026-07-31 19:50:11,690 | INFO | Found 12 page(s).
2026-07-31 19:50:11,690 | INFO | Found 13 page(s).
2026-07-31 19:50:11,690 | INFO | Found 14 page(s).
2026-07-31 19:50:11,690 | INFO | Total pages discovered : 40
2026-07-31 19:50:11,690 | INFO | Downloading child sitemap : https://necs-legal.com/wp-sitemap-taxonomies-category-1.xml
2026-07-31 19:50:12,720 | INFO | Child sitemap downloaded successfully.
2026-07-31 19:50:12,723 | INFO | Parsing child sitemap...
2026-07-31 19:50:12,724 | INFO | Found 1 page(s).
2026-07-31 19:50:12,724 | INFO | Found 2 page(s).
2026-07-31 19:50:12,724 | INFO | Found 3 page(s).
2026-07-31 19:50:12,724 | INFO | Found 4 page(s).
2026-07-31 19:50:12,724 | INFO | Total pages discovered : 48
2026-07-31 19:50:12,725 | INFO | Downloading sitemap...
2026-07-31 19:50:14,041 | INFO | Sitemap downloaded successfully.
2026-07-31 19:50:14,043 | INFO | Parsing sitemap...
2026-07-31 19:50:14,044 | INFO | Found 1 sitemap(s).
2026-07-31 19:50:14,045 | INFO | Found 2 sitemap(s).
2026-07-31 19:50:14,045 | INFO | Found 3 sitemap(s).
2026-07-31 19:50:14,045 | INFO | 
2026-07-31 19:50:14,045 | INFO | ============================================================
2026-07-31 19:50:14,045 | INFO | DISCOVERING WEBSITE PAGES
2026-07-31 19:50:14,045 | INFO | ============================================================
2026-07-31 19:50:14,046 | INFO | Downloading child sitemap : https://necs-legal.com/wp-sitemap-posts-post-1.xml
2026-07-31 19:50:15,070 | INFO | Child sitemap downloaded successfully.
2026-07-31 19:50:15,073 | INFO | Parsing child sitemap...
2026-07-31 19:50:15,074 | INFO | Found 1 page(s).
2026-07-31 19:50:15,074 | INFO | Found 2 page(s).
2026-07-31 19:50:15,074 | INFO | Found 3 page(s).
2026-07-31 19:50:15,074 | INFO | Found 4 page(s).
2026-07-31 19:50:15,075 | INFO | Found 5 page(s).
2026-07-31 19:50:15,075 | INFO | Found 6 page(s).
2026-07-31 19:50:15,075 | INFO | Total pages discovered : 12
2026-07-31 19:50:15,075 | INFO | Downloading child sitemap : https://necs-legal.com/wp-sitemap-posts-page-1.xml
2026-07-31 19:50:16,065 | INFO | Child sitemap downloaded successfully.
2026-07-31 19:50:16,067 | INFO | Parsing child sitemap...
2026-07-31 19:50:16,068 | INFO | Found 1 page(s).
2026-07-31 19:50:16,068 | INFO | Found 2 page(s).
2026-07-31 19:50:16,068 | INFO | Found 3 page(s).
2026-07-31 19:50:16,068 | INFO | Found 4 page(s).
2026-07-31 19:50:16,068 | INFO | Found 5 page(s).
2026-07-31 19:50:16,068 | INFO | Found 6 page(s).
2026-07-31 19:50:16,068 | INFO | Found 7 page(s).
2026-07-31 19:50:16,068 | INFO | Found 8 page(s).
2026-07-31 19:50:16,068 | INFO | Found 9 page(s).
2026-07-31 19:50:16,069 | INFO | Found 10 page(s).
2026-07-31 19:50:16,069 | INFO | Found 11 page(s).
2026-07-31 19:50:16,069 | INFO | Found 12 page(s).
2026-07-31 19:50:16,069 | INFO | Found 13 page(s).
2026-07-31 19:50:16,069 | INFO | Found 14 page(s).
2026-07-31 19:50:16,069 | INFO | Total pages discovered : 40
2026-07-31 19:50:16,069 | INFO | Downloading child sitemap : https://necs-legal.com/wp-sitemap-taxonomies-category-1.xml
2026-07-31 19:50:17,215 | INFO | Child sitemap downloaded successfully.
2026-07-31 19:50:17,218 | INFO | Parsing child sitemap...
2026-07-31 19:50:17,219 | INFO | Found 1 page(s).
2026-07-31 19:50:17,220 | INFO | Found 2 page(s).
2026-07-31 19:50:17,220 | INFO | Found 3 page(s).
2026-07-31 19:50:17,220 | INFO | Found 4 page(s).
2026-07-31 19:50:17,220 | INFO | Total pages discovered : 48
2026-07-31 19:50:17,220 | INFO | Downloading sitemap...
2026-07-31 19:50:18,649 | INFO | Sitemap downloaded successfully.
2026-07-31 19:50:18,652 | INFO | Parsing sitemap...
2026-07-31 19:50:18,653 | INFO | Found 1 sitemap(s).
2026-07-31 19:50:18,654 | INFO | Found 2 sitemap(s).
2026-07-31 19:50:18,654 | INFO | Found 3 sitemap(s).
2026-07-31 19:50:18,654 | INFO | 
2026-07-31 19:50:18,654 | INFO | ============================================================
2026-07-31 19:50:18,654 | INFO | DISCOVERING WEBSITE PAGES
2026-07-31 19:50:18,654 | INFO | ============================================================
2026-07-31 19:50:18,654 | INFO | Downloading child sitemap : https://necs-legal.com/wp-sitemap-posts-post-1.xml
2026-07-31 19:50:19,878 | INFO | Child sitemap downloaded successfully.
2026-07-31 19:50:19,882 | INFO | Parsing child sitemap...
2026-07-31 19:50:19,884 | INFO | Found 1 page(s).
2026-07-31 19:50:19,885 | INFO | Found 2 page(s).
2026-07-31 19:50:19,885 | INFO | Found 3 page(s).
2026-07-31 19:50:19,885 | INFO | Found 4 page(s).
2026-07-31 19:50:19,886 | INFO | Found 5 page(s).
2026-07-31 19:50:19,886 | INFO | Found 6 page(s).
2026-07-31 19:50:19,886 | INFO | Total pages discovered : 12
2026-07-31 19:50:19,886 | INFO | Downloading child sitemap : https://necs-legal.com/wp-sitemap-posts-page-1.xml
2026-07-31 19:50:21,210 | INFO | Child sitemap downloaded successfully.
2026-07-31 19:50:21,213 | INFO | Parsing child sitemap...
2026-07-31 19:50:21,214 | INFO | Found 1 page(s).
2026-07-31 19:50:21,214 | INFO | Found 2 page(s).
2026-07-31 19:50:21,215 | INFO | Found 3 page(s).
2026-07-31 19:50:21,215 | INFO | Found 4 page(s).
2026-07-31 19:50:21,215 | INFO | Found 5 page(s).
2026-07-31 19:50:21,215 | INFO | Found 6 page(s).
2026-07-31 19:50:21,215 | INFO | Found 7 page(s).
2026-07-31 19:50:21,215 | INFO | Found 8 page(s).
2026-07-31 19:50:21,215 | INFO | Found 9 page(s).
2026-07-31 19:50:21,216 | INFO | Found 10 page(s).
2026-07-31 19:50:21,216 | INFO | Found 11 page(s).
2026-07-31 19:50:21,216 | INFO | Found 12 page(s).
2026-07-31 19:50:21,216 | INFO | Found 13 page(s).
2026-07-31 19:50:21,216 | INFO | Found 14 page(s).
2026-07-31 19:50:21,216 | INFO | Total pages discovered : 40
2026-07-31 19:50:21,216 | INFO | Downloading child sitemap : https://necs-legal.com/wp-sitemap-taxonomies-category-1.xml
2026-07-31 19:50:22,233 | INFO | Child sitemap downloaded successfully.
2026-07-31 19:50:22,236 | INFO | Parsing child sitemap...
2026-07-31 19:50:22,238 | INFO | Found 1 page(s).
2026-07-31 19:50:22,239 | INFO | Found 2 page(s).
2026-07-31 19:50:22,239 | INFO | Found 3 page(s).
2026-07-31 19:50:22,239 | INFO | Found 4 page(s).
2026-07-31 19:50:22,239 | INFO | Total pages discovered : 48
2026-07-31 19:50:22,239 | INFO | Downloading sitemap...
2026-07-31 19:50:23,645 | INFO | Sitemap downloaded successfully.
2026-07-31 19:50:23,648 | INFO | Parsing sitemap...
2026-07-31 19:50:23,650 | INFO | Found 1 sitemap(s).
2026-07-31 19:50:23,650 | INFO | Found 2 sitemap(s).
2026-07-31 19:50:23,650 | INFO | Found 3 sitemap(s).
2026-07-31 19:50:23,650 | INFO | 
2026-07-31 19:50:23,650 | INFO | ============================================================
2026-07-31 19:50:23,651 | INFO | DISCOVERING WEBSITE PAGES
2026-07-31 19:50:23,651 | INFO | ============================================================
2026-07-31 19:50:23,651 | INFO | Downloading child sitemap : https://necs-legal.com/wp-sitemap-posts-post-1.xml
2026-07-31 19:50:24,691 | INFO | Child sitemap downloaded successfully.
2026-07-31 19:50:24,693 | INFO | Parsing child sitemap...
2026-07-31 19:50:24,694 | INFO | Found 1 page(s).
2026-07-31 19:50:24,695 | INFO | Found 2 page(s).
2026-07-31 19:50:24,695 | INFO | Found 3 page(s).
2026-07-31 19:50:24,695 | INFO | Found 4 page(s).
2026-07-31 19:50:24,695 | INFO | Found 5 page(s).
2026-07-31 19:50:24,695 | INFO | Found 6 page(s).
2026-07-31 19:50:24,695 | INFO | Total pages discovered : 12
2026-07-31 19:50:24,695 | INFO | Downloading child sitemap : https://necs-legal.com/wp-sitemap-posts-page-1.xml
2026-07-31 19:50:25,817 | INFO | Child sitemap downloaded successfully.
2026-07-31 19:50:25,820 | INFO | Parsing child sitemap...
2026-07-31 19:50:25,821 | INFO | Found 1 page(s).
2026-07-31 19:50:25,821 | INFO | Found 2 page(s).
2026-07-31 19:50:25,821 | INFO | Found 3 page(s).
2026-07-31 19:50:25,821 | INFO | Found 4 page(s).
2026-07-31 19:50:25,821 | INFO | Found 5 page(s).
2026-07-31 19:50:25,821 | INFO | Found 6 page(s).
2026-07-31 19:50:25,821 | INFO | Found 7 page(s).
2026-07-31 19:50:25,821 | INFO | Found 8 page(s).
2026-07-31 19:50:25,821 | INFO | Found 9 page(s).
2026-07-31 19:50:25,821 | INFO | Found 10 page(s).
2026-07-31 19:50:25,821 | INFO | Found 11 page(s).
2026-07-31 19:50:25,822 | INFO | Found 12 page(s).
2026-07-31 19:50:25,822 | INFO | Found 13 page(s).
2026-07-31 19:50:25,822 | INFO | Found 14 page(s).
2026-07-31 19:50:25,822 | INFO | Total pages discovered : 40
2026-07-31 19:50:25,822 | INFO | Downloading child sitemap : https://necs-legal.com/wp-sitemap-taxonomies-category-1.xml
2026-07-31 19:50:26,943 | INFO | Child sitemap downloaded successfully.
2026-07-31 19:50:26,944 | INFO | Parsing child sitemap...
2026-07-31 19:50:26,945 | INFO | Found 1 page(s).
2026-07-31 19:50:26,945 | INFO | Found 2 page(s).
2026-07-31 19:50:26,945 | INFO | Found 3 page(s).
2026-07-31 19:50:26,945 | INFO | Found 4 page(s).
2026-07-31 19:50:26,945 | INFO | Total pages discovered : 48
2026-07-31 19:50:26,945 | INFO | Downloading sitemap...
2026-07-31 19:50:28,275 | INFO | Sitemap downloaded successfully.
2026-07-31 19:50:28,277 | INFO | Parsing sitemap...
2026-07-31 19:50:28,280 | INFO | Found 1 sitemap(s).
2026-07-31 19:50:28,280 | INFO | Found 2 sitemap(s).
2026-07-31 19:50:28,280 | INFO | Found 3 sitemap(s).
2026-07-31 19:50:28,281 | INFO | 
2026-07-31 19:50:28,281 | INFO | ============================================================
2026-07-31 19:50:28,281 | INFO | DISCOVERING WEBSITE PAGES
2026-07-31 19:50:28,281 | INFO | ============================================================
2026-07-31 19:50:28,281 | INFO | Downloading child sitemap : https://necs-legal.com/wp-sitemap-posts-post-1.xml
2026-07-31 19:50:29,299 | INFO | Child sitemap downloaded successfully.
2026-07-31 19:50:29,301 | INFO | Parsing child sitemap...
2026-07-31 19:50:29,302 | INFO | Found 1 page(s).
2026-07-31 19:50:29,302 | INFO | Found 2 page(s).
2026-07-31 19:50:29,303 | INFO | Found 3 page(s).
2026-07-31 19:50:29,303 | INFO | Found 4 page(s).
2026-07-31 19:50:29,303 | INFO | Found 5 page(s).
2026-07-31 19:50:29,303 | INFO | Found 6 page(s).
2026-07-31 19:50:29,303 | INFO | Total pages discovered : 12
2026-07-31 19:50:29,303 | INFO | Downloading child sitemap : https://necs-legal.com/wp-sitemap-posts-page-1.xml
2026-07-31 19:50:30,630 | INFO | Child sitemap downloaded successfully.
2026-07-31 19:50:30,632 | INFO | Parsing child sitemap...
2026-07-31 19:50:30,633 | INFO | Found 1 page(s).
2026-07-31 19:50:30,634 | INFO | Found 2 page(s).
2026-07-31 19:50:30,634 | INFO | Found 3 page(s).
2026-07-31 19:50:30,634 | INFO | Found 4 page(s).
2026-07-31 19:50:30,634 | INFO | Found 5 page(s).
2026-07-31 19:50:30,634 | INFO | Found 6 page(s).
2026-07-31 19:50:30,634 | INFO | Found 7 page(s).
2026-07-31 19:50:30,634 | INFO | Found 8 page(s).
2026-07-31 19:50:30,634 | INFO | Found 9 page(s).
2026-07-31 19:50:30,635 | INFO | Found 10 page(s).
2026-07-31 19:50:30,635 | INFO | Found 11 page(s).
2026-07-31 19:50:30,635 | INFO | Found 12 page(s).
2026-07-31 19:50:30,635 | INFO | Found 13 page(s).
2026-07-31 19:50:30,635 | INFO | Found 14 page(s).
2026-07-31 19:50:30,635 | INFO | Total pages discovered : 40
2026-07-31 19:50:30,635 | INFO | Downloading child sitemap : https://necs-legal.com/wp-sitemap-taxonomies-category-1.xml
2026-07-31 19:50:31,756 | INFO | Child sitemap downloaded successfully.
2026-07-31 19:50:31,758 | INFO | Parsing child sitemap...
2026-07-31 19:50:31,760 | INFO | Found 1 page(s).
2026-07-31 19:50:31,760 | INFO | Found 2 page(s).
2026-07-31 19:50:31,760 | INFO | Found 3 page(s).
2026-07-31 19:50:31,760 | INFO | Found 4 page(s).
2026-07-31 19:50:31,760 | INFO | Total pages discovered : 48
2026-07-31 19:50:31,760 | INFO | Downloading sitemap...
2026-07-31 19:50:33,292 | INFO | Sitemap downloaded successfully.
2026-07-31 19:50:33,294 | INFO | Parsing sitemap...
2026-07-31 19:50:33,297 | INFO | Found 1 sitemap(s).
2026-07-31 19:50:33,298 | INFO | Found 2 sitemap(s).
2026-07-31 19:50:33,298 | INFO | Found 3 sitemap(s).
2026-07-31 19:50:33,298 | INFO | 
2026-07-31 19:50:33,298 | INFO | ============================================================
2026-07-31 19:50:33,298 | INFO | DISCOVERING WEBSITE PAGES
2026-07-31 19:50:33,298 | INFO | ============================================================
2026-07-31 19:50:33,298 | INFO | Downloading child sitemap : https://necs-legal.com/wp-sitemap-posts-post-1.xml
2026-07-31 19:50:34,317 | INFO | Child sitemap downloaded successfully.
2026-07-31 19:50:34,320 | INFO | Parsing child sitemap...
2026-07-31 19:50:34,321 | INFO | Found 1 page(s).
2026-07-31 19:50:34,322 | INFO | Found 2 page(s).
2026-07-31 19:50:34,322 | INFO | Found 3 page(s).
2026-07-31 19:50:34,322 | INFO | Found 4 page(s).
2026-07-31 19:50:34,322 | INFO | Found 5 page(s).
2026-07-31 19:50:34,322 | INFO | Found 6 page(s).
2026-07-31 19:50:34,322 | INFO | Total pages discovered : 12
2026-07-31 19:50:34,323 | INFO | Downloading child sitemap : https://necs-legal.com/wp-sitemap-posts-page-1.xml
2026-07-31 19:50:35,341 | INFO | Child sitemap downloaded successfully.
2026-07-31 19:50:35,343 | INFO | Parsing child sitemap...
2026-07-31 19:50:35,344 | INFO | Found 1 page(s).
2026-07-31 19:50:35,345 | INFO | Found 2 page(s).
2026-07-31 19:50:35,345 | INFO | Found 3 page(s).
2026-07-31 19:50:35,345 | INFO | Found 4 page(s).
2026-07-31 19:50:35,345 | INFO | Found 5 page(s).
2026-07-31 19:50:35,345 | INFO | Found 6 page(s).
2026-07-31 19:50:35,345 | INFO | Found 7 page(s).
2026-07-31 19:50:35,345 | INFO | Found 8 page(s).
2026-07-31 19:50:35,345 | INFO | Found 9 page(s).
2026-07-31 19:50:35,345 | INFO | Found 10 page(s).
2026-07-31 19:50:35,345 | INFO | Found 11 page(s).
2026-07-31 19:50:35,346 | INFO | Found 12 page(s).
2026-07-31 19:50:35,346 | INFO | Found 13 page(s).
2026-07-31 19:50:35,346 | INFO | Found 14 page(s).
2026-07-31 19:50:35,346 | INFO | Total pages discovered : 40
2026-07-31 19:50:35,346 | INFO | Downloading child sitemap : https://necs-legal.com/wp-sitemap-taxonomies-category-1.xml
2026-07-31 19:50:36,365 | INFO | Child sitemap downloaded successfully.
2026-07-31 19:50:36,367 | INFO | Parsing child sitemap...
2026-07-31 19:50:36,368 | INFO | Found 1 page(s).
2026-07-31 19:50:36,368 | INFO | Found 2 page(s).
2026-07-31 19:50:36,369 | INFO | Found 3 page(s).
2026-07-31 19:50:36,369 | INFO | Found 4 page(s).
2026-07-31 19:50:36,369 | INFO | Total pages discovered : 48
2026-07-31 19:50:36,369 | INFO | Downloading sitemap...
2026-07-31 19:50:37,696 | INFO | Sitemap downloaded successfully.
2026-07-31 19:50:37,699 | INFO | Parsing sitemap...
2026-07-31 19:50:37,699 | INFO | Found 1 sitemap(s).
2026-07-31 19:50:37,699 | INFO | Found 2 sitemap(s).
2026-07-31 19:50:37,699 | INFO | Found 3 sitemap(s).
2026-07-31 19:50:37,700 | INFO | 
2026-07-31 19:50:37,700 | INFO | ============================================================
2026-07-31 19:50:37,700 | INFO | DISCOVERING WEBSITE PAGES
2026-07-31 19:50:37,700 | INFO | ============================================================
2026-07-31 19:50:37,700 | INFO | Downloading child sitemap : https://necs-legal.com/wp-sitemap-posts-post-1.xml
2026-07-31 19:50:38,720 | INFO | Child sitemap downloaded successfully.
2026-07-31 19:50:38,723 | INFO | Parsing child sitemap...
2026-07-31 19:50:38,724 | INFO | Found 1 page(s).
2026-07-31 19:50:38,724 | INFO | Found 2 page(s).
2026-07-31 19:50:38,724 | INFO | Found 3 page(s).
2026-07-31 19:50:38,725 | INFO | Found 4 page(s).
2026-07-31 19:50:38,725 | INFO | Found 5 page(s).
2026-07-31 19:50:38,725 | INFO | Found 6 page(s).
2026-07-31 19:50:38,725 | INFO | Total pages discovered : 12
2026-07-31 19:50:38,725 | INFO | Downloading child sitemap : https://necs-legal.com/wp-sitemap-posts-page-1.xml
2026-07-31 19:50:39,744 | INFO | Child sitemap downloaded successfully.
2026-07-31 19:50:39,746 | INFO | Parsing child sitemap...
2026-07-31 19:50:39,747 | INFO | Found 1 page(s).
2026-07-31 19:50:39,748 | INFO | Found 2 page(s).
2026-07-31 19:50:39,748 | INFO | Found 3 page(s).
2026-07-31 19:50:39,748 | INFO | Found 4 page(s).
2026-07-31 19:50:39,748 | INFO | Found 5 page(s).
2026-07-31 19:50:39,748 | INFO | Found 6 page(s).
2026-07-31 19:50:39,748 | INFO | Found 7 page(s).
2026-07-31 19:50:39,748 | INFO | Found 8 page(s).
2026-07-31 19:50:39,748 | INFO | Found 9 page(s).
2026-07-31 19:50:39,748 | INFO | Found 10 page(s).
2026-07-31 19:50:39,748 | INFO | Found 11 page(s).
2026-07-31 19:50:39,748 | INFO | Found 12 page(s).
2026-07-31 19:50:39,748 | INFO | Found 13 page(s).
2026-07-31 19:50:39,748 | INFO | Found 14 page(s).
2026-07-31 19:50:39,748 | INFO | Total pages discovered : 40
2026-07-31 19:50:39,749 | INFO | Downloading child sitemap : https://necs-legal.com/wp-sitemap-taxonomies-category-1.xml
2026-07-31 19:50:40,768 | INFO | Child sitemap downloaded successfully.
2026-07-31 19:50:40,771 | INFO | Parsing child sitemap...
2026-07-31 19:50:40,772 | INFO | Found 1 page(s).
2026-07-31 19:50:40,772 | INFO | Found 2 page(s).
2026-07-31 19:50:40,772 | INFO | Found 3 page(s).
2026-07-31 19:50:40,772 | INFO | Found 4 page(s).
2026-07-31 19:50:40,773 | INFO | Total pages discovered : 48
2026-07-31 19:50:40,773 | INFO | Downloading sitemap...
2026-07-31 19:50:42,202 | INFO | Sitemap downloaded successfully.
2026-07-31 19:50:42,204 | INFO | Parsing sitemap...
2026-07-31 19:50:42,206 | INFO | Found 1 sitemap(s).
2026-07-31 19:50:42,206 | INFO | Found 2 sitemap(s).
2026-07-31 19:50:42,206 | INFO | Found 3 sitemap(s).
2026-07-31 19:50:42,206 | INFO | 
2026-07-31 19:50:42,206 | INFO | ============================================================
2026-07-31 19:50:42,207 | INFO | DISCOVERING WEBSITE PAGES
2026-07-31 19:50:42,207 | INFO | ============================================================
2026-07-31 19:50:42,207 | INFO | Downloading child sitemap : https://necs-legal.com/wp-sitemap-posts-post-1.xml
2026-07-31 19:50:43,327 | INFO | Child sitemap downloaded successfully.
2026-07-31 19:50:43,328 | INFO | Parsing child sitemap...
2026-07-31 19:50:43,329 | INFO | Found 1 page(s).
2026-07-31 19:50:43,329 | INFO | Found 2 page(s).
2026-07-31 19:50:43,329 | INFO | Found 3 page(s).
2026-07-31 19:50:43,329 | INFO | Found 4 page(s).
2026-07-31 19:50:43,329 | INFO | Found 5 page(s).
2026-07-31 19:50:43,329 | INFO | Found 6 page(s).
2026-07-31 19:50:43,329 | INFO | Total pages discovered : 12
2026-07-31 19:50:43,329 | INFO | Downloading child sitemap : https://necs-legal.com/wp-sitemap-posts-page-1.xml
2026-07-31 19:50:44,263 | INFO | Child sitemap downloaded successfully.
2026-07-31 19:50:44,265 | INFO | Parsing child sitemap...
2026-07-31 19:50:44,267 | INFO | Found 1 page(s).
2026-07-31 19:50:44,267 | INFO | Found 2 page(s).
2026-07-31 19:50:44,267 | INFO | Found 3 page(s).
2026-07-31 19:50:44,267 | INFO | Found 4 page(s).
2026-07-31 19:50:44,267 | INFO | Found 5 page(s).
2026-07-31 19:50:44,268 | INFO | Found 6 page(s).
2026-07-31 19:50:44,268 | INFO | Found 7 page(s).
2026-07-31 19:50:44,268 | INFO | Found 8 page(s).
2026-07-31 19:50:44,268 | INFO | Found 9 page(s).
2026-07-31 19:50:44,268 | INFO | Found 10 page(s).
2026-07-31 19:50:44,269 | INFO | Found 11 page(s).
2026-07-31 19:50:44,269 | INFO | Found 12 page(s).
2026-07-31 19:50:44,269 | INFO | Found 13 page(s).
2026-07-31 19:50:44,269 | INFO | Found 14 page(s).
2026-07-31 19:50:44,269 | INFO | Total pages discovered : 40
2026-07-31 19:50:44,269 | INFO | Downloading child sitemap : https://necs-legal.com/wp-sitemap-taxonomies-category-1.xml
2026-07-31 19:50:45,278 | INFO | Child sitemap downloaded successfully.
2026-07-31 19:50:45,280 | INFO | Parsing child sitemap...
2026-07-31 19:50:45,281 | INFO | Found 1 page(s).
2026-07-31 19:50:45,281 | INFO | Found 2 page(s).
2026-07-31 19:50:45,281 | INFO | Found 3 page(s).
2026-07-31 19:50:45,281 | INFO | Found 4 page(s).
2026-07-31 19:50:45,281 | INFO | Total pages discovered : 48
2026-07-31 19:50:45,282 | INFO | Downloading sitemap...
2026-07-31 19:50:46,707 | INFO | Sitemap downloaded successfully.
2026-07-31 19:50:46,710 | INFO | Parsing sitemap...
2026-07-31 19:50:46,711 | INFO | Found 1 sitemap(s).
2026-07-31 19:50:46,711 | INFO | Found 2 sitemap(s).
2026-07-31 19:50:46,711 | INFO | Found 3 sitemap(s).
2026-07-31 19:50:46,711 | INFO | 
2026-07-31 19:50:46,712 | INFO | ============================================================
2026-07-31 19:50:46,712 | INFO | DISCOVERING WEBSITE PAGES
2026-07-31 19:50:46,712 | INFO | ============================================================
2026-07-31 19:50:46,712 | INFO | Downloading child sitemap : https://necs-legal.com/wp-sitemap-posts-post-1.xml
2026-07-31 19:50:47,732 | INFO | Child sitemap downloaded successfully.
2026-07-31 19:50:47,734 | INFO | Parsing child sitemap...
2026-07-31 19:50:47,736 | INFO | Found 1 page(s).
2026-07-31 19:50:47,736 | INFO | Found 2 page(s).
2026-07-31 19:50:47,736 | INFO | Found 3 page(s).
2026-07-31 19:50:47,736 | INFO | Found 4 page(s).
2026-07-31 19:50:47,737 | INFO | Found 5 page(s).
2026-07-31 19:50:47,737 | INFO | Found 6 page(s).
2026-07-31 19:50:47,737 | INFO | Total pages discovered : 12
2026-07-31 19:50:47,737 | INFO | Downloading child sitemap : https://necs-legal.com/wp-sitemap-posts-page-1.xml
2026-07-31 19:50:48,766 | INFO | Child sitemap downloaded successfully.
2026-07-31 19:50:48,769 | INFO | Parsing child sitemap...
2026-07-31 19:50:48,770 | INFO | Found 1 page(s).
2026-07-31 19:50:48,770 | INFO | Found 2 page(s).
2026-07-31 19:50:48,770 | INFO | Found 3 page(s).
2026-07-31 19:50:48,770 | INFO | Found 4 page(s).
2026-07-31 19:50:48,771 | INFO | Found 5 page(s).
2026-07-31 19:50:48,771 | INFO | Found 6 page(s).
2026-07-31 19:50:48,771 | INFO | Found 7 page(s).
2026-07-31 19:50:48,771 | INFO | Found 8 page(s).
2026-07-31 19:50:48,771 | INFO | Found 9 page(s).
2026-07-31 19:50:48,772 | INFO | Found 10 page(s).
2026-07-31 19:50:48,772 | INFO | Found 11 page(s).
2026-07-31 19:50:48,772 | INFO | Found 12 page(s).
2026-07-31 19:50:48,772 | INFO | Found 13 page(s).
2026-07-31 19:50:48,772 | INFO | Found 14 page(s).
2026-07-31 19:50:48,772 | INFO | Total pages discovered : 40
2026-07-31 19:50:48,773 | INFO | Downloading child sitemap : https://necs-legal.com/wp-sitemap-taxonomies-category-1.xml
2026-07-31 19:50:49,984 | INFO | Child sitemap downloaded successfully.
2026-07-31 19:50:49,987 | INFO | Parsing child sitemap...
2026-07-31 19:50:49,988 | INFO | Found 1 page(s).
2026-07-31 19:50:49,988 | INFO | Found 2 page(s).
2026-07-31 19:50:49,988 | INFO | Found 3 page(s).
2026-07-31 19:50:49,988 | INFO | Found 4 page(s).
2026-07-31 19:50:49,988 | INFO | Total pages discovered : 48
2026-07-31 19:50:49,989 | INFO | Downloading sitemap...
2026-07-31 19:50:51,315 | INFO | Sitemap downloaded successfully.
2026-07-31 19:50:51,318 | INFO | Parsing sitemap...
2026-07-31 19:50:51,319 | INFO | Found 1 sitemap(s).
2026-07-31 19:50:51,319 | INFO | Found 2 sitemap(s).
2026-07-31 19:50:51,320 | INFO | Found 3 sitemap(s).
2026-07-31 19:50:51,320 | INFO | 
2026-07-31 19:50:51,320 | INFO | ============================================================
2026-07-31 19:50:51,320 | INFO | DISCOVERING WEBSITE PAGES
2026-07-31 19:50:51,320 | INFO | ============================================================
2026-07-31 19:50:51,320 | INFO | Downloading child sitemap : https://necs-legal.com/wp-sitemap-posts-post-1.xml
2026-07-31 19:50:52,339 | INFO | Child sitemap downloaded successfully.
2026-07-31 19:50:52,342 | INFO | Parsing child sitemap...
2026-07-31 19:50:52,343 | INFO | Found 1 page(s).
2026-07-31 19:50:52,343 | INFO | Found 2 page(s).
2026-07-31 19:50:52,343 | INFO | Found 3 page(s).
2026-07-31 19:50:52,343 | INFO | Found 4 page(s).
2026-07-31 19:50:52,344 | INFO | Found 5 page(s).
2026-07-31 19:50:52,344 | INFO | Found 6 page(s).
2026-07-31 19:50:52,344 | INFO | Total pages discovered : 12
2026-07-31 19:50:52,344 | INFO | Downloading child sitemap : https://necs-legal.com/wp-sitemap-posts-page-1.xml
2026-07-31 19:50:53,541 | INFO | Child sitemap downloaded successfully.
2026-07-31 19:50:53,544 | INFO | Parsing child sitemap...
2026-07-31 19:50:53,545 | INFO | Found 1 page(s).
2026-07-31 19:50:53,545 | INFO | Found 2 page(s).
2026-07-31 19:50:53,545 | INFO | Found 3 page(s).
2026-07-31 19:50:53,545 | INFO | Found 4 page(s).
2026-07-31 19:50:53,546 | INFO | Found 5 page(s).
2026-07-31 19:50:53,546 | INFO | Found 6 page(s).
2026-07-31 19:50:53,546 | INFO | Found 7 page(s).
2026-07-31 19:50:53,546 | INFO | Found 8 page(s).
2026-07-31 19:50:53,546 | INFO | Found 9 page(s).
2026-07-31 19:50:53,546 | INFO | Found 10 page(s).
2026-07-31 19:50:53,547 | INFO | Found 11 page(s).
2026-07-31 19:50:53,547 | INFO | Found 12 page(s).
2026-07-31 19:50:53,547 | INFO | Found 13 page(s).
2026-07-31 19:50:53,547 | INFO | Found 14 page(s).
2026-07-31 19:50:53,547 | INFO | Total pages discovered : 40
2026-07-31 19:50:53,547 | INFO | Downloading child sitemap : https://necs-legal.com/wp-sitemap-taxonomies-category-1.xml
2026-07-31 19:50:54,592 | INFO | Child sitemap downloaded successfully.
2026-07-31 19:50:54,595 | INFO | Parsing child sitemap...
2026-07-31 19:50:54,596 | INFO | Found 1 page(s).
2026-07-31 19:50:54,596 | INFO | Found 2 page(s).
2026-07-31 19:50:54,596 | INFO | Found 3 page(s).
2026-07-31 19:50:54,596 | INFO | Found 4 page(s).
2026-07-31 19:50:54,596 | INFO | Total pages discovered : 48
2026-07-31 19:50:54,596 | INFO | Downloading sitemap...
2026-07-31 19:50:55,902 | INFO | Sitemap downloaded successfully.
2026-07-31 19:50:55,905 | INFO | Parsing sitemap...
2026-07-31 19:50:55,906 | INFO | Found 1 sitemap(s).
2026-07-31 19:50:55,906 | INFO | Found 2 sitemap(s).
2026-07-31 19:50:55,906 | INFO | Found 3 sitemap(s).
2026-07-31 19:50:55,906 | INFO | 
2026-07-31 19:50:55,906 | INFO | ============================================================
2026-07-31 19:50:55,906 | INFO | DISCOVERING WEBSITE PAGES
2026-07-31 19:50:55,906 | INFO | ============================================================
2026-07-31 19:50:55,906 | INFO | Downloading child sitemap : https://necs-legal.com/wp-sitemap-posts-post-1.xml
2026-07-31 19:50:56,948 | INFO | Child sitemap downloaded successfully.
2026-07-31 19:50:56,950 | INFO | Parsing child sitemap...
2026-07-31 19:50:56,951 | INFO | Found 1 page(s).
2026-07-31 19:50:56,951 | INFO | Found 2 page(s).
2026-07-31 19:50:56,951 | INFO | Found 3 page(s).
2026-07-31 19:50:56,952 | INFO | Found 4 page(s).
2026-07-31 19:50:56,952 | INFO | Found 5 page(s).
2026-07-31 19:50:56,952 | INFO | Found 6 page(s).
2026-07-31 19:50:56,952 | INFO | Total pages discovered : 12
2026-07-31 19:50:56,952 | INFO | Downloading child sitemap : https://necs-legal.com/wp-sitemap-posts-page-1.xml
2026-07-31 19:50:57,936 | INFO | Child sitemap downloaded successfully.
2026-07-31 19:50:57,938 | INFO | Parsing child sitemap...
2026-07-31 19:50:57,940 | INFO | Found 1 page(s).
2026-07-31 19:50:57,940 | INFO | Found 2 page(s).
2026-07-31 19:50:57,940 | INFO | Found 3 page(s).
2026-07-31 19:50:57,940 | INFO | Found 4 page(s).
2026-07-31 19:50:57,940 | INFO | Found 5 page(s).
2026-07-31 19:50:57,940 | INFO | Found 6 page(s).
2026-07-31 19:50:57,940 | INFO | Found 7 page(s).
2026-07-31 19:50:57,941 | INFO | Found 8 page(s).
2026-07-31 19:50:57,941 | INFO | Found 9 page(s).
2026-07-31 19:50:57,941 | INFO | Found 10 page(s).
2026-07-31 19:50:57,941 | INFO | Found 11 page(s).
2026-07-31 19:50:57,941 | INFO | Found 12 page(s).
2026-07-31 19:50:57,941 | INFO | Found 13 page(s).
2026-07-31 19:50:57,941 | INFO | Found 14 page(s).
2026-07-31 19:50:57,941 | INFO | Total pages discovered : 40
2026-07-31 19:50:57,941 | INFO | Downloading child sitemap : https://necs-legal.com/wp-sitemap-taxonomies-category-1.xml
2026-07-31 19:50:58,964 | INFO | Child sitemap downloaded successfully.
2026-07-31 19:50:58,966 | INFO | Parsing child sitemap...
2026-07-31 19:50:58,967 | INFO | Found 1 page(s).
2026-07-31 19:50:58,967 | INFO | Found 2 page(s).
2026-07-31 19:50:58,967 | INFO | Found 3 page(s).
2026-07-31 19:50:58,967 | INFO | Found 4 page(s).
2026-07-31 19:50:58,967 | INFO | Total pages discovered : 48
2026-07-31 19:50:58,967 | INFO | Downloading sitemap...
2026-07-31 19:51:00,327 | INFO | Sitemap downloaded successfully.
2026-07-31 19:51:00,329 | INFO | Parsing sitemap...
2026-07-31 19:51:00,330 | INFO | Found 1 sitemap(s).
2026-07-31 19:51:00,330 | INFO | Found 2 sitemap(s).
2026-07-31 19:51:00,330 | INFO | Found 3 sitemap(s).
2026-07-31 19:51:00,330 | INFO | 
2026-07-31 19:51:00,330 | INFO | ============================================================
2026-07-31 19:51:00,330 | INFO | DISCOVERING WEBSITE PAGES
2026-07-31 19:51:00,330 | INFO | ============================================================
2026-07-31 19:51:00,330 | INFO | Downloading child sitemap : https://necs-legal.com/wp-sitemap-posts-post-1.xml
2026-07-31 19:51:01,351 | INFO | Child sitemap downloaded successfully.
2026-07-31 19:51:01,354 | INFO | Parsing child sitemap...
2026-07-31 19:51:01,355 | INFO | Found 1 page(s).
2026-07-31 19:51:01,355 | INFO | Found 2 page(s).
2026-07-31 19:51:01,356 | INFO | Found 3 page(s).
2026-07-31 19:51:01,356 | INFO | Found 4 page(s).
2026-07-31 19:51:01,356 | INFO | Found 5 page(s).
2026-07-31 19:51:01,356 | INFO | Found 6 page(s).
2026-07-31 19:51:01,356 | INFO | Total pages discovered : 12
2026-07-31 19:51:01,356 | INFO | Downloading child sitemap : https://necs-legal.com/wp-sitemap-posts-page-1.xml
2026-07-31 19:51:02,478 | INFO | Child sitemap downloaded successfully.
2026-07-31 19:51:02,482 | INFO | Parsing child sitemap...
2026-07-31 19:51:02,482 | INFO | Found 1 page(s).
2026-07-31 19:51:02,483 | INFO | Found 2 page(s).
2026-07-31 19:51:02,483 | INFO | Found 3 page(s).
2026-07-31 19:51:02,483 | INFO | Found 4 page(s).
2026-07-31 19:51:02,483 | INFO | Found 5 page(s).
2026-07-31 19:51:02,483 | INFO | Found 6 page(s).
2026-07-31 19:51:02,483 | INFO | Found 7 page(s).
2026-07-31 19:51:02,483 | INFO | Found 8 page(s).
2026-07-31 19:51:02,483 | INFO | Found 9 page(s).
2026-07-31 19:51:02,484 | INFO | Found 10 page(s).
2026-07-31 19:51:02,484 | INFO | Found 11 page(s).
2026-07-31 19:51:02,484 | INFO | Found 12 page(s).
2026-07-31 19:51:02,484 | INFO | Found 13 page(s).
2026-07-31 19:51:02,484 | INFO | Found 14 page(s).
2026-07-31 19:51:02,484 | INFO | Total pages discovered : 40
2026-07-31 19:51:02,484 | INFO | Downloading child sitemap : https://necs-legal.com/wp-sitemap-taxonomies-category-1.xml
2026-07-31 19:51:03,777 | INFO | Child sitemap downloaded successfully.
2026-07-31 19:51:03,779 | INFO | Parsing child sitemap...
2026-07-31 19:51:03,780 | INFO | Found 1 page(s).
2026-07-31 19:51:03,780 | INFO | Found 2 page(s).
2026-07-31 19:51:03,780 | INFO | Found 3 page(s).
2026-07-31 19:51:03,780 | INFO | Found 4 page(s).
2026-07-31 19:51:03,780 | INFO | Total pages discovered : 48
2026-07-31 19:51:03,780 | INFO | Downloading sitemap...
2026-07-31 19:51:05,140 | INFO | Sitemap downloaded successfully.
2026-07-31 19:51:05,143 | INFO | Parsing sitemap...
2026-07-31 19:51:05,144 | INFO | Found 1 sitemap(s).
2026-07-31 19:51:05,144 | INFO | Found 2 sitemap(s).
2026-07-31 19:51:05,145 | INFO | Found 3 sitemap(s).
2026-07-31 19:51:05,145 | INFO | 
2026-07-31 19:51:05,145 | INFO | ============================================================
2026-07-31 19:51:05,145 | INFO | DISCOVERING WEBSITE PAGES
2026-07-31 19:51:05,145 | INFO | ============================================================
2026-07-31 19:51:05,145 | INFO | Downloading child sitemap : https://necs-legal.com/wp-sitemap-posts-post-1.xml
2026-07-31 19:51:06,163 | INFO | Child sitemap downloaded successfully.
2026-07-31 19:51:06,164 | INFO | Parsing child sitemap...
2026-07-31 19:51:06,165 | INFO | Found 1 page(s).
2026-07-31 19:51:06,165 | INFO | Found 2 page(s).
2026-07-31 19:51:06,165 | INFO | Found 3 page(s).
2026-07-31 19:51:06,165 | INFO | Found 4 page(s).
2026-07-31 19:51:06,165 | INFO | Found 5 page(s).
2026-07-31 19:51:06,165 | INFO | Found 6 page(s).
2026-07-31 19:51:06,165 | INFO | Total pages discovered : 12
2026-07-31 19:51:06,166 | INFO | Downloading child sitemap : https://necs-legal.com/wp-sitemap-posts-page-1.xml
2026-07-31 19:51:07,291 | INFO | Child sitemap downloaded successfully.
2026-07-31 19:51:07,294 | INFO | Parsing child sitemap...
2026-07-31 19:51:07,294 | INFO | Found 1 page(s).
2026-07-31 19:51:07,295 | INFO | Found 2 page(s).
2026-07-31 19:51:07,295 | INFO | Found 3 page(s).
2026-07-31 19:51:07,295 | INFO | Found 4 page(s).
2026-07-31 19:51:07,295 | INFO | Found 5 page(s).
2026-07-31 19:51:07,295 | INFO | Found 6 page(s).
2026-07-31 19:51:07,295 | INFO | Found 7 page(s).
2026-07-31 19:51:07,296 | INFO | Found 8 page(s).
2026-07-31 19:51:07,296 | INFO | Found 9 page(s).
2026-07-31 19:51:07,296 | INFO | Found 10 page(s).
2026-07-31 19:51:07,296 | INFO | Found 11 page(s).
2026-07-31 19:51:07,296 | INFO | Found 12 page(s).
2026-07-31 19:51:07,296 | INFO | Found 13 page(s).
2026-07-31 19:51:07,296 | INFO | Found 14 page(s).
2026-07-31 19:51:07,297 | INFO | Total pages discovered : 40
2026-07-31 19:51:07,297 | INFO | Downloading child sitemap : https://necs-legal.com/wp-sitemap-taxonomies-category-1.xml
2026-07-31 19:51:08,417 | INFO | Child sitemap downloaded successfully.
2026-07-31 19:51:08,420 | INFO | Parsing child sitemap...
2026-07-31 19:51:08,421 | INFO | Found 1 page(s).
2026-07-31 19:51:08,421 | INFO | Found 2 page(s).
2026-07-31 19:51:08,422 | INFO | Found 3 page(s).
2026-07-31 19:51:08,422 | INFO | Found 4 page(s).
2026-07-31 19:51:08,422 | INFO | Total pages discovered : 48
2026-07-31 19:51:08,422 | INFO | Downloading sitemap...
2026-07-31 19:51:09,850 | INFO | Sitemap downloaded successfully.
2026-07-31 19:51:09,853 | INFO | Parsing sitemap...
2026-07-31 19:51:09,854 | INFO | Found 1 sitemap(s).
2026-07-31 19:51:09,854 | INFO | Found 2 sitemap(s).
2026-07-31 19:51:09,854 | INFO | Found 3 sitemap(s).
2026-07-31 19:51:09,855 | INFO | 
2026-07-31 19:51:09,855 | INFO | ============================================================
2026-07-31 19:51:09,855 | INFO | DISCOVERING WEBSITE PAGES
2026-07-31 19:51:09,855 | INFO | ============================================================
2026-07-31 19:51:09,855 | INFO | Downloading child sitemap : https://necs-legal.com/wp-sitemap-posts-post-1.xml
2026-07-31 19:51:11,079 | INFO | Child sitemap downloaded successfully.
2026-07-31 19:51:11,082 | INFO | Parsing child sitemap...
2026-07-31 19:51:11,083 | INFO | Found 1 page(s).
2026-07-31 19:51:11,083 | INFO | Found 2 page(s).
2026-07-31 19:51:11,084 | INFO | Found 3 page(s).
2026-07-31 19:51:11,084 | INFO | Found 4 page(s).
2026-07-31 19:51:11,084 | INFO | Found 5 page(s).
2026-07-31 19:51:11,085 | INFO | Found 6 page(s).
2026-07-31 19:51:11,085 | INFO | Total pages discovered : 12
2026-07-31 19:51:11,085 | INFO | Downloading child sitemap : https://necs-legal.com/wp-sitemap-posts-page-1.xml
2026-07-31 19:51:12,104 | INFO | Child sitemap downloaded successfully.
2026-07-31 19:51:12,106 | INFO | Parsing child sitemap...
2026-07-31 19:51:12,107 | INFO | Found 1 page(s).
2026-07-31 19:51:12,107 | INFO | Found 2 page(s).
2026-07-31 19:51:12,108 | INFO | Found 3 page(s).
2026-07-31 19:51:12,108 | INFO | Found 4 page(s).
2026-07-31 19:51:12,108 | INFO | Found 5 page(s).
2026-07-31 19:51:12,108 | INFO | Found 6 page(s).
2026-07-31 19:51:12,108 | INFO | Found 7 page(s).
2026-07-31 19:51:12,108 | INFO | Found 8 page(s).
2026-07-31 19:51:12,108 | INFO | Found 9 page(s).
2026-07-31 19:51:12,109 | INFO | Found 10 page(s).
2026-07-31 19:51:12,109 | INFO | Found 11 page(s).
2026-07-31 19:51:12,109 | INFO | Found 12 page(s).
2026-07-31 19:51:12,109 | INFO | Found 13 page(s).
2026-07-31 19:51:12,109 | INFO | Found 14 page(s).
2026-07-31 19:51:12,109 | INFO | Total pages discovered : 40
2026-07-31 19:51:12,109 | INFO | Downloading child sitemap : https://necs-legal.com/wp-sitemap-taxonomies-category-1.xml
2026-07-31 19:51:13,128 | INFO | Child sitemap downloaded successfully.
2026-07-31 19:51:13,131 | INFO | Parsing child sitemap...
2026-07-31 19:51:13,133 | INFO | Found 1 page(s).
2026-07-31 19:51:13,134 | INFO | Found 2 page(s).
2026-07-31 19:51:13,134 | INFO | Found 3 page(s).
2026-07-31 19:51:13,135 | INFO | Found 4 page(s).
2026-07-31 19:51:13,135 | INFO | Total pages discovered : 48
2026-07-31 19:51:13,135 | INFO | Downloading sitemap...
2026-07-31 19:51:14,766 | INFO | Sitemap downloaded successfully.
2026-07-31 19:51:14,769 | INFO | Parsing sitemap...
2026-07-31 19:51:14,769 | INFO | Found 1 sitemap(s).
2026-07-31 19:51:14,770 | INFO | Found 2 sitemap(s).
2026-07-31 19:51:14,770 | INFO | Found 3 sitemap(s).
2026-07-31 19:51:14,770 | INFO | 
2026-07-31 19:51:14,770 | INFO | ============================================================
2026-07-31 19:51:14,770 | INFO | DISCOVERING WEBSITE PAGES
2026-07-31 19:51:14,770 | INFO | ============================================================
2026-07-31 19:51:14,770 | INFO | Downloading child sitemap : https://necs-legal.com/wp-sitemap-posts-post-1.xml
2026-07-31 19:51:15,790 | INFO | Child sitemap downloaded successfully.
2026-07-31 19:51:15,792 | INFO | Parsing child sitemap...
2026-07-31 19:51:15,794 | INFO | Found 1 page(s).
2026-07-31 19:51:15,794 | INFO | Found 2 page(s).
2026-07-31 19:51:15,794 | INFO | Found 3 page(s).
2026-07-31 19:51:15,794 | INFO | Found 4 page(s).
2026-07-31 19:51:15,794 | INFO | Found 5 page(s).
2026-07-31 19:51:15,794 | INFO | Found 6 page(s).
2026-07-31 19:51:15,795 | INFO | Total pages discovered : 12
2026-07-31 19:51:15,795 | INFO | Downloading child sitemap : https://necs-legal.com/wp-sitemap-posts-page-1.xml
2026-07-31 19:51:16,814 | INFO | Child sitemap downloaded successfully.
2026-07-31 19:51:16,817 | INFO | Parsing child sitemap...
2026-07-31 19:51:16,818 | INFO | Found 1 page(s).
2026-07-31 19:51:16,819 | INFO | Found 2 page(s).
2026-07-31 19:51:16,819 | INFO | Found 3 page(s).
2026-07-31 19:51:16,819 | INFO | Found 4 page(s).
2026-07-31 19:51:16,819 | INFO | Found 5 page(s).
2026-07-31 19:51:16,819 | INFO | Found 6 page(s).
2026-07-31 19:51:16,820 | INFO | Found 7 page(s).
2026-07-31 19:51:16,820 | INFO | Found 8 page(s).
2026-07-31 19:51:16,820 | INFO | Found 9 page(s).
2026-07-31 19:51:16,820 | INFO | Found 10 page(s).
2026-07-31 19:51:16,820 | INFO | Found 11 page(s).
2026-07-31 19:51:16,820 | INFO | Found 12 page(s).
2026-07-31 19:51:16,821 | INFO | Found 13 page(s).
2026-07-31 19:51:16,821 | INFO | Found 14 page(s).
2026-07-31 19:51:16,821 | INFO | Total pages discovered : 40
2026-07-31 19:51:16,821 | INFO | Downloading child sitemap : https://necs-legal.com/wp-sitemap-taxonomies-category-1.xml
2026-07-31 19:51:17,838 | INFO | Child sitemap downloaded successfully.
2026-07-31 19:51:17,840 | INFO | Parsing child sitemap...
2026-07-31 19:51:17,841 | INFO | Found 1 page(s).
2026-07-31 19:51:17,841 | INFO | Found 2 page(s).
2026-07-31 19:51:17,842 | INFO | Found 3 page(s).
2026-07-31 19:51:17,842 | INFO | Found 4 page(s).
2026-07-31 19:51:17,842 | INFO | Total pages discovered : 48
2026-07-31 19:51:17,842 | INFO | Downloading sitemap...
2026-07-31 19:51:19,232 | INFO | Sitemap downloaded successfully.
2026-07-31 19:51:19,235 | INFO | Parsing sitemap...
2026-07-31 19:51:19,235 | INFO | Found 1 sitemap(s).
2026-07-31 19:51:19,235 | INFO | Found 2 sitemap(s).
2026-07-31 19:51:19,236 | INFO | Found 3 sitemap(s).
2026-07-31 19:51:19,236 | INFO | 
2026-07-31 19:51:19,236 | INFO | ============================================================
2026-07-31 19:51:19,236 | INFO | DISCOVERING WEBSITE PAGES
2026-07-31 19:51:19,236 | INFO | ============================================================
2026-07-31 19:51:19,236 | INFO | Downloading child sitemap : https://necs-legal.com/wp-sitemap-posts-post-1.xml
2026-07-31 19:51:20,296 | INFO | Child sitemap downloaded successfully.
2026-07-31 19:51:20,298 | INFO | Parsing child sitemap...
2026-07-31 19:51:20,300 | INFO | Found 1 page(s).
2026-07-31 19:51:20,300 | INFO | Found 2 page(s).
2026-07-31 19:51:20,300 | INFO | Found 3 page(s).
2026-07-31 19:51:20,300 | INFO | Found 4 page(s).
2026-07-31 19:51:20,300 | INFO | Found 5 page(s).
2026-07-31 19:51:20,301 | INFO | Found 6 page(s).
2026-07-31 19:51:20,301 | INFO | Total pages discovered : 12
2026-07-31 19:51:20,301 | INFO | Downloading child sitemap : https://necs-legal.com/wp-sitemap-posts-page-1.xml
2026-07-31 19:51:21,320 | INFO | Child sitemap downloaded successfully.
2026-07-31 19:51:21,322 | INFO | Parsing child sitemap...
2026-07-31 19:51:21,323 | INFO | Found 1 page(s).
2026-07-31 19:51:21,323 | INFO | Found 2 page(s).
2026-07-31 19:51:21,323 | INFO | Found 3 page(s).
2026-07-31 19:51:21,323 | INFO | Found 4 page(s).
2026-07-31 19:51:21,323 | INFO | Found 5 page(s).
2026-07-31 19:51:21,324 | INFO | Found 6 page(s).
2026-07-31 19:51:21,324 | INFO | Found 7 page(s).
2026-07-31 19:51:21,324 | INFO | Found 8 page(s).
2026-07-31 19:51:21,324 | INFO | Found 9 page(s).
2026-07-31 19:51:21,324 | INFO | Found 10 page(s).
2026-07-31 19:51:21,324 | INFO | Found 11 page(s).
2026-07-31 19:51:21,324 | INFO | Found 12 page(s).
2026-07-31 19:51:21,324 | INFO | Found 13 page(s).
2026-07-31 19:51:21,324 | INFO | Found 14 page(s).
2026-07-31 19:51:21,324 | INFO | Total pages discovered : 40
2026-07-31 19:51:21,324 | INFO | Downloading child sitemap : https://necs-legal.com/wp-sitemap-taxonomies-category-1.xml
2026-07-31 19:51:22,344 | INFO | Child sitemap downloaded successfully.
2026-07-31 19:51:22,347 | INFO | Parsing child sitemap...
2026-07-31 19:51:22,349 | INFO | Found 1 page(s).
2026-07-31 19:51:22,349 | INFO | Found 2 page(s).
2026-07-31 19:51:22,350 | INFO | Found 3 page(s).
2026-07-31 19:51:22,350 | INFO | Found 4 page(s).
2026-07-31 19:51:22,350 | INFO | Total pages discovered : 48
2026-07-31 19:51:22,350 | INFO | Downloading sitemap...
2026-07-31 19:51:23,646 | INFO | Sitemap downloaded successfully.
2026-07-31 19:51:23,648 | INFO | Parsing sitemap...
2026-07-31 19:51:23,649 | INFO | Found 1 sitemap(s).
2026-07-31 19:51:23,649 | INFO | Found 2 sitemap(s).
2026-07-31 19:51:23,649 | INFO | Found 3 sitemap(s).
2026-07-31 19:51:23,649 | INFO | 
2026-07-31 19:51:23,649 | INFO | ============================================================
2026-07-31 19:51:23,649 | INFO | DISCOVERING WEBSITE PAGES
2026-07-31 19:51:23,650 | INFO | ============================================================
2026-07-31 19:51:23,650 | INFO | Downloading child sitemap : https://necs-legal.com/wp-sitemap-posts-post-1.xml
2026-07-31 19:51:24,699 | INFO | Child sitemap downloaded successfully.
2026-07-31 19:51:24,702 | INFO | Parsing child sitemap...
2026-07-31 19:51:24,704 | INFO | Found 1 page(s).
2026-07-31 19:51:24,704 | INFO | Found 2 page(s).
2026-07-31 19:51:24,704 | INFO | Found 3 page(s).
2026-07-31 19:51:24,704 | INFO | Found 4 page(s).
2026-07-31 19:51:24,704 | INFO | Found 5 page(s).
2026-07-31 19:51:24,704 | INFO | Found 6 page(s).
2026-07-31 19:51:24,704 | INFO | Total pages discovered : 12
2026-07-31 19:51:24,705 | INFO | Downloading child sitemap : https://necs-legal.com/wp-sitemap-posts-page-1.xml
2026-07-31 19:51:25,826 | INFO | Child sitemap downloaded successfully.
2026-07-31 19:51:25,828 | INFO | Parsing child sitemap...
2026-07-31 19:51:25,829 | INFO | Found 1 page(s).
2026-07-31 19:51:25,829 | INFO | Found 2 page(s).
2026-07-31 19:51:25,830 | INFO | Found 3 page(s).
2026-07-31 19:51:25,830 | INFO | Found 4 page(s).
2026-07-31 19:51:25,830 | INFO | Found 5 page(s).
2026-07-31 19:51:25,830 | INFO | Found 6 page(s).
2026-07-31 19:51:25,830 | INFO | Found 7 page(s).
2026-07-31 19:51:25,830 | INFO | Found 8 page(s).
2026-07-31 19:51:25,831 | INFO | Found 9 page(s).
2026-07-31 19:51:25,831 | INFO | Found 10 page(s).
2026-07-31 19:51:25,831 | INFO | Found 11 page(s).
2026-07-31 19:51:25,831 | INFO | Found 12 page(s).
2026-07-31 19:51:25,831 | INFO | Found 13 page(s).
2026-07-31 19:51:25,831 | INFO | Found 14 page(s).
2026-07-31 19:51:25,831 | INFO | Total pages discovered : 40
2026-07-31 19:51:25,832 | INFO | Downloading child sitemap : https://necs-legal.com/wp-sitemap-taxonomies-category-1.xml
2026-07-31 19:51:26,850 | INFO | Child sitemap downloaded successfully.
2026-07-31 19:51:26,852 | INFO | Parsing child sitemap...
2026-07-31 19:51:26,854 | INFO | Found 1 page(s).
2026-07-31 19:51:26,854 | INFO | Found 2 page(s).
2026-07-31 19:51:26,854 | INFO | Found 3 page(s).
2026-07-31 19:51:26,854 | INFO | Found 4 page(s).
2026-07-31 19:51:26,854 | INFO | Total pages discovered : 48
2026-07-31 19:51:26,854 | INFO | Downloading sitemap...
2026-07-31 19:51:28,283 | INFO | Sitemap downloaded successfully.
2026-07-31 19:51:28,285 | INFO | Parsing sitemap...
2026-07-31 19:51:28,288 | INFO | Found 1 sitemap(s).
2026-07-31 19:51:28,288 | INFO | Found 2 sitemap(s).
2026-07-31 19:51:28,288 | INFO | Found 3 sitemap(s).
2026-07-31 19:51:28,288 | INFO | 
2026-07-31 19:51:28,288 | INFO | ============================================================
2026-07-31 19:51:28,288 | INFO | DISCOVERING WEBSITE PAGES
2026-07-31 19:51:28,288 | INFO | ============================================================
2026-07-31 19:51:28,288 | INFO | Downloading child sitemap : https://necs-legal.com/wp-sitemap-posts-post-1.xml
2026-07-31 19:51:29,307 | INFO | Child sitemap downloaded successfully.
2026-07-31 19:51:29,309 | INFO | Parsing child sitemap...
2026-07-31 19:51:29,310 | INFO | Found 1 page(s).
2026-07-31 19:51:29,311 | INFO | Found 2 page(s).
2026-07-31 19:51:29,311 | INFO | Found 3 page(s).
2026-07-31 19:51:29,311 | INFO | Found 4 page(s).
2026-07-31 19:51:29,311 | INFO | Found 5 page(s).
2026-07-31 19:51:29,311 | INFO | Found 6 page(s).
2026-07-31 19:51:29,311 | INFO | Total pages discovered : 12
2026-07-31 19:51:29,311 | INFO | Downloading child sitemap : https://necs-legal.com/wp-sitemap-posts-page-1.xml
2026-07-31 19:51:30,331 | INFO | Child sitemap downloaded successfully.
2026-07-31 19:51:30,333 | INFO | Parsing child sitemap...
2026-07-31 19:51:30,335 | INFO | Found 1 page(s).
2026-07-31 19:51:30,335 | INFO | Found 2 page(s).
2026-07-31 19:51:30,335 | INFO | Found 3 page(s).
2026-07-31 19:51:30,336 | INFO | Found 4 page(s).
2026-07-31 19:51:30,336 | INFO | Found 5 page(s).
2026-07-31 19:51:30,336 | INFO | Found 6 page(s).
2026-07-31 19:51:30,336 | INFO | Found 7 page(s).
2026-07-31 19:51:30,336 | INFO | Found 8 page(s).
2026-07-31 19:51:30,336 | INFO | Found 9 page(s).
2026-07-31 19:51:30,337 | INFO | Found 10 page(s).
2026-07-31 19:51:30,337 | INFO | Found 11 page(s).
2026-07-31 19:51:30,337 | INFO | Found 12 page(s).
2026-07-31 19:51:30,337 | INFO | Found 13 page(s).
2026-07-31 19:51:30,337 | INFO | Found 14 page(s).
2026-07-31 19:51:30,337 | INFO | Total pages discovered : 40
2026-07-31 19:51:30,337 | INFO | Downloading child sitemap : https://necs-legal.com/wp-sitemap-taxonomies-category-1.xml
2026-07-31 19:51:31,458 | INFO | Child sitemap downloaded successfully.
2026-07-31 19:51:31,460 | INFO | Parsing child sitemap...
2026-07-31 19:51:31,461 | INFO | Found 1 page(s).
2026-07-31 19:51:31,461 | INFO | Found 2 page(s).
2026-07-31 19:51:31,461 | INFO | Found 3 page(s).
2026-07-31 19:51:31,462 | INFO | Found 4 page(s).
2026-07-31 19:51:31,462 | INFO | Total pages discovered : 48
2026-07-31 19:51:31,462 | INFO | Downloading sitemap...
2026-07-31 19:51:32,789 | INFO | Sitemap downloaded successfully.
2026-07-31 19:51:32,791 | INFO | Parsing sitemap...
2026-07-31 19:51:32,792 | INFO | Found 1 sitemap(s).
2026-07-31 19:51:32,792 | INFO | Found 2 sitemap(s).
2026-07-31 19:51:32,793 | INFO | Found 3 sitemap(s).
2026-07-31 19:51:32,793 | INFO | 
2026-07-31 19:51:32,793 | INFO | ============================================================
2026-07-31 19:51:32,793 | INFO | DISCOVERING WEBSITE PAGES
2026-07-31 19:51:32,793 | INFO | ============================================================
2026-07-31 19:51:32,793 | INFO | Downloading child sitemap : https://necs-legal.com/wp-sitemap-posts-post-1.xml
2026-07-31 19:51:33,813 | INFO | Child sitemap downloaded successfully.
2026-07-31 19:51:33,815 | INFO | Parsing child sitemap...
2026-07-31 19:51:33,818 | INFO | Found 1 page(s).
2026-07-31 19:51:33,818 | INFO | Found 2 page(s).
2026-07-31 19:51:33,818 | INFO | Found 3 page(s).
2026-07-31 19:51:33,819 | INFO | Found 4 page(s).
2026-07-31 19:51:33,819 | INFO | Found 5 page(s).
2026-07-31 19:51:33,819 | INFO | Found 6 page(s).
2026-07-31 19:51:33,819 | INFO | Total pages discovered : 12
2026-07-31 19:51:33,819 | INFO | Downloading child sitemap : https://necs-legal.com/wp-sitemap-posts-page-1.xml
2026-07-31 19:51:34,827 | INFO | Child sitemap downloaded successfully.
2026-07-31 19:51:34,829 | INFO | Parsing child sitemap...
2026-07-31 19:51:34,831 | INFO | Found 1 page(s).
2026-07-31 19:51:34,831 | INFO | Found 2 page(s).
2026-07-31 19:51:34,831 | INFO | Found 3 page(s).
2026-07-31 19:51:34,831 | INFO | Found 4 page(s).
2026-07-31 19:51:34,831 | INFO | Found 5 page(s).
2026-07-31 19:51:34,831 | INFO | Found 6 page(s).
2026-07-31 19:51:34,831 | INFO | Found 7 page(s).
2026-07-31 19:51:34,832 | INFO | Found 8 page(s).
2026-07-31 19:51:34,832 | INFO | Found 9 page(s).
2026-07-31 19:51:34,832 | INFO | Found 10 page(s).
2026-07-31 19:51:34,832 | INFO | Found 11 page(s).
2026-07-31 19:51:34,832 | INFO | Found 12 page(s).
2026-07-31 19:51:34,832 | INFO | Found 13 page(s).
2026-07-31 19:51:34,832 | INFO | Found 14 page(s).
2026-07-31 19:51:34,832 | INFO | Total pages discovered : 40
2026-07-31 19:51:34,832 | INFO | Downloading child sitemap : https://necs-legal.com/wp-sitemap-taxonomies-category-1.xml
2026-07-31 19:51:35,861 | INFO | Child sitemap downloaded successfully.
2026-07-31 19:51:35,863 | INFO | Parsing child sitemap...
2026-07-31 19:51:35,864 | INFO | Found 1 page(s).
2026-07-31 19:51:35,865 | INFO | Found 2 page(s).
2026-07-31 19:51:35,865 | INFO | Found 3 page(s).
2026-07-31 19:51:35,865 | INFO | Found 4 page(s).
2026-07-31 19:51:35,865 | INFO | Total pages discovered : 48
2026-07-31 19:51:35,865 | INFO | Downloading sitemap...
2026-07-31 19:51:37,501 | INFO | Sitemap downloaded successfully.
2026-07-31 19:51:37,503 | INFO | Parsing sitemap...
2026-07-31 19:51:37,504 | INFO | Found 1 sitemap(s).
2026-07-31 19:51:37,504 | INFO | Found 2 sitemap(s).
2026-07-31 19:51:37,504 | INFO | Found 3 sitemap(s).
2026-07-31 19:51:37,504 | INFO | 
2026-07-31 19:51:37,505 | INFO | ============================================================
2026-07-31 19:51:37,505 | INFO | DISCOVERING WEBSITE PAGES
2026-07-31 19:51:37,505 | INFO | ============================================================
2026-07-31 19:51:37,505 | INFO | Downloading child sitemap : https://necs-legal.com/wp-sitemap-posts-post-1.xml
2026-07-31 19:51:38,524 | INFO | Child sitemap downloaded successfully.
2026-07-31 19:51:38,526 | INFO | Parsing child sitemap...
2026-07-31 19:51:38,528 | INFO | Found 1 page(s).
2026-07-31 19:51:38,528 | INFO | Found 2 page(s).
2026-07-31 19:51:38,528 | INFO | Found 3 page(s).
2026-07-31 19:51:38,528 | INFO | Found 4 page(s).
2026-07-31 19:51:38,528 | INFO | Found 5 page(s).
2026-07-31 19:51:38,528 | INFO | Found 6 page(s).
2026-07-31 19:51:38,528 | INFO | Total pages discovered : 12
2026-07-31 19:51:38,528 | INFO | Downloading child sitemap : https://necs-legal.com/wp-sitemap-posts-page-1.xml
2026-07-31 19:51:39,478 | INFO | Child sitemap downloaded successfully.
2026-07-31 19:51:39,480 | INFO | Parsing child sitemap...
2026-07-31 19:51:39,481 | INFO | Found 1 page(s).
2026-07-31 19:51:39,482 | INFO | Found 2 page(s).
2026-07-31 19:51:39,482 | INFO | Found 3 page(s).
2026-07-31 19:51:39,482 | INFO | Found 4 page(s).
2026-07-31 19:51:39,482 | INFO | Found 5 page(s).
2026-07-31 19:51:39,482 | INFO | Found 6 page(s).
2026-07-31 19:51:39,483 | INFO | Found 7 page(s).
2026-07-31 19:51:39,483 | INFO | Found 8 page(s).
2026-07-31 19:51:39,483 | INFO | Found 9 page(s).
2026-07-31 19:51:39,483 | INFO | Found 10 page(s).
2026-07-31 19:51:39,483 | INFO | Found 11 page(s).
2026-07-31 19:51:39,483 | INFO | Found 12 page(s).
2026-07-31 19:51:39,484 | INFO | Found 13 page(s).
2026-07-31 19:51:39,484 | INFO | Found 14 page(s).
2026-07-31 19:51:39,484 | INFO | Total pages discovered : 40
2026-07-31 19:51:39,484 | INFO | Downloading child sitemap : https://necs-legal.com/wp-sitemap-taxonomies-category-1.xml
2026-07-31 19:51:40,469 | INFO | Child sitemap downloaded successfully.
2026-07-31 19:51:40,471 | INFO | Parsing child sitemap...
2026-07-31 19:51:40,473 | INFO | Found 1 page(s).
2026-07-31 19:51:40,473 | INFO | Found 2 page(s).
2026-07-31 19:51:40,473 | INFO | Found 3 page(s).
2026-07-31 19:51:40,473 | INFO | Found 4 page(s).
2026-07-31 19:51:40,473 | INFO | Total pages discovered : 48
2026-07-31 19:51:40,473 | INFO | Downloading sitemap...
2026-07-31 19:51:42,108 | INFO | Sitemap downloaded successfully.
2026-07-31 19:51:42,110 | INFO | Parsing sitemap...
2026-07-31 19:51:42,111 | INFO | Found 1 sitemap(s).
2026-07-31 19:51:42,111 | INFO | Found 2 sitemap(s).
2026-07-31 19:51:42,111 | INFO | Found 3 sitemap(s).
2026-07-31 19:51:42,111 | INFO | 
2026-07-31 19:51:42,111 | INFO | ============================================================
2026-07-31 19:51:42,111 | INFO | DISCOVERING WEBSITE PAGES
2026-07-31 19:51:42,111 | INFO | ============================================================
2026-07-31 19:51:42,112 | INFO | Downloading child sitemap : https://necs-legal.com/wp-sitemap-posts-post-1.xml
2026-07-31 19:51:43,132 | INFO | Child sitemap downloaded successfully.
2026-07-31 19:51:43,134 | INFO | Parsing child sitemap...
2026-07-31 19:51:43,135 | INFO | Found 1 page(s).
2026-07-31 19:51:43,135 | INFO | Found 2 page(s).
2026-07-31 19:51:43,136 | INFO | Found 3 page(s).
2026-07-31 19:51:43,136 | INFO | Found 4 page(s).
2026-07-31 19:51:43,136 | INFO | Found 5 page(s).
2026-07-31 19:51:43,136 | INFO | Found 6 page(s).
2026-07-31 19:51:43,136 | INFO | Total pages discovered : 12
2026-07-31 19:51:43,136 | INFO | Downloading child sitemap : https://necs-legal.com/wp-sitemap-posts-page-1.xml
2026-07-31 19:51:44,156 | INFO | Child sitemap downloaded successfully.
2026-07-31 19:51:44,158 | INFO | Parsing child sitemap...
2026-07-31 19:51:44,159 | INFO | Found 1 page(s).
2026-07-31 19:51:44,159 | INFO | Found 2 page(s).
2026-07-31 19:51:44,160 | INFO | Found 3 page(s).
2026-07-31 19:51:44,160 | INFO | Found 4 page(s).
2026-07-31 19:51:44,160 | INFO | Found 5 page(s).
2026-07-31 19:51:44,160 | INFO | Found 6 page(s).
2026-07-31 19:51:44,160 | INFO | Found 7 page(s).
2026-07-31 19:51:44,160 | INFO | Found 8 page(s).
2026-07-31 19:51:44,160 | INFO | Found 9 page(s).
2026-07-31 19:51:44,160 | INFO | Found 10 page(s).
2026-07-31 19:51:44,160 | INFO | Found 11 page(s).
2026-07-31 19:51:44,160 | INFO | Found 12 page(s).
2026-07-31 19:51:44,160 | INFO | Found 13 page(s).
2026-07-31 19:51:44,160 | INFO | Found 14 page(s).
2026-07-31 19:51:44,160 | INFO | Total pages discovered : 40
2026-07-31 19:51:44,160 | INFO | Downloading child sitemap : https://necs-legal.com/wp-sitemap-taxonomies-category-1.xml
2026-07-31 19:51:45,384 | INFO | Child sitemap downloaded successfully.
2026-07-31 19:51:45,385 | INFO | Parsing child sitemap...
2026-07-31 19:51:45,385 | INFO | Found 1 page(s).
2026-07-31 19:51:45,385 | INFO | Found 2 page(s).
2026-07-31 19:51:45,386 | INFO | Found 3 page(s).
2026-07-31 19:51:45,386 | INFO | Found 4 page(s).
2026-07-31 19:51:45,386 | INFO | Total pages discovered : 48
2026-07-31 19:51:45,386 | INFO | Downloading sitemap...
2026-07-31 19:51:46,843 | INFO | Sitemap downloaded successfully.
2026-07-31 19:51:46,845 | INFO | Parsing sitemap...
2026-07-31 19:51:46,846 | INFO | Found 1 sitemap(s).
2026-07-31 19:51:46,846 | INFO | Found 2 sitemap(s).
2026-07-31 19:51:46,847 | INFO | Found 3 sitemap(s).
2026-07-31 19:51:46,847 | INFO | 
2026-07-31 19:51:46,847 | INFO | ============================================================
2026-07-31 19:51:46,847 | INFO | DISCOVERING WEBSITE PAGES
2026-07-31 19:51:46,847 | INFO | ============================================================
2026-07-31 19:51:46,847 | INFO | Downloading child sitemap : https://necs-legal.com/wp-sitemap-posts-post-1.xml
2026-07-31 19:51:47,945 | INFO | Child sitemap downloaded successfully.
2026-07-31 19:51:47,947 | INFO | Parsing child sitemap...
2026-07-31 19:51:47,950 | INFO | Found 1 page(s).
2026-07-31 19:51:47,950 | INFO | Found 2 page(s).
2026-07-31 19:51:47,950 | INFO | Found 3 page(s).
2026-07-31 19:51:47,950 | INFO | Found 4 page(s).
2026-07-31 19:51:47,950 | INFO | Found 5 page(s).
2026-07-31 19:51:47,950 | INFO | Found 6 page(s).
2026-07-31 19:51:47,951 | INFO | Total pages discovered : 12
2026-07-31 19:51:47,951 | INFO | Downloading child sitemap : https://necs-legal.com/wp-sitemap-posts-page-1.xml
2026-07-31 19:51:49,071 | INFO | Child sitemap downloaded successfully.
2026-07-31 19:51:49,073 | INFO | Parsing child sitemap...
2026-07-31 19:51:49,074 | INFO | Found 1 page(s).
2026-07-31 19:51:49,075 | INFO | Found 2 page(s).
2026-07-31 19:51:49,075 | INFO | Found 3 page(s).
2026-07-31 19:51:49,075 | INFO | Found 4 page(s).
2026-07-31 19:51:49,075 | INFO | Found 5 page(s).
2026-07-31 19:51:49,075 | INFO | Found 6 page(s).
2026-07-31 19:51:49,075 | INFO | Found 7 page(s).
2026-07-31 19:51:49,075 | INFO | Found 8 page(s).
2026-07-31 19:51:49,075 | INFO | Found 9 page(s).
2026-07-31 19:51:49,076 | INFO | Found 10 page(s).
2026-07-31 19:51:49,076 | INFO | Found 11 page(s).
2026-07-31 19:51:49,076 | INFO | Found 12 page(s).
2026-07-31 19:51:49,076 | INFO | Found 13 page(s).
2026-07-31 19:51:49,076 | INFO | Found 14 page(s).
2026-07-31 19:51:49,076 | INFO | Total pages discovered : 40
2026-07-31 19:51:49,076 | INFO | Downloading child sitemap : https://necs-legal.com/wp-sitemap-taxonomies-category-1.xml
2026-07-31 19:51:50,095 | INFO | Child sitemap downloaded successfully.
2026-07-31 19:51:50,097 | INFO | Parsing child sitemap...
2026-07-31 19:51:50,099 | INFO | Found 1 page(s).
2026-07-31 19:51:50,099 | INFO | Found 2 page(s).
2026-07-31 19:51:50,099 | INFO | Found 3 page(s).
2026-07-31 19:51:50,099 | INFO | Found 4 page(s).
2026-07-31 19:51:50,099 | INFO | Total pages discovered : 48
2026-07-31 19:51:50,100 | INFO | Downloading sitemap...
2026-07-31 19:51:51,529 | INFO | Sitemap downloaded successfully.
2026-07-31 19:51:51,531 | INFO | Parsing sitemap...
2026-07-31 19:51:51,532 | INFO | Found 1 sitemap(s).
2026-07-31 19:51:51,532 | INFO | Found 2 sitemap(s).
2026-07-31 19:51:51,533 | INFO | Found 3 sitemap(s).
2026-07-31 19:51:51,533 | INFO | 
2026-07-31 19:51:51,533 | INFO | ============================================================
2026-07-31 19:51:51,533 | INFO | DISCOVERING WEBSITE PAGES
2026-07-31 19:51:51,533 | INFO | ============================================================
2026-07-31 19:51:51,533 | INFO | Downloading child sitemap : https://necs-legal.com/wp-sitemap-posts-post-1.xml
2026-07-31 19:51:52,963 | INFO | Child sitemap downloaded successfully.
2026-07-31 19:51:52,965 | INFO | Parsing child sitemap...
2026-07-31 19:51:52,966 | INFO | Found 1 page(s).
2026-07-31 19:51:52,966 | INFO | Found 2 page(s).
2026-07-31 19:51:52,966 | INFO | Found 3 page(s).
2026-07-31 19:51:52,967 | INFO | Found 4 page(s).
2026-07-31 19:51:52,967 | INFO | Found 5 page(s).
2026-07-31 19:51:52,967 | INFO | Found 6 page(s).
2026-07-31 19:51:52,967 | INFO | Total pages discovered : 12
2026-07-31 19:51:52,967 | INFO | Downloading child sitemap : https://necs-legal.com/wp-sitemap-posts-page-1.xml
2026-07-31 19:51:53,986 | INFO | Child sitemap downloaded successfully.
2026-07-31 19:51:53,989 | INFO | Parsing child sitemap...
2026-07-31 19:51:53,990 | INFO | Found 1 page(s).
2026-07-31 19:51:53,990 | INFO | Found 2 page(s).
2026-07-31 19:51:53,990 | INFO | Found 3 page(s).
2026-07-31 19:51:53,990 | INFO | Found 4 page(s).
2026-07-31 19:51:53,991 | INFO | Found 5 page(s).
2026-07-31 19:51:53,991 | INFO | Found 6 page(s).
2026-07-31 19:51:53,991 | INFO | Found 7 page(s).
2026-07-31 19:51:53,991 | INFO | Found 8 page(s).
2026-07-31 19:51:53,991 | INFO | Found 9 page(s).
2026-07-31 19:51:53,991 | INFO | Found 10 page(s).
2026-07-31 19:51:53,992 | INFO | Found 11 page(s).
2026-07-31 19:51:53,992 | INFO | Found 12 page(s).
2026-07-31 19:51:53,992 | INFO | Found 13 page(s).
2026-07-31 19:51:53,992 | INFO | Found 14 page(s).
2026-07-31 19:51:53,992 | INFO | Total pages discovered : 40
2026-07-31 19:51:53,992 | INFO | Downloading child sitemap : https://necs-legal.com/wp-sitemap-taxonomies-category-1.xml
2026-07-31 19:51:54,992 | INFO | Child sitemap downloaded successfully.
2026-07-31 19:51:54,994 | INFO | Parsing child sitemap...
2026-07-31 19:51:54,997 | INFO | Found 1 page(s).
2026-07-31 19:51:54,997 | INFO | Found 2 page(s).
2026-07-31 19:51:54,998 | INFO | Found 3 page(s).
2026-07-31 19:51:54,998 | INFO | Found 4 page(s).
2026-07-31 19:51:54,998 | INFO | Total pages discovered : 48
2026-07-31 19:51:54,998 | INFO | Downloading sitemap...
2026-07-31 19:51:56,342 | INFO | Sitemap downloaded successfully.
2026-07-31 19:51:56,344 | INFO | Parsing sitemap...
2026-07-31 19:51:56,345 | INFO | Found 1 sitemap(s).
2026-07-31 19:51:56,346 | INFO | Found 2 sitemap(s).
2026-07-31 19:51:56,346 | INFO | Found 3 sitemap(s).
2026-07-31 19:51:56,346 | INFO | 
2026-07-31 19:51:56,346 | INFO | ============================================================
2026-07-31 19:51:56,346 | INFO | DISCOVERING WEBSITE PAGES
2026-07-31 19:51:56,346 | INFO | ============================================================
2026-07-31 19:51:56,346 | INFO | Downloading child sitemap : https://necs-legal.com/wp-sitemap-posts-post-1.xml
2026-07-31 19:51:57,673 | INFO | Child sitemap downloaded successfully.
2026-07-31 19:51:57,675 | INFO | Parsing child sitemap...
2026-07-31 19:51:57,676 | INFO | Found 1 page(s).
2026-07-31 19:51:57,677 | INFO | Found 2 page(s).
2026-07-31 19:51:57,677 | INFO | Found 3 page(s).
2026-07-31 19:51:57,677 | INFO | Found 4 page(s).
2026-07-31 19:51:57,677 | INFO | Found 5 page(s).
2026-07-31 19:51:57,677 | INFO | Found 6 page(s).
2026-07-31 19:51:57,678 | INFO | Total pages discovered : 12
2026-07-31 19:51:57,678 | INFO | Downloading child sitemap : https://necs-legal.com/wp-sitemap-posts-page-1.xml
2026-07-31 19:51:58,724 | INFO | Child sitemap downloaded successfully.
2026-07-31 19:51:58,726 | INFO | Parsing child sitemap...
2026-07-31 19:51:58,726 | INFO | Found 1 page(s).
2026-07-31 19:51:58,726 | INFO | Found 2 page(s).
2026-07-31 19:51:58,726 | INFO | Found 3 page(s).
2026-07-31 19:51:58,727 | INFO | Found 4 page(s).
2026-07-31 19:51:58,727 | INFO | Found 5 page(s).
2026-07-31 19:51:58,727 | INFO | Found 6 page(s).
2026-07-31 19:51:58,727 | INFO | Found 7 page(s).
2026-07-31 19:51:58,727 | INFO | Found 8 page(s).
2026-07-31 19:51:58,727 | INFO | Found 9 page(s).
2026-07-31 19:51:58,727 | INFO | Found 10 page(s).
2026-07-31 19:51:58,727 | INFO | Found 11 page(s).
2026-07-31 19:51:58,727 | INFO | Found 12 page(s).
2026-07-31 19:51:58,727 | INFO | Found 13 page(s).
2026-07-31 19:51:58,727 | INFO | Found 14 page(s).
2026-07-31 19:51:58,727 | INFO | Total pages discovered : 40
2026-07-31 19:51:58,728 | INFO | Downloading child sitemap : https://necs-legal.com/wp-sitemap-taxonomies-category-1.xml
2026-07-31 19:51:59,839 | INFO | Child sitemap downloaded successfully.
2026-07-31 19:51:59,841 | INFO | Parsing child sitemap...
2026-07-31 19:51:59,842 | INFO | Found 1 page(s).
2026-07-31 19:51:59,842 | INFO | Found 2 page(s).
2026-07-31 19:51:59,842 | INFO | Found 3 page(s).
2026-07-31 19:51:59,843 | INFO | Found 4 page(s).
2026-07-31 19:51:59,843 | INFO | Total pages discovered : 48
2026-07-31 19:51:59,843 | INFO | Downloading sitemap...
2026-07-31 19:52:01,154 | INFO | Sitemap downloaded successfully.
2026-07-31 19:52:01,157 | INFO | Parsing sitemap...
2026-07-31 19:52:01,158 | INFO | Found 1 sitemap(s).
2026-07-31 19:52:01,158 | INFO | Found 2 sitemap(s).
2026-07-31 19:52:01,158 | INFO | Found 3 sitemap(s).
2026-07-31 19:52:01,158 | INFO | 
2026-07-31 19:52:01,159 | INFO | ============================================================
2026-07-31 19:52:01,159 | INFO | DISCOVERING WEBSITE PAGES
2026-07-31 19:52:01,159 | INFO | ============================================================
2026-07-31 19:52:01,159 | INFO | Downloading child sitemap : https://necs-legal.com/wp-sitemap-posts-post-1.xml
2026-07-31 19:52:02,486 | INFO | Child sitemap downloaded successfully.
2026-07-31 19:52:02,488 | INFO | Parsing child sitemap...
2026-07-31 19:52:02,489 | INFO | Found 1 page(s).
2026-07-31 19:52:02,489 | INFO | Found 2 page(s).
2026-07-31 19:52:02,489 | INFO | Found 3 page(s).
2026-07-31 19:52:02,489 | INFO | Found 4 page(s).
2026-07-31 19:52:02,490 | INFO | Found 5 page(s).
2026-07-31 19:52:02,490 | INFO | Found 6 page(s).
2026-07-31 19:52:02,490 | INFO | Total pages discovered : 12
2026-07-31 19:52:02,490 | INFO | Downloading child sitemap : https://necs-legal.com/wp-sitemap-posts-page-1.xml
2026-07-31 19:52:03,506 | INFO | Child sitemap downloaded successfully.
2026-07-31 19:52:03,508 | INFO | Parsing child sitemap...
2026-07-31 19:52:03,510 | INFO | Found 1 page(s).
2026-07-31 19:52:03,510 | INFO | Found 2 page(s).
2026-07-31 19:52:03,510 | INFO | Found 3 page(s).
2026-07-31 19:52:03,511 | INFO | Found 4 page(s).
2026-07-31 19:52:03,511 | INFO | Found 5 page(s).
2026-07-31 19:52:03,511 | INFO | Found 6 page(s).
2026-07-31 19:52:03,511 | INFO | Found 7 page(s).
2026-07-31 19:52:03,511 | INFO | Found 8 page(s).
2026-07-31 19:52:03,511 | INFO | Found 9 page(s).
2026-07-31 19:52:03,511 | INFO | Found 10 page(s).
2026-07-31 19:52:03,512 | INFO | Found 11 page(s).
2026-07-31 19:52:03,512 | INFO | Found 12 page(s).
2026-07-31 19:52:03,512 | INFO | Found 13 page(s).
2026-07-31 19:52:03,512 | INFO | Found 14 page(s).
2026-07-31 19:52:03,512 | INFO | Total pages discovered : 40
2026-07-31 19:52:03,512 | INFO | Downloading child sitemap : https://necs-legal.com/wp-sitemap-taxonomies-category-1.xml
2026-07-31 19:52:04,545 | INFO | Child sitemap downloaded successfully.
2026-07-31 19:52:04,547 | INFO | Parsing child sitemap...
2026-07-31 19:52:04,548 | INFO | Found 1 page(s).
2026-07-31 19:52:04,549 | INFO | Found 2 page(s).
2026-07-31 19:52:04,549 | INFO | Found 3 page(s).
2026-07-31 19:52:04,549 | INFO | Found 4 page(s).
2026-07-31 19:52:04,549 | INFO | Total pages discovered : 48
2026-07-31 19:52:04,549 | INFO | Downloading sitemap...
2026-07-31 19:52:05,979 | INFO | Sitemap downloaded successfully.
2026-07-31 19:52:05,981 | INFO | Parsing sitemap...
2026-07-31 19:52:05,983 | INFO | Found 1 sitemap(s).
2026-07-31 19:52:05,983 | INFO | Found 2 sitemap(s).
2026-07-31 19:52:05,983 | INFO | Found 3 sitemap(s).
2026-07-31 19:52:05,983 | INFO | 
2026-07-31 19:52:05,983 | INFO | ============================================================
2026-07-31 19:52:05,983 | INFO | DISCOVERING WEBSITE PAGES
2026-07-31 19:52:05,984 | INFO | ============================================================
2026-07-31 19:52:05,984 | INFO | Downloading child sitemap : https://necs-legal.com/wp-sitemap-posts-post-1.xml
2026-07-31 19:52:06,992 | INFO | Child sitemap downloaded successfully.
2026-07-31 19:52:06,994 | INFO | Parsing child sitemap...
2026-07-31 19:52:06,996 | INFO | Found 1 page(s).
2026-07-31 19:52:06,996 | INFO | Found 2 page(s).
2026-07-31 19:52:06,996 | INFO | Found 3 page(s).
2026-07-31 19:52:06,996 | INFO | Found 4 page(s).
2026-07-31 19:52:06,996 | INFO | Found 5 page(s).
2026-07-31 19:52:06,996 | INFO | Found 6 page(s).
2026-07-31 19:52:06,996 | INFO | Total pages discovered : 12
2026-07-31 19:52:06,996 | INFO | Downloading child sitemap : https://necs-legal.com/wp-sitemap-posts-page-1.xml
2026-07-31 19:52:08,016 | INFO | Child sitemap downloaded successfully.
2026-07-31 19:52:08,018 | INFO | Parsing child sitemap...
2026-07-31 19:52:08,019 | INFO | Found 1 page(s).
2026-07-31 19:52:08,019 | INFO | Found 2 page(s).
2026-07-31 19:52:08,019 | INFO | Found 3 page(s).
2026-07-31 19:52:08,019 | INFO | Found 4 page(s).
2026-07-31 19:52:08,019 | INFO | Found 5 page(s).
2026-07-31 19:52:08,019 | INFO | Found 6 page(s).
2026-07-31 19:52:08,020 | INFO | Found 7 page(s).
2026-07-31 19:52:08,020 | INFO | Found 8 page(s).
2026-07-31 19:52:08,020 | INFO | Found 9 page(s).
2026-07-31 19:52:08,020 | INFO | Found 10 page(s).
2026-07-31 19:52:08,020 | INFO | Found 11 page(s).
2026-07-31 19:52:08,020 | INFO | Found 12 page(s).
2026-07-31 19:52:08,020 | INFO | Found 13 page(s).
2026-07-31 19:52:08,020 | INFO | Found 14 page(s).
2026-07-31 19:52:08,020 | INFO | Total pages discovered : 40
2026-07-31 19:52:08,020 | INFO | Downloading child sitemap : https://necs-legal.com/wp-sitemap-taxonomies-category-1.xml
2026-07-31 19:52:09,040 | INFO | Child sitemap downloaded successfully.
2026-07-31 19:52:09,042 | INFO | Parsing child sitemap...
2026-07-31 19:52:09,043 | INFO | Found 1 page(s).
2026-07-31 19:52:09,043 | INFO | Found 2 page(s).
2026-07-31 19:52:09,043 | INFO | Found 3 page(s).
2026-07-31 19:52:09,043 | INFO | Found 4 page(s).
2026-07-31 19:52:09,043 | INFO | Total pages discovered : 48
2026-07-31 19:52:09,044 | INFO | Downloading sitemap...
2026-07-31 19:52:10,473 | INFO | Sitemap downloaded successfully.
2026-07-31 19:52:10,475 | INFO | Parsing sitemap...
2026-07-31 19:52:10,476 | INFO | Found 1 sitemap(s).
2026-07-31 19:52:10,477 | INFO | Found 2 sitemap(s).
2026-07-31 19:52:10,477 | INFO | Found 3 sitemap(s).
2026-07-31 19:52:10,477 | INFO | 
2026-07-31 19:52:10,477 | INFO | ============================================================
2026-07-31 19:52:10,477 | INFO | DISCOVERING WEBSITE PAGES
2026-07-31 19:52:10,477 | INFO | ============================================================
2026-07-31 19:52:10,477 | INFO | Downloading child sitemap : https://necs-legal.com/wp-sitemap-posts-post-1.xml
2026-07-31 19:52:11,497 | INFO | Child sitemap downloaded successfully.
2026-07-31 19:52:11,500 | INFO | Parsing child sitemap...
2026-07-31 19:52:11,501 | INFO | Found 1 page(s).
2026-07-31 19:52:11,501 | INFO | Found 2 page(s).
2026-07-31 19:52:11,501 | INFO | Found 3 page(s).
2026-07-31 19:52:11,501 | INFO | Found 4 page(s).
2026-07-31 19:52:11,501 | INFO | Found 5 page(s).
2026-07-31 19:52:11,501 | INFO | Found 6 page(s).
2026-07-31 19:52:11,501 | INFO | Total pages discovered : 12
2026-07-31 19:52:11,501 | INFO | Downloading child sitemap : https://necs-legal.com/wp-sitemap-posts-page-1.xml
2026-07-31 19:52:12,521 | INFO | Child sitemap downloaded successfully.
2026-07-31 19:52:12,523 | INFO | Parsing child sitemap...
2026-07-31 19:52:12,525 | INFO | Found 1 page(s).
2026-07-31 19:52:12,525 | INFO | Found 2 page(s).
2026-07-31 19:52:12,525 | INFO | Found 3 page(s).
2026-07-31 19:52:12,525 | INFO | Found 4 page(s).
2026-07-31 19:52:12,525 | INFO | Found 5 page(s).
2026-07-31 19:52:12,526 | INFO | Found 6 page(s).
2026-07-31 19:52:12,526 | INFO | Found 7 page(s).
2026-07-31 19:52:12,526 | INFO | Found 8 page(s).
2026-07-31 19:52:12,526 | INFO | Found 9 page(s).
2026-07-31 19:52:12,526 | INFO | Found 10 page(s).
2026-07-31 19:52:12,526 | INFO | Found 11 page(s).
2026-07-31 19:52:12,526 | INFO | Found 12 page(s).
2026-07-31 19:52:12,526 | INFO | Found 13 page(s).
2026-07-31 19:52:12,526 | INFO | Found 14 page(s).
2026-07-31 19:52:12,526 | INFO | Total pages discovered : 40
2026-07-31 19:52:12,526 | INFO | Downloading child sitemap : https://necs-legal.com/wp-sitemap-taxonomies-category-1.xml
2026-07-31 19:52:13,750 | INFO | Child sitemap downloaded successfully.
2026-07-31 19:52:13,752 | INFO | Parsing child sitemap...
2026-07-31 19:52:13,754 | INFO | Found 1 page(s).
2026-07-31 19:52:13,754 | INFO | Found 2 page(s).
2026-07-31 19:52:13,754 | INFO | Found 3 page(s).
2026-07-31 19:52:13,754 | INFO | Found 4 page(s).
2026-07-31 19:52:13,754 | INFO | Total pages discovered : 48
2026-07-31 19:52:13,754 | INFO | Downloading sitemap...
2026-07-31 19:52:15,081 | INFO | Sitemap downloaded successfully.
2026-07-31 19:52:15,084 | INFO | Parsing sitemap...
2026-07-31 19:52:15,085 | INFO | Found 1 sitemap(s).
2026-07-31 19:52:15,085 | INFO | Found 2 sitemap(s).
2026-07-31 19:52:15,085 | INFO | Found 3 sitemap(s).
2026-07-31 19:52:15,085 | INFO | 
2026-07-31 19:52:15,085 | INFO | ============================================================
2026-07-31 19:52:15,085 | INFO | DISCOVERING WEBSITE PAGES
2026-07-31 19:52:15,085 | INFO | ============================================================
2026-07-31 19:52:15,085 | INFO | Downloading child sitemap : https://necs-legal.com/wp-sitemap-posts-post-1.xml
2026-07-31 19:52:16,090 | INFO | Child sitemap downloaded successfully.
2026-07-31 19:52:16,092 | INFO | Parsing child sitemap...
2026-07-31 19:52:16,093 | INFO | Found 1 page(s).
2026-07-31 19:52:16,093 | INFO | Found 2 page(s).
2026-07-31 19:52:16,093 | INFO | Found 3 page(s).
2026-07-31 19:52:16,093 | INFO | Found 4 page(s).
2026-07-31 19:52:16,093 | INFO | Found 5 page(s).
2026-07-31 19:52:16,093 | INFO | Found 6 page(s).
2026-07-31 19:52:16,094 | INFO | Total pages discovered : 12
2026-07-31 19:52:16,094 | INFO | Downloading child sitemap : https://necs-legal.com/wp-sitemap-posts-page-1.xml
2026-07-31 19:52:17,130 | INFO | Child sitemap downloaded successfully.
2026-07-31 19:52:17,132 | INFO | Parsing child sitemap...
2026-07-31 19:52:17,133 | INFO | Found 1 page(s).
2026-07-31 19:52:17,133 | INFO | Found 2 page(s).
2026-07-31 19:52:17,134 | INFO | Found 3 page(s).
2026-07-31 19:52:17,134 | INFO | Found 4 page(s).
2026-07-31 19:52:17,134 | INFO | Found 5 page(s).
2026-07-31 19:52:17,134 | INFO | Found 6 page(s).
2026-07-31 19:52:17,134 | INFO | Found 7 page(s).
2026-07-31 19:52:17,134 | INFO | Found 8 page(s).
2026-07-31 19:52:17,134 | INFO | Found 9 page(s).
2026-07-31 19:52:17,134 | INFO | Found 10 page(s).
2026-07-31 19:52:17,134 | INFO | Found 11 page(s).
2026-07-31 19:52:17,134 | INFO | Found 12 page(s).
2026-07-31 19:52:17,134 | INFO | Found 13 page(s).
2026-07-31 19:52:17,134 | INFO | Found 14 page(s).
2026-07-31 19:52:17,134 | INFO | Total pages discovered : 40
2026-07-31 19:52:17,134 | INFO | Downloading child sitemap : https://necs-legal.com/wp-sitemap-taxonomies-category-1.xml
2026-07-31 19:52:18,123 | INFO | Child sitemap downloaded successfully.
2026-07-31 19:52:18,124 | INFO | Parsing child sitemap...
2026-07-31 19:52:18,125 | INFO | Found 1 page(s).
2026-07-31 19:52:18,125 | INFO | Found 2 page(s).
2026-07-31 19:52:18,125 | INFO | Found 3 page(s).
2026-07-31 19:52:18,125 | INFO | Found 4 page(s).
2026-07-31 19:52:18,125 | INFO | Total pages discovered : 48
2026-07-31 19:52:18,125 | INFO | Downloading sitemap...
2026-07-31 19:52:19,362 | INFO | Sitemap downloaded successfully.
2026-07-31 19:52:19,364 | INFO | Parsing sitemap...
2026-07-31 19:52:19,366 | INFO | Found 1 sitemap(s).
2026-07-31 19:52:19,366 | INFO | Found 2 sitemap(s).
2026-07-31 19:52:19,366 | INFO | Found 3 sitemap(s).
2026-07-31 19:52:19,366 | INFO | 
2026-07-31 19:52:19,366 | INFO | ============================================================
2026-07-31 19:52:19,367 | INFO | DISCOVERING WEBSITE PAGES
2026-07-31 19:52:19,367 | INFO | ============================================================
2026-07-31 19:52:19,367 | INFO | Downloading child sitemap : https://necs-legal.com/wp-sitemap-posts-post-1.xml
2026-07-31 19:52:20,385 | INFO | Child sitemap downloaded successfully.
2026-07-31 19:52:20,387 | INFO | Parsing child sitemap...
2026-07-31 19:52:20,389 | INFO | Found 1 page(s).
2026-07-31 19:52:20,389 | INFO | Found 2 page(s).
2026-07-31 19:52:20,389 | INFO | Found 3 page(s).
2026-07-31 19:52:20,389 | INFO | Found 4 page(s).
2026-07-31 19:52:20,389 | INFO | Found 5 page(s).
2026-07-31 19:52:20,389 | INFO | Found 6 page(s).
2026-07-31 19:52:20,389 | INFO | Total pages discovered : 12
2026-07-31 19:52:20,389 | INFO | Downloading child sitemap : https://necs-legal.com/wp-sitemap-posts-page-1.xml
2026-07-31 19:52:21,431 | INFO | Child sitemap downloaded successfully.
2026-07-31 19:52:21,433 | INFO | Parsing child sitemap...
2026-07-31 19:52:21,434 | INFO | Found 1 page(s).
2026-07-31 19:52:21,434 | INFO | Found 2 page(s).
2026-07-31 19:52:21,434 | INFO | Found 3 page(s).
2026-07-31 19:52:21,434 | INFO | Found 4 page(s).
2026-07-31 19:52:21,434 | INFO | Found 5 page(s).
2026-07-31 19:52:21,435 | INFO | Found 6 page(s).
2026-07-31 19:52:21,435 | INFO | Found 7 page(s).
2026-07-31 19:52:21,435 | INFO | Found 8 page(s).
2026-07-31 19:52:21,435 | INFO | Found 9 page(s).
2026-07-31 19:52:21,435 | INFO | Found 10 page(s).
2026-07-31 19:52:21,435 | INFO | Found 11 page(s).
2026-07-31 19:52:21,435 | INFO | Found 12 page(s).
2026-07-31 19:52:21,435 | INFO | Found 13 page(s).
2026-07-31 19:52:21,435 | INFO | Found 14 page(s).
2026-07-31 19:52:21,435 | INFO | Total pages discovered : 40
2026-07-31 19:52:21,435 | INFO | Downloading child sitemap : https://necs-legal.com/wp-sitemap-taxonomies-category-1.xml
2026-07-31 19:52:22,455 | INFO | Child sitemap downloaded successfully.
2026-07-31 19:52:22,457 | INFO | Parsing child sitemap...
2026-07-31 19:52:22,458 | INFO | Found 1 page(s).
2026-07-31 19:52:22,458 | INFO | Found 2 page(s).
2026-07-31 19:52:22,459 | INFO | Found 3 page(s).
2026-07-31 19:52:22,459 | INFO | Found 4 page(s).
2026-07-31 19:52:22,459 | INFO | Total pages discovered : 48
2026-07-31 19:52:22,459 | INFO | Downloading sitemap...
2026-07-31 19:52:23,759 | INFO | Sitemap downloaded successfully.
2026-07-31 19:52:23,761 | INFO | Parsing sitemap...
2026-07-31 19:52:23,762 | INFO | Found 1 sitemap(s).
2026-07-31 19:52:23,762 | INFO | Found 2 sitemap(s).
2026-07-31 19:52:23,763 | INFO | Found 3 sitemap(s).
2026-07-31 19:52:23,763 | INFO | 
2026-07-31 19:52:23,763 | INFO | ============================================================
2026-07-31 19:52:23,763 | INFO | DISCOVERING WEBSITE PAGES
2026-07-31 19:52:23,763 | INFO | ============================================================
2026-07-31 19:52:23,763 | INFO | Downloading child sitemap : https://necs-legal.com/wp-sitemap-posts-post-1.xml
2026-07-31 19:52:24,810 | INFO | Child sitemap downloaded successfully.
2026-07-31 19:52:24,812 | INFO | Parsing child sitemap...
2026-07-31 19:52:24,813 | INFO | Found 1 page(s).
2026-07-31 19:52:24,813 | INFO | Found 2 page(s).
2026-07-31 19:52:24,813 | INFO | Found 3 page(s).
2026-07-31 19:52:24,814 | INFO | Found 4 page(s).
2026-07-31 19:52:24,814 | INFO | Found 5 page(s).
2026-07-31 19:52:24,814 | INFO | Found 6 page(s).
2026-07-31 19:52:24,814 | INFO | Total pages discovered : 12
2026-07-31 19:52:24,814 | INFO | Downloading child sitemap : https://necs-legal.com/wp-sitemap-posts-page-1.xml
2026-07-31 19:52:26,653 | INFO | Child sitemap downloaded successfully.
2026-07-31 19:52:26,655 | INFO | Parsing child sitemap...
2026-07-31 19:52:26,657 | INFO | Found 1 page(s).
2026-07-31 19:52:26,657 | INFO | Found 2 page(s).
2026-07-31 19:52:26,657 | INFO | Found 3 page(s).
2026-07-31 19:52:26,657 | INFO | Found 4 page(s).
2026-07-31 19:52:26,657 | INFO | Found 5 page(s).
2026-07-31 19:52:26,657 | INFO | Found 6 page(s).
2026-07-31 19:52:26,658 | INFO | Found 7 page(s).
2026-07-31 19:52:26,658 | INFO | Found 8 page(s).
2026-07-31 19:52:26,658 | INFO | Found 9 page(s).
2026-07-31 19:52:26,658 | INFO | Found 10 page(s).
2026-07-31 19:52:26,658 | INFO | Found 11 page(s).
2026-07-31 19:52:26,658 | INFO | Found 12 page(s).
2026-07-31 19:52:26,659 | INFO | Found 13 page(s).
2026-07-31 19:52:26,659 | INFO | Found 14 page(s).
2026-07-31 19:52:26,659 | INFO | Total pages discovered : 40
2026-07-31 19:52:26,659 | INFO | Downloading child sitemap : https://necs-legal.com/wp-sitemap-taxonomies-category-1.xml
2026-07-31 19:52:27,677 | INFO | Child sitemap downloaded successfully.
2026-07-31 19:52:27,679 | INFO | Parsing child sitemap...
2026-07-31 19:52:27,682 | INFO | Found 1 page(s).
2026-07-31 19:52:27,682 | INFO | Found 2 page(s).
2026-07-31 19:52:27,682 | INFO | Found 3 page(s).
2026-07-31 19:52:27,682 | INFO | Found 4 page(s).
2026-07-31 19:52:27,682 | INFO | Total pages discovered : 48
2026-07-31 20:03:48,614 | INFO | Website Crawler initialized.
2026-07-31 20:03:48,615 | INFO | Downloading sitemap...
2026-07-31 20:03:50,493 | INFO | Sitemap downloaded successfully.
2026-07-31 20:03:50,496 | INFO | Parsing sitemap...
2026-07-31 20:03:50,497 | INFO | Found 1 sitemap(s).
2026-07-31 20:03:50,497 | INFO | Found 2 sitemap(s).
2026-07-31 20:03:50,497 | INFO | Found 3 sitemap(s).
2026-07-31 20:03:50,497 | INFO | 
2026-07-31 20:03:50,497 | INFO | ============================================================
2026-07-31 20:03:50,497 | INFO | DISCOVERING WEBSITE PAGES
2026-07-31 20:03:50,497 | INFO | ============================================================
2026-07-31 20:03:50,497 | INFO | Downloading child sitemap : https://necs-legal.com/wp-sitemap-posts-post-1.xml
2026-07-31 20:03:51,517 | INFO | Child sitemap downloaded successfully.
2026-07-31 20:03:51,519 | INFO | Parsing child sitemap...
2026-07-31 20:03:51,520 | INFO | Found 6 page(s).
2026-07-31 20:03:51,520 | INFO | Downloading child sitemap : https://necs-legal.com/wp-sitemap-posts-page-1.xml
2026-07-31 20:03:52,541 | INFO | Child sitemap downloaded successfully.
2026-07-31 20:03:52,543 | INFO | Parsing child sitemap...
2026-07-31 20:03:52,545 | INFO | Found 14 page(s).
2026-07-31 20:03:52,545 | INFO | Downloading child sitemap : https://necs-legal.com/wp-sitemap-taxonomies-category-1.xml
2026-07-31 20:03:53,667 | INFO | Child sitemap downloaded successfully.
2026-07-31 20:03:53,669 | INFO | Parsing child sitemap...
2026-07-31 20:03:53,672 | INFO | Found 4 page(s).
2026-07-31 20:03:53,672 | INFO | Total pages discovered : 48
2026-07-31 20:03:53,672 | INFO | Downloading sitemap...
2026-07-31 20:03:55,101 | INFO | Sitemap downloaded successfully.
2026-07-31 20:03:55,104 | INFO | Parsing sitemap...
2026-07-31 20:03:55,104 | INFO | Found 1 sitemap(s).
2026-07-31 20:03:55,105 | INFO | Found 2 sitemap(s).
2026-07-31 20:03:55,105 | INFO | Found 3 sitemap(s).
2026-07-31 20:03:55,105 | INFO | 
2026-07-31 20:03:55,105 | INFO | ============================================================
2026-07-31 20:03:55,105 | INFO | DISCOVERING WEBSITE PAGES
2026-07-31 20:03:55,105 | INFO | ============================================================
2026-07-31 20:03:55,105 | INFO | Downloading child sitemap : https://necs-legal.com/wp-sitemap-posts-post-1.xml
2026-07-31 20:03:56,093 | INFO | Child sitemap downloaded successfully.
2026-07-31 20:03:56,095 | INFO | Parsing child sitemap...
2026-07-31 20:03:56,096 | INFO | Found 6 page(s).
2026-07-31 20:03:56,096 | INFO | Downloading child sitemap : https://necs-legal.com/wp-sitemap-posts-page-1.xml
2026-07-31 20:03:57,250 | INFO | Child sitemap downloaded successfully.
2026-07-31 20:03:57,251 | INFO | Parsing child sitemap...
2026-07-31 20:03:57,252 | INFO | Found 14 page(s).
2026-07-31 20:03:57,252 | INFO | Downloading child sitemap : https://necs-legal.com/wp-sitemap-taxonomies-category-1.xml
2026-07-31 20:03:58,480 | INFO | Child sitemap downloaded successfully.
2026-07-31 20:03:58,482 | INFO | Parsing child sitemap...
2026-07-31 20:03:58,484 | INFO | Found 4 page(s).
2026-07-31 20:03:58,484 | INFO | Total pages discovered : 48
2026-07-31 20:03:58,484 | INFO | Downloading sitemap...
2026-07-31 20:03:59,814 | INFO | Sitemap downloaded successfully.
2026-07-31 20:03:59,817 | INFO | Parsing sitemap...
2026-07-31 20:03:59,818 | INFO | Found 1 sitemap(s).
2026-07-31 20:03:59,818 | INFO | Found 2 sitemap(s).
2026-07-31 20:03:59,818 | INFO | Found 3 sitemap(s).
2026-07-31 20:03:59,819 | INFO | 
2026-07-31 20:03:59,819 | INFO | ============================================================
2026-07-31 20:03:59,819 | INFO | DISCOVERING WEBSITE PAGES
2026-07-31 20:03:59,819 | INFO | ============================================================
2026-07-31 20:03:59,819 | INFO | Downloading child sitemap : https://necs-legal.com/wp-sitemap-posts-post-1.xml
2026-07-31 20:04:00,938 | INFO | Child sitemap downloaded successfully.
2026-07-31 20:04:00,941 | INFO | Parsing child sitemap...
2026-07-31 20:04:00,942 | INFO | Found 6 page(s).
2026-07-31 20:04:00,942 | INFO | Downloading child sitemap : https://necs-legal.com/wp-sitemap-posts-page-1.xml
2026-07-31 20:04:01,962 | INFO | Child sitemap downloaded successfully.
2026-07-31 20:04:01,965 | INFO | Parsing child sitemap...
2026-07-31 20:04:01,966 | INFO | Found 14 page(s).
2026-07-31 20:04:01,967 | INFO | Downloading child sitemap : https://necs-legal.com/wp-sitemap-taxonomies-category-1.xml
2026-07-31 20:04:02,986 | INFO | Child sitemap downloaded successfully.
2026-07-31 20:04:02,988 | INFO | Parsing child sitemap...
2026-07-31 20:04:02,990 | INFO | Found 4 page(s).
2026-07-31 20:04:02,990 | INFO | Total pages discovered : 48
2026-07-31 20:04:02,990 | INFO | Downloading sitemap...
2026-07-31 20:04:04,522 | INFO | Sitemap downloaded successfully.
2026-07-31 20:04:04,525 | INFO | Parsing sitemap...
2026-07-31 20:04:04,527 | INFO | Found 1 sitemap(s).
2026-07-31 20:04:04,528 | INFO | Found 2 sitemap(s).
2026-07-31 20:04:04,528 | INFO | Found 3 sitemap(s).
2026-07-31 20:04:04,528 | INFO | 
2026-07-31 20:04:04,528 | INFO | ============================================================
2026-07-31 20:04:04,529 | INFO | DISCOVERING WEBSITE PAGES
2026-07-31 20:04:04,529 | INFO | ============================================================
2026-07-31 20:04:04,529 | INFO | Downloading child sitemap : https://necs-legal.com/wp-sitemap-posts-post-1.xml
2026-07-31 20:04:05,507 | INFO | Child sitemap downloaded successfully.
2026-07-31 20:04:05,510 | INFO | Parsing child sitemap...
2026-07-31 20:04:05,511 | INFO | Found 6 page(s).
2026-07-31 20:04:05,511 | INFO | Downloading child sitemap : https://necs-legal.com/wp-sitemap-posts-page-1.xml
2026-07-31 20:04:06,569 | INFO | Child sitemap downloaded successfully.
2026-07-31 20:04:06,572 | INFO | Parsing child sitemap...
2026-07-31 20:04:06,573 | INFO | Found 14 page(s).
2026-07-31 20:04:06,573 | INFO | Downloading child sitemap : https://necs-legal.com/wp-sitemap-taxonomies-category-1.xml
2026-07-31 20:04:07,696 | INFO | Child sitemap downloaded successfully.
2026-07-31 20:04:07,699 | INFO | Parsing child sitemap...
2026-07-31 20:04:07,700 | INFO | Found 4 page(s).
2026-07-31 20:04:07,700 | INFO | Total pages discovered : 48
2026-07-31 20:04:07,701 | INFO | Downloading sitemap...
2026-07-31 20:04:09,027 | INFO | Sitemap downloaded successfully.
2026-07-31 20:04:09,029 | INFO | Parsing sitemap...
2026-07-31 20:04:09,030 | INFO | Found 1 sitemap(s).
2026-07-31 20:04:09,030 | INFO | Found 2 sitemap(s).
2026-07-31 20:04:09,031 | INFO | Found 3 sitemap(s).
2026-07-31 20:04:09,031 | INFO | 
2026-07-31 20:04:09,031 | INFO | ============================================================
2026-07-31 20:04:09,031 | INFO | DISCOVERING WEBSITE PAGES
2026-07-31 20:04:09,031 | INFO | ============================================================
2026-07-31 20:04:09,031 | INFO | Downloading child sitemap : https://necs-legal.com/wp-sitemap-posts-post-1.xml
2026-07-31 20:04:10,051 | INFO | Child sitemap downloaded successfully.
2026-07-31 20:04:10,053 | INFO | Parsing child sitemap...
2026-07-31 20:04:10,054 | INFO | Found 6 page(s).
2026-07-31 20:04:10,055 | INFO | Downloading child sitemap : https://necs-legal.com/wp-sitemap-posts-page-1.xml
2026-07-31 20:04:11,178 | INFO | Child sitemap downloaded successfully.
2026-07-31 20:04:11,180 | INFO | Parsing child sitemap...
2026-07-31 20:04:11,181 | INFO | Found 14 page(s).
2026-07-31 20:04:11,181 | INFO | Downloading child sitemap : https://necs-legal.com/wp-sitemap-taxonomies-category-1.xml
2026-07-31 20:04:12,197 | INFO | Child sitemap downloaded successfully.
2026-07-31 20:04:12,199 | INFO | Parsing child sitemap...
2026-07-31 20:04:12,200 | INFO | Found 4 page(s).
2026-07-31 20:04:12,200 | INFO | Total pages discovered : 48
2026-07-31 20:04:12,200 | INFO | Downloading sitemap...
2026-07-31 20:04:13,635 | INFO | Sitemap downloaded successfully.
2026-07-31 20:04:13,638 | INFO | Parsing sitemap...
2026-07-31 20:04:13,638 | INFO | Found 1 sitemap(s).
2026-07-31 20:04:13,638 | INFO | Found 2 sitemap(s).
2026-07-31 20:04:13,639 | INFO | Found 3 sitemap(s).
2026-07-31 20:04:13,639 | INFO | 
2026-07-31 20:04:13,639 | INFO | ============================================================
2026-07-31 20:04:13,639 | INFO | DISCOVERING WEBSITE PAGES
2026-07-31 20:04:13,639 | INFO | ============================================================
2026-07-31 20:04:13,639 | INFO | Downloading child sitemap : https://necs-legal.com/wp-sitemap-posts-post-1.xml
2026-07-31 20:04:14,966 | INFO | Child sitemap downloaded successfully.
2026-07-31 20:04:14,969 | INFO | Parsing child sitemap...
2026-07-31 20:04:14,970 | INFO | Found 6 page(s).
2026-07-31 20:04:14,970 | INFO | Downloading child sitemap : https://necs-legal.com/wp-sitemap-posts-page-1.xml
2026-07-31 20:04:16,182 | INFO | Child sitemap downloaded successfully.
2026-07-31 20:04:16,183 | INFO | Parsing child sitemap...
2026-07-31 20:04:16,184 | INFO | Found 14 page(s).
2026-07-31 20:04:16,184 | INFO | Downloading child sitemap : https://necs-legal.com/wp-sitemap-taxonomies-category-1.xml
2026-07-31 20:04:17,218 | INFO | Child sitemap downloaded successfully.
2026-07-31 20:04:17,219 | INFO | Parsing child sitemap...
2026-07-31 20:04:17,220 | INFO | Found 4 page(s).
2026-07-31 20:04:17,220 | INFO | Total pages discovered : 48
2026-07-31 20:04:17,220 | INFO | Downloading sitemap...
2026-07-31 20:04:18,653 | INFO | Sitemap downloaded successfully.
2026-07-31 20:04:18,657 | INFO | Parsing sitemap...
2026-07-31 20:04:18,657 | INFO | Found 1 sitemap(s).
2026-07-31 20:04:18,657 | INFO | Found 2 sitemap(s).
2026-07-31 20:04:18,658 | INFO | Found 3 sitemap(s).
2026-07-31 20:04:18,658 | INFO | 
2026-07-31 20:04:18,658 | INFO | ============================================================
2026-07-31 20:04:18,658 | INFO | DISCOVERING WEBSITE PAGES
2026-07-31 20:04:18,658 | INFO | ============================================================
2026-07-31 20:04:18,658 | INFO | Downloading child sitemap : https://necs-legal.com/wp-sitemap-posts-post-1.xml
2026-07-31 20:04:20,496 | INFO | Child sitemap downloaded successfully.
2026-07-31 20:04:20,498 | INFO | Parsing child sitemap...
2026-07-31 20:04:20,499 | INFO | Found 6 page(s).
2026-07-31 20:04:20,499 | INFO | Downloading child sitemap : https://necs-legal.com/wp-sitemap-posts-page-1.xml
2026-07-31 20:04:21,630 | INFO | Child sitemap downloaded successfully.
2026-07-31 20:04:21,633 | INFO | Parsing child sitemap...
2026-07-31 20:04:21,634 | INFO | Found 14 page(s).
2026-07-31 20:04:21,635 | INFO | Downloading child sitemap : https://necs-legal.com/wp-sitemap-taxonomies-category-1.xml
2026-07-31 20:04:22,852 | INFO | Child sitemap downloaded successfully.
2026-07-31 20:04:22,856 | INFO | Parsing child sitemap...
2026-07-31 20:04:22,859 | INFO | Found 4 page(s).
2026-07-31 20:04:22,860 | INFO | Total pages discovered : 48
2026-07-31 20:04:22,860 | INFO | Downloading sitemap...
2026-07-31 20:04:24,182 | INFO | Sitemap downloaded successfully.
2026-07-31 20:04:24,185 | INFO | Parsing sitemap...
2026-07-31 20:04:24,186 | INFO | Found 1 sitemap(s).
2026-07-31 20:04:24,187 | INFO | Found 2 sitemap(s).
2026-07-31 20:04:24,187 | INFO | Found 3 sitemap(s).
2026-07-31 20:04:24,187 | INFO | 
2026-07-31 20:04:24,187 | INFO | ============================================================
2026-07-31 20:04:24,187 | INFO | DISCOVERING WEBSITE PAGES
2026-07-31 20:04:24,187 | INFO | ============================================================
2026-07-31 20:04:24,188 | INFO | Downloading child sitemap : https://necs-legal.com/wp-sitemap-posts-post-1.xml
2026-07-31 20:04:25,309 | INFO | Child sitemap downloaded successfully.
2026-07-31 20:04:25,312 | INFO | Parsing child sitemap...
2026-07-31 20:04:25,313 | INFO | Found 6 page(s).
2026-07-31 20:04:25,313 | INFO | Downloading child sitemap : https://necs-legal.com/wp-sitemap-posts-page-1.xml
2026-07-31 20:04:26,334 | INFO | Child sitemap downloaded successfully.
2026-07-31 20:04:26,337 | INFO | Parsing child sitemap...
2026-07-31 20:04:26,338 | INFO | Found 14 page(s).
2026-07-31 20:04:26,338 | INFO | Downloading child sitemap : https://necs-legal.com/wp-sitemap-taxonomies-category-1.xml
2026-07-31 20:04:27,459 | INFO | Child sitemap downloaded successfully.
2026-07-31 20:04:27,461 | INFO | Parsing child sitemap...
2026-07-31 20:04:27,463 | INFO | Found 4 page(s).
2026-07-31 20:04:27,463 | INFO | Total pages discovered : 48
2026-07-31 20:04:27,464 | INFO | Downloading sitemap...
2026-07-31 20:04:28,796 | INFO | Sitemap downloaded successfully.
2026-07-31 20:04:28,798 | INFO | Parsing sitemap...
2026-07-31 20:04:28,799 | INFO | Found 1 sitemap(s).
2026-07-31 20:04:28,800 | INFO | Found 2 sitemap(s).
2026-07-31 20:04:28,800 | INFO | Found 3 sitemap(s).
2026-07-31 20:04:28,800 | INFO | 
2026-07-31 20:04:28,800 | INFO | ============================================================
2026-07-31 20:04:28,800 | INFO | DISCOVERING WEBSITE PAGES
2026-07-31 20:04:28,800 | INFO | ============================================================
2026-07-31 20:04:28,801 | INFO | Downloading child sitemap : https://necs-legal.com/wp-sitemap-posts-post-1.xml
2026-07-31 20:04:29,814 | INFO | Child sitemap downloaded successfully.
2026-07-31 20:04:29,817 | INFO | Parsing child sitemap...
2026-07-31 20:04:29,818 | INFO | Found 6 page(s).
2026-07-31 20:04:29,818 | INFO | Downloading child sitemap : https://necs-legal.com/wp-sitemap-posts-page-1.xml
2026-07-31 20:04:30,838 | INFO | Child sitemap downloaded successfully.
2026-07-31 20:04:30,841 | INFO | Parsing child sitemap...
2026-07-31 20:04:30,842 | INFO | Found 14 page(s).
2026-07-31 20:04:30,842 | INFO | Downloading child sitemap : https://necs-legal.com/wp-sitemap-taxonomies-category-1.xml
2026-07-31 20:04:31,863 | INFO | Child sitemap downloaded successfully.
2026-07-31 20:04:31,866 | INFO | Parsing child sitemap...
2026-07-31 20:04:31,867 | INFO | Found 4 page(s).
2026-07-31 20:04:31,868 | INFO | Total pages discovered : 48
2026-07-31 20:04:31,868 | INFO | Downloading sitemap...
2026-07-31 20:04:33,398 | INFO | Sitemap downloaded successfully.
2026-07-31 20:04:33,400 | INFO | Parsing sitemap...
2026-07-31 20:04:33,402 | INFO | Found 1 sitemap(s).
2026-07-31 20:04:33,402 | INFO | Found 2 sitemap(s).
2026-07-31 20:04:33,402 | INFO | Found 3 sitemap(s).
2026-07-31 20:04:33,402 | INFO | 
2026-07-31 20:04:33,402 | INFO | ============================================================
2026-07-31 20:04:33,402 | INFO | DISCOVERING WEBSITE PAGES
2026-07-31 20:04:33,403 | INFO | ============================================================
2026-07-31 20:04:33,403 | INFO | Downloading child sitemap : https://necs-legal.com/wp-sitemap-posts-post-1.xml
2026-07-31 20:04:34,437 | INFO | Child sitemap downloaded successfully.
2026-07-31 20:04:34,440 | INFO | Parsing child sitemap...
2026-07-31 20:04:34,442 | INFO | Found 6 page(s).
2026-07-31 20:04:34,443 | INFO | Downloading child sitemap : https://necs-legal.com/wp-sitemap-posts-page-1.xml
2026-07-31 20:04:35,549 | INFO | Child sitemap downloaded successfully.
2026-07-31 20:04:35,551 | INFO | Parsing child sitemap...
2026-07-31 20:04:35,553 | INFO | Found 14 page(s).
2026-07-31 20:04:35,553 | INFO | Downloading child sitemap : https://necs-legal.com/wp-sitemap-taxonomies-category-1.xml
2026-07-31 20:04:36,586 | INFO | Child sitemap downloaded successfully.
2026-07-31 20:04:36,589 | INFO | Parsing child sitemap...
2026-07-31 20:04:36,590 | INFO | Found 4 page(s).
2026-07-31 20:04:36,590 | INFO | Total pages discovered : 48
2026-07-31 20:04:36,591 | INFO | Downloading sitemap...
2026-07-31 20:04:38,109 | INFO | Sitemap downloaded successfully.
2026-07-31 20:04:38,111 | INFO | Parsing sitemap...
2026-07-31 20:04:38,113 | INFO | Found 1 sitemap(s).
2026-07-31 20:04:38,113 | INFO | Found 2 sitemap(s).
2026-07-31 20:04:38,113 | INFO | Found 3 sitemap(s).
2026-07-31 20:04:38,114 | INFO | 
2026-07-31 20:04:38,114 | INFO | ============================================================
2026-07-31 20:04:38,114 | INFO | DISCOVERING WEBSITE PAGES
2026-07-31 20:04:38,114 | INFO | ============================================================
2026-07-31 20:04:38,114 | INFO | Downloading child sitemap : https://necs-legal.com/wp-sitemap-posts-post-1.xml
2026-07-31 20:04:39,133 | INFO | Child sitemap downloaded successfully.
2026-07-31 20:04:39,135 | INFO | Parsing child sitemap...
2026-07-31 20:04:39,137 | INFO | Found 6 page(s).
2026-07-31 20:04:39,137 | INFO | Downloading child sitemap : https://necs-legal.com/wp-sitemap-posts-page-1.xml
2026-07-31 20:04:40,156 | INFO | Child sitemap downloaded successfully.
2026-07-31 20:04:40,158 | INFO | Parsing child sitemap...
2026-07-31 20:04:40,158 | INFO | Found 14 page(s).
2026-07-31 20:04:40,158 | INFO | Downloading child sitemap : https://necs-legal.com/wp-sitemap-taxonomies-category-1.xml
2026-07-31 20:04:41,180 | INFO | Child sitemap downloaded successfully.
2026-07-31 20:04:41,181 | INFO | Parsing child sitemap...
2026-07-31 20:04:41,182 | INFO | Found 4 page(s).
2026-07-31 20:04:41,182 | INFO | Total pages discovered : 48
2026-07-31 20:04:41,182 | INFO | Downloading sitemap...
2026-07-31 20:04:42,409 | INFO | Sitemap downloaded successfully.
2026-07-31 20:04:42,410 | INFO | Parsing sitemap...
2026-07-31 20:04:42,411 | INFO | Found 1 sitemap(s).
2026-07-31 20:04:42,411 | INFO | Found 2 sitemap(s).
2026-07-31 20:04:42,411 | INFO | Found 3 sitemap(s).
2026-07-31 20:04:42,411 | INFO | 
2026-07-31 20:04:42,411 | INFO | ============================================================
2026-07-31 20:04:42,411 | INFO | DISCOVERING WEBSITE PAGES
2026-07-31 20:04:42,411 | INFO | ============================================================
2026-07-31 20:04:42,411 | INFO | Downloading child sitemap : https://necs-legal.com/wp-sitemap-posts-post-1.xml
2026-07-31 20:04:43,417 | INFO | Child sitemap downloaded successfully.
2026-07-31 20:04:43,418 | INFO | Parsing child sitemap...
2026-07-31 20:04:43,418 | INFO | Found 6 page(s).
2026-07-31 20:04:43,418 | INFO | Downloading child sitemap : https://necs-legal.com/wp-sitemap-posts-page-1.xml
2026-07-31 20:04:44,457 | INFO | Child sitemap downloaded successfully.
2026-07-31 20:04:44,459 | INFO | Parsing child sitemap...
2026-07-31 20:04:44,459 | INFO | Found 14 page(s).
2026-07-31 20:04:44,460 | INFO | Downloading child sitemap : https://necs-legal.com/wp-sitemap-taxonomies-category-1.xml
2026-07-31 20:04:45,579 | INFO | Child sitemap downloaded successfully.
2026-07-31 20:04:45,581 | INFO | Parsing child sitemap...
2026-07-31 20:04:45,581 | INFO | Found 4 page(s).
2026-07-31 20:04:45,581 | INFO | Total pages discovered : 48
2026-07-31 20:04:45,581 | INFO | Downloading sitemap...
2026-07-31 20:04:46,913 | INFO | Sitemap downloaded successfully.
2026-07-31 20:04:46,915 | INFO | Parsing sitemap...
2026-07-31 20:04:46,915 | INFO | Found 1 sitemap(s).
2026-07-31 20:04:46,915 | INFO | Found 2 sitemap(s).
2026-07-31 20:04:46,915 | INFO | Found 3 sitemap(s).
2026-07-31 20:04:46,915 | INFO | 
2026-07-31 20:04:46,915 | INFO | ============================================================
2026-07-31 20:04:46,916 | INFO | DISCOVERING WEBSITE PAGES
2026-07-31 20:04:46,916 | INFO | ============================================================
2026-07-31 20:04:46,916 | INFO | Downloading child sitemap : https://necs-legal.com/wp-sitemap-posts-post-1.xml
2026-07-31 20:04:48,018 | INFO | Child sitemap downloaded successfully.
2026-07-31 20:04:48,019 | INFO | Parsing child sitemap...
2026-07-31 20:04:48,020 | INFO | Found 6 page(s).
2026-07-31 20:04:48,020 | INFO | Downloading child sitemap : https://necs-legal.com/wp-sitemap-posts-page-1.xml
2026-07-31 20:04:48,963 | INFO | Child sitemap downloaded successfully.
2026-07-31 20:04:48,965 | INFO | Parsing child sitemap...
2026-07-31 20:04:48,967 | INFO | Found 14 page(s).
2026-07-31 20:04:48,968 | INFO | Downloading child sitemap : https://necs-legal.com/wp-sitemap-taxonomies-category-1.xml
2026-07-31 20:04:49,986 | INFO | Child sitemap downloaded successfully.
2026-07-31 20:04:49,987 | INFO | Parsing child sitemap...
2026-07-31 20:04:49,988 | INFO | Found 4 page(s).
2026-07-31 20:04:49,988 | INFO | Total pages discovered : 48
2026-07-31 20:04:49,988 | INFO | Downloading sitemap...
2026-07-31 20:04:51,522 | INFO | Sitemap downloaded successfully.
2026-07-31 20:04:51,523 | INFO | Parsing sitemap...
2026-07-31 20:04:51,524 | INFO | Found 1 sitemap(s).
2026-07-31 20:04:51,524 | INFO | Found 2 sitemap(s).
2026-07-31 20:04:51,524 | INFO | Found 3 sitemap(s).
2026-07-31 20:04:51,524 | INFO | 
2026-07-31 20:04:51,525 | INFO | ============================================================
2026-07-31 20:04:51,525 | INFO | DISCOVERING WEBSITE PAGES
2026-07-31 20:04:51,525 | INFO | ============================================================
2026-07-31 20:04:51,525 | INFO | Downloading child sitemap : https://necs-legal.com/wp-sitemap-posts-post-1.xml
2026-07-31 20:04:52,557 | INFO | Child sitemap downloaded successfully.
2026-07-31 20:04:52,558 | INFO | Parsing child sitemap...
2026-07-31 20:04:52,559 | INFO | Found 6 page(s).
2026-07-31 20:04:52,559 | INFO | Downloading child sitemap : https://necs-legal.com/wp-sitemap-posts-page-1.xml
2026-07-31 20:04:53,472 | INFO | Child sitemap downloaded successfully.
2026-07-31 20:04:53,476 | INFO | Parsing child sitemap...
2026-07-31 20:04:53,477 | INFO | Found 14 page(s).
2026-07-31 20:04:53,477 | INFO | Downloading child sitemap : https://necs-legal.com/wp-sitemap-taxonomies-category-1.xml
2026-07-31 20:04:54,595 | INFO | Child sitemap downloaded successfully.
2026-07-31 20:04:54,598 | INFO | Parsing child sitemap...
2026-07-31 20:04:54,599 | INFO | Found 4 page(s).
2026-07-31 20:04:54,599 | INFO | Total pages discovered : 48
2026-07-31 20:04:54,599 | INFO | Downloading sitemap...
2026-07-31 20:04:55,913 | INFO | Sitemap downloaded successfully.
2026-07-31 20:04:55,916 | INFO | Parsing sitemap...
2026-07-31 20:04:55,917 | INFO | Found 1 sitemap(s).
2026-07-31 20:04:55,917 | INFO | Found 2 sitemap(s).
2026-07-31 20:04:55,917 | INFO | Found 3 sitemap(s).
2026-07-31 20:04:55,917 | INFO | 
2026-07-31 20:04:55,917 | INFO | ============================================================
2026-07-31 20:04:55,917 | INFO | DISCOVERING WEBSITE PAGES
2026-07-31 20:04:55,917 | INFO | ============================================================
2026-07-31 20:04:55,918 | INFO | Downloading child sitemap : https://necs-legal.com/wp-sitemap-posts-post-1.xml
2026-07-31 20:04:57,034 | INFO | Child sitemap downloaded successfully.
2026-07-31 20:04:57,037 | INFO | Parsing child sitemap...
2026-07-31 20:04:57,038 | INFO | Found 6 page(s).
2026-07-31 20:04:57,039 | INFO | Downloading child sitemap : https://necs-legal.com/wp-sitemap-posts-page-1.xml
2026-07-31 20:04:58,179 | INFO | Child sitemap downloaded successfully.
2026-07-31 20:04:58,181 | INFO | Parsing child sitemap...
2026-07-31 20:04:58,182 | INFO | Found 14 page(s).
2026-07-31 20:04:58,182 | INFO | Downloading child sitemap : https://necs-legal.com/wp-sitemap-taxonomies-category-1.xml
2026-07-31 20:04:59,209 | INFO | Child sitemap downloaded successfully.
2026-07-31 20:04:59,211 | INFO | Parsing child sitemap...
2026-07-31 20:04:59,214 | INFO | Found 4 page(s).
2026-07-31 20:04:59,214 | INFO | Total pages discovered : 48
2026-07-31 20:04:59,214 | INFO | Downloading sitemap...
2026-07-31 20:05:00,534 | INFO | Sitemap downloaded successfully.
2026-07-31 20:05:00,535 | INFO | Parsing sitemap...
2026-07-31 20:05:00,536 | INFO | Found 1 sitemap(s).
2026-07-31 20:05:00,536 | INFO | Found 2 sitemap(s).
2026-07-31 20:05:00,536 | INFO | Found 3 sitemap(s).
2026-07-31 20:05:00,536 | INFO | 
2026-07-31 20:05:00,536 | INFO | ============================================================
2026-07-31 20:05:00,536 | INFO | DISCOVERING WEBSITE PAGES
2026-07-31 20:05:00,536 | INFO | ============================================================
2026-07-31 20:05:00,536 | INFO | Downloading child sitemap : https://necs-legal.com/wp-sitemap-posts-post-1.xml
2026-07-31 20:05:01,558 | INFO | Child sitemap downloaded successfully.
2026-07-31 20:05:01,559 | INFO | Parsing child sitemap...
2026-07-31 20:05:01,560 | INFO | Found 6 page(s).
2026-07-31 20:05:01,560 | INFO | Downloading child sitemap : https://necs-legal.com/wp-sitemap-posts-page-1.xml
2026-07-31 20:05:02,685 | INFO | Child sitemap downloaded successfully.
2026-07-31 20:05:02,688 | INFO | Parsing child sitemap...
2026-07-31 20:05:02,690 | INFO | Found 14 page(s).
2026-07-31 20:05:02,690 | INFO | Downloading child sitemap : https://necs-legal.com/wp-sitemap-taxonomies-category-1.xml
2026-07-31 20:05:03,745 | INFO | Child sitemap downloaded successfully.
2026-07-31 20:05:03,747 | INFO | Parsing child sitemap...
2026-07-31 20:05:03,748 | INFO | Found 4 page(s).
2026-07-31 20:05:03,749 | INFO | Total pages discovered : 48
2026-07-31 20:05:03,749 | INFO | Downloading sitemap...
2026-07-31 20:05:05,245 | INFO | Sitemap downloaded successfully.
2026-07-31 20:05:05,248 | INFO | Parsing sitemap...
2026-07-31 20:05:05,249 | INFO | Found 1 sitemap(s).
2026-07-31 20:05:05,249 | INFO | Found 2 sitemap(s).
2026-07-31 20:05:05,249 | INFO | Found 3 sitemap(s).
2026-07-31 20:05:05,249 | INFO | 
2026-07-31 20:05:05,249 | INFO | ============================================================
2026-07-31 20:05:05,249 | INFO | DISCOVERING WEBSITE PAGES
2026-07-31 20:05:05,249 | INFO | ============================================================
2026-07-31 20:05:05,250 | INFO | Downloading child sitemap : https://necs-legal.com/wp-sitemap-posts-post-1.xml
2026-07-31 20:05:06,270 | INFO | Child sitemap downloaded successfully.
2026-07-31 20:05:06,272 | INFO | Parsing child sitemap...
2026-07-31 20:05:06,273 | INFO | Found 6 page(s).
2026-07-31 20:05:06,273 | INFO | Downloading child sitemap : https://necs-legal.com/wp-sitemap-posts-page-1.xml
2026-07-31 20:05:07,293 | INFO | Child sitemap downloaded successfully.
2026-07-31 20:05:07,296 | INFO | Parsing child sitemap...
2026-07-31 20:05:07,297 | INFO | Found 14 page(s).
2026-07-31 20:05:07,297 | INFO | Downloading child sitemap : https://necs-legal.com/wp-sitemap-taxonomies-category-1.xml
2026-07-31 20:05:08,420 | INFO | Child sitemap downloaded successfully.
2026-07-31 20:05:08,422 | INFO | Parsing child sitemap...
2026-07-31 20:05:08,423 | INFO | Found 4 page(s).
2026-07-31 20:05:08,424 | INFO | Total pages discovered : 48
2026-07-31 20:05:08,424 | INFO | Downloading sitemap...
2026-07-31 20:05:09,956 | INFO | Sitemap downloaded successfully.
2026-07-31 20:05:09,959 | INFO | Parsing sitemap...
2026-07-31 20:05:09,960 | INFO | Found 1 sitemap(s).
2026-07-31 20:05:09,960 | INFO | Found 2 sitemap(s).
2026-07-31 20:05:09,960 | INFO | Found 3 sitemap(s).
2026-07-31 20:05:09,960 | INFO | 
2026-07-31 20:05:09,960 | INFO | ============================================================
2026-07-31 20:05:09,960 | INFO | DISCOVERING WEBSITE PAGES
2026-07-31 20:05:09,960 | INFO | ============================================================
2026-07-31 20:05:09,960 | INFO | Downloading child sitemap : https://necs-legal.com/wp-sitemap-posts-post-1.xml
2026-07-31 20:05:11,185 | INFO | Child sitemap downloaded successfully.
2026-07-31 20:05:11,187 | INFO | Parsing child sitemap...
2026-07-31 20:05:11,189 | INFO | Found 6 page(s).
2026-07-31 20:05:11,189 | INFO | Downloading child sitemap : https://necs-legal.com/wp-sitemap-posts-page-1.xml
2026-07-31 20:05:12,401 | INFO | Child sitemap downloaded successfully.
2026-07-31 20:05:12,403 | INFO | Parsing child sitemap...
2026-07-31 20:05:12,405 | INFO | Found 14 page(s).
2026-07-31 20:05:12,405 | INFO | Downloading child sitemap : https://necs-legal.com/wp-sitemap-taxonomies-category-1.xml
2026-07-31 20:05:13,400 | INFO | Child sitemap downloaded successfully.
2026-07-31 20:05:13,402 | INFO | Parsing child sitemap...
2026-07-31 20:05:13,403 | INFO | Found 4 page(s).
2026-07-31 20:05:13,404 | INFO | Total pages discovered : 48
2026-07-31 20:05:13,404 | INFO | Downloading sitemap...
2026-07-31 20:05:14,974 | INFO | Sitemap downloaded successfully.
2026-07-31 20:05:14,976 | INFO | Parsing sitemap...
2026-07-31 20:05:14,977 | INFO | Found 1 sitemap(s).
2026-07-31 20:05:14,978 | INFO | Found 2 sitemap(s).
2026-07-31 20:05:14,978 | INFO | Found 3 sitemap(s).
2026-07-31 20:05:14,978 | INFO | 
2026-07-31 20:05:14,978 | INFO | ============================================================
2026-07-31 20:05:14,978 | INFO | DISCOVERING WEBSITE PAGES
2026-07-31 20:05:14,978 | INFO | ============================================================
2026-07-31 20:05:14,979 | INFO | Downloading child sitemap : https://necs-legal.com/wp-sitemap-posts-post-1.xml
2026-07-31 20:05:16,099 | INFO | Child sitemap downloaded successfully.
2026-07-31 20:05:16,102 | INFO | Parsing child sitemap...
2026-07-31 20:05:16,103 | INFO | Found 6 page(s).
2026-07-31 20:05:16,103 | INFO | Downloading child sitemap : https://necs-legal.com/wp-sitemap-posts-page-1.xml
2026-07-31 20:05:17,166 | INFO | Child sitemap downloaded successfully.
2026-07-31 20:05:17,168 | INFO | Parsing child sitemap...
2026-07-31 20:05:17,169 | INFO | Found 14 page(s).
2026-07-31 20:05:17,169 | INFO | Downloading child sitemap : https://necs-legal.com/wp-sitemap-taxonomies-category-1.xml
2026-07-31 20:05:18,249 | INFO | Child sitemap downloaded successfully.
2026-07-31 20:05:18,250 | INFO | Parsing child sitemap...
2026-07-31 20:05:18,251 | INFO | Found 4 page(s).
2026-07-31 20:05:18,251 | INFO | Total pages discovered : 48
2026-07-31 20:05:18,251 | INFO | Downloading sitemap...
2026-07-31 20:05:19,580 | INFO | Sitemap downloaded successfully.
2026-07-31 20:05:19,581 | INFO | Parsing sitemap...
2026-07-31 20:05:19,582 | INFO | Found 1 sitemap(s).
2026-07-31 20:05:19,582 | INFO | Found 2 sitemap(s).
2026-07-31 20:05:19,582 | INFO | Found 3 sitemap(s).
2026-07-31 20:05:19,582 | INFO | 
2026-07-31 20:05:19,582 | INFO | ============================================================
2026-07-31 20:05:19,583 | INFO | DISCOVERING WEBSITE PAGES
2026-07-31 20:05:19,583 | INFO | ============================================================
2026-07-31 20:05:19,583 | INFO | Downloading child sitemap : https://necs-legal.com/wp-sitemap-posts-post-1.xml
2026-07-31 20:05:20,604 | INFO | Child sitemap downloaded successfully.
2026-07-31 20:05:20,606 | INFO | Parsing child sitemap...
2026-07-31 20:05:20,607 | INFO | Found 6 page(s).
2026-07-31 20:05:20,607 | INFO | Downloading child sitemap : https://necs-legal.com/wp-sitemap-posts-page-1.xml
2026-07-31 20:05:21,629 | INFO | Child sitemap downloaded successfully.
2026-07-31 20:05:21,631 | INFO | Parsing child sitemap...
2026-07-31 20:05:21,632 | INFO | Found 14 page(s).
2026-07-31 20:05:21,633 | INFO | Downloading child sitemap : https://necs-legal.com/wp-sitemap-taxonomies-category-1.xml
2026-07-31 20:05:22,736 | INFO | Child sitemap downloaded successfully.
2026-07-31 20:05:22,738 | INFO | Parsing child sitemap...
2026-07-31 20:05:22,738 | INFO | Found 4 page(s).
2026-07-31 20:05:22,738 | INFO | Total pages discovered : 48
2026-07-31 20:05:22,738 | INFO | Downloading sitemap...
2026-07-31 20:05:24,496 | INFO | Sitemap downloaded successfully.
2026-07-31 20:05:24,497 | INFO | Parsing sitemap...
2026-07-31 20:05:24,498 | INFO | Found 1 sitemap(s).
2026-07-31 20:05:24,498 | INFO | Found 2 sitemap(s).
2026-07-31 20:05:24,498 | INFO | Found 3 sitemap(s).
2026-07-31 20:05:24,498 | INFO | 
2026-07-31 20:05:24,498 | INFO | ============================================================
2026-07-31 20:05:24,498 | INFO | DISCOVERING WEBSITE PAGES
2026-07-31 20:05:24,498 | INFO | ============================================================
2026-07-31 20:05:24,498 | INFO | Downloading child sitemap : https://necs-legal.com/wp-sitemap-posts-post-1.xml
2026-07-31 20:05:25,520 | INFO | Child sitemap downloaded successfully.
2026-07-31 20:05:25,521 | INFO | Parsing child sitemap...
2026-07-31 20:05:25,522 | INFO | Found 6 page(s).
2026-07-31 20:05:25,522 | INFO | Downloading child sitemap : https://necs-legal.com/wp-sitemap-posts-page-1.xml
2026-07-31 20:05:26,545 | INFO | Child sitemap downloaded successfully.
2026-07-31 20:05:26,547 | INFO | Parsing child sitemap...
2026-07-31 20:05:26,549 | INFO | Found 14 page(s).
2026-07-31 20:05:26,549 | INFO | Downloading child sitemap : https://necs-legal.com/wp-sitemap-taxonomies-category-1.xml
2026-07-31 20:05:27,569 | INFO | Child sitemap downloaded successfully.
2026-07-31 20:05:27,572 | INFO | Parsing child sitemap...
2026-07-31 20:05:27,573 | INFO | Found 4 page(s).
2026-07-31 20:05:27,573 | INFO | Total pages discovered : 48
2026-07-31 20:05:27,574 | INFO | Downloading sitemap...
2026-07-31 20:05:29,103 | INFO | Sitemap downloaded successfully.
2026-07-31 20:05:29,105 | INFO | Parsing sitemap...
2026-07-31 20:05:29,108 | INFO | Found 1 sitemap(s).
2026-07-31 20:05:29,108 | INFO | Found 2 sitemap(s).
2026-07-31 20:05:29,108 | INFO | Found 3 sitemap(s).
2026-07-31 20:05:29,109 | INFO | 
2026-07-31 20:05:29,109 | INFO | ============================================================
2026-07-31 20:05:29,109 | INFO | DISCOVERING WEBSITE PAGES
2026-07-31 20:05:29,109 | INFO | ============================================================
2026-07-31 20:05:29,109 | INFO | Downloading child sitemap : https://necs-legal.com/wp-sitemap-posts-post-1.xml
2026-07-31 20:05:30,232 | INFO | Child sitemap downloaded successfully.
2026-07-31 20:05:30,234 | INFO | Parsing child sitemap...
2026-07-31 20:05:30,236 | INFO | Found 6 page(s).
2026-07-31 20:05:30,236 | INFO | Downloading child sitemap : https://necs-legal.com/wp-sitemap-posts-page-1.xml
2026-07-31 20:05:31,254 | INFO | Child sitemap downloaded successfully.
2026-07-31 20:05:31,256 | INFO | Parsing child sitemap...
2026-07-31 20:05:31,257 | INFO | Found 14 page(s).
2026-07-31 20:05:31,258 | INFO | Downloading child sitemap : https://necs-legal.com/wp-sitemap-taxonomies-category-1.xml
2026-07-31 20:05:32,483 | INFO | Child sitemap downloaded successfully.
2026-07-31 20:05:32,485 | INFO | Parsing child sitemap...
2026-07-31 20:05:32,486 | INFO | Found 4 page(s).
2026-07-31 20:05:32,487 | INFO | Total pages discovered : 48
2026-07-31 20:05:32,487 | INFO | Downloading sitemap...
2026-07-31 20:05:33,794 | INFO | Sitemap downloaded successfully.
2026-07-31 20:05:33,796 | INFO | Parsing sitemap...
2026-07-31 20:05:33,796 | INFO | Found 1 sitemap(s).
2026-07-31 20:05:33,796 | INFO | Found 2 sitemap(s).
2026-07-31 20:05:33,796 | INFO | Found 3 sitemap(s).
2026-07-31 20:05:33,796 | INFO | 
2026-07-31 20:05:33,797 | INFO | ============================================================
2026-07-31 20:05:33,797 | INFO | DISCOVERING WEBSITE PAGES
2026-07-31 20:05:33,797 | INFO | ============================================================
2026-07-31 20:05:33,797 | INFO | Downloading child sitemap : https://necs-legal.com/wp-sitemap-posts-post-1.xml
2026-07-31 20:05:34,838 | INFO | Child sitemap downloaded successfully.
2026-07-31 20:05:34,840 | INFO | Parsing child sitemap...
2026-07-31 20:05:34,843 | INFO | Found 6 page(s).
2026-07-31 20:05:34,843 | INFO | Downloading child sitemap : https://necs-legal.com/wp-sitemap-posts-page-1.xml
2026-07-31 20:05:35,906 | INFO | Child sitemap downloaded successfully.
2026-07-31 20:05:35,907 | INFO | Parsing child sitemap...
2026-07-31 20:05:35,908 | INFO | Found 14 page(s).
2026-07-31 20:05:35,908 | INFO | Downloading child sitemap : https://necs-legal.com/wp-sitemap-taxonomies-category-1.xml
2026-07-31 20:05:36,960 | INFO | Child sitemap downloaded successfully.
2026-07-31 20:05:36,962 | INFO | Parsing child sitemap...
2026-07-31 20:05:36,963 | INFO | Found 4 page(s).
2026-07-31 20:05:36,964 | INFO | Total pages discovered : 48
2026-07-31 20:05:36,964 | INFO | Downloading sitemap...
2026-07-31 20:05:38,423 | INFO | Sitemap downloaded successfully.
2026-07-31 20:05:38,426 | INFO | Parsing sitemap...
2026-07-31 20:05:38,427 | INFO | Found 1 sitemap(s).
2026-07-31 20:05:38,428 | INFO | Found 2 sitemap(s).
2026-07-31 20:05:38,428 | INFO | Found 3 sitemap(s).
2026-07-31 20:05:38,428 | INFO | 
2026-07-31 20:05:38,428 | INFO | ============================================================
2026-07-31 20:05:38,428 | INFO | DISCOVERING WEBSITE PAGES
2026-07-31 20:05:38,429 | INFO | ============================================================
2026-07-31 20:05:38,429 | INFO | Downloading child sitemap : https://necs-legal.com/wp-sitemap-posts-post-1.xml
2026-07-31 20:05:39,428 | INFO | Child sitemap downloaded successfully.
2026-07-31 20:05:39,430 | INFO | Parsing child sitemap...
2026-07-31 20:05:39,430 | INFO | Found 6 page(s).
2026-07-31 20:05:39,430 | INFO | Downloading child sitemap : https://necs-legal.com/wp-sitemap-posts-page-1.xml
2026-07-31 20:05:40,573 | INFO | Child sitemap downloaded successfully.
2026-07-31 20:05:40,574 | INFO | Parsing child sitemap...
2026-07-31 20:05:40,574 | INFO | Found 14 page(s).
2026-07-31 20:05:40,575 | INFO | Downloading child sitemap : https://necs-legal.com/wp-sitemap-taxonomies-category-1.xml
2026-07-31 20:05:41,712 | INFO | Child sitemap downloaded successfully.
2026-07-31 20:05:41,715 | INFO | Parsing child sitemap...
2026-07-31 20:05:41,715 | INFO | Found 4 page(s).
2026-07-31 20:05:41,716 | INFO | Total pages discovered : 48
2026-07-31 20:05:41,716 | INFO | Downloading sitemap...
2026-07-31 20:05:43,132 | INFO | Sitemap downloaded successfully.
2026-07-31 20:05:43,134 | INFO | Parsing sitemap...
2026-07-31 20:05:43,134 | INFO | Found 1 sitemap(s).
2026-07-31 20:05:43,134 | INFO | Found 2 sitemap(s).
2026-07-31 20:05:43,135 | INFO | Found 3 sitemap(s).
2026-07-31 20:05:43,135 | INFO | 
2026-07-31 20:05:43,135 | INFO | ============================================================
2026-07-31 20:05:43,135 | INFO | DISCOVERING WEBSITE PAGES
2026-07-31 20:05:43,135 | INFO | ============================================================
2026-07-31 20:05:43,135 | INFO | Downloading child sitemap : https://necs-legal.com/wp-sitemap-posts-post-1.xml
2026-07-31 20:05:44,076 | INFO | Child sitemap downloaded successfully.
2026-07-31 20:05:44,077 | INFO | Parsing child sitemap...
2026-07-31 20:05:44,078 | INFO | Found 6 page(s).
2026-07-31 20:05:44,078 | INFO | Downloading child sitemap : https://necs-legal.com/wp-sitemap-posts-page-1.xml
2026-07-31 20:05:45,078 | INFO | Child sitemap downloaded successfully.
2026-07-31 20:05:45,079 | INFO | Parsing child sitemap...
2026-07-31 20:05:45,080 | INFO | Found 14 page(s).
2026-07-31 20:05:45,080 | INFO | Downloading child sitemap : https://necs-legal.com/wp-sitemap-taxonomies-category-1.xml
2026-07-31 20:05:46,102 | INFO | Child sitemap downloaded successfully.
2026-07-31 20:05:46,103 | INFO | Parsing child sitemap...
2026-07-31 20:05:46,104 | INFO | Found 4 page(s).
2026-07-31 20:05:46,104 | INFO | Total pages discovered : 48
2026-07-31 20:05:46,104 | INFO | Downloading sitemap...
2026-07-31 20:05:47,539 | INFO | Sitemap downloaded successfully.
2026-07-31 20:05:47,542 | INFO | Parsing sitemap...
2026-07-31 20:05:47,543 | INFO | Found 1 sitemap(s).
2026-07-31 20:05:47,544 | INFO | Found 2 sitemap(s).
2026-07-31 20:05:47,544 | INFO | Found 3 sitemap(s).
2026-07-31 20:05:47,544 | INFO | 
2026-07-31 20:05:47,544 | INFO | ============================================================
2026-07-31 20:05:47,545 | INFO | DISCOVERING WEBSITE PAGES
2026-07-31 20:05:47,545 | INFO | ============================================================
2026-07-31 20:05:47,545 | INFO | Downloading child sitemap : https://necs-legal.com/wp-sitemap-posts-post-1.xml
2026-07-31 20:05:48,539 | INFO | Child sitemap downloaded successfully.
2026-07-31 20:05:48,542 | INFO | Parsing child sitemap...
2026-07-31 20:05:48,543 | INFO | Found 6 page(s).
2026-07-31 20:05:48,543 | INFO | Downloading child sitemap : https://necs-legal.com/wp-sitemap-posts-page-1.xml
2026-07-31 20:05:49,585 | INFO | Child sitemap downloaded successfully.
2026-07-31 20:05:49,589 | INFO | Parsing child sitemap...
2026-07-31 20:05:49,590 | INFO | Found 14 page(s).
2026-07-31 20:05:49,591 | INFO | Downloading child sitemap : https://necs-legal.com/wp-sitemap-taxonomies-category-1.xml
2026-07-31 20:05:50,813 | INFO | Child sitemap downloaded successfully.
2026-07-31 20:05:50,814 | INFO | Parsing child sitemap...
2026-07-31 20:05:50,815 | INFO | Found 4 page(s).
2026-07-31 20:05:50,815 | INFO | Total pages discovered : 48
2026-07-31 20:05:50,815 | INFO | Downloading sitemap...
2026-07-31 20:05:52,222 | INFO | Sitemap downloaded successfully.
2026-07-31 20:05:52,224 | INFO | Parsing sitemap...
2026-07-31 20:05:52,225 | INFO | Found 1 sitemap(s).
2026-07-31 20:05:52,225 | INFO | Found 2 sitemap(s).
2026-07-31 20:05:52,225 | INFO | Found 3 sitemap(s).
2026-07-31 20:05:52,225 | INFO | 
2026-07-31 20:05:52,225 | INFO | ============================================================
2026-07-31 20:05:52,226 | INFO | DISCOVERING WEBSITE PAGES
2026-07-31 20:05:52,226 | INFO | ============================================================
2026-07-31 20:05:52,226 | INFO | Downloading child sitemap : https://necs-legal.com/wp-sitemap-posts-post-1.xml
2026-07-31 20:05:53,271 | INFO | Child sitemap downloaded successfully.
2026-07-31 20:05:53,275 | INFO | Parsing child sitemap...
2026-07-31 20:05:53,276 | INFO | Found 6 page(s).
2026-07-31 20:05:53,276 | INFO | Downloading child sitemap : https://necs-legal.com/wp-sitemap-posts-page-1.xml
2026-07-31 20:05:54,295 | INFO | Child sitemap downloaded successfully.
2026-07-31 20:05:54,299 | INFO | Parsing child sitemap...
2026-07-31 20:05:54,302 | INFO | Found 14 page(s).
2026-07-31 20:05:54,302 | INFO | Downloading child sitemap : https://necs-legal.com/wp-sitemap-taxonomies-category-1.xml
2026-07-31 20:05:55,627 | INFO | Child sitemap downloaded successfully.
2026-07-31 20:05:55,631 | INFO | Parsing child sitemap...
2026-07-31 20:05:55,631 | INFO | Found 4 page(s).
2026-07-31 20:05:55,631 | INFO | Total pages discovered : 48
2026-07-31 20:05:55,632 | INFO | Downloading sitemap...
2026-07-31 20:05:56,984 | INFO | Sitemap downloaded successfully.
2026-07-31 20:05:56,988 | INFO | Parsing sitemap...
2026-07-31 20:05:56,988 | INFO | Found 1 sitemap(s).
2026-07-31 20:05:56,988 | INFO | Found 2 sitemap(s).
2026-07-31 20:05:56,989 | INFO | Found 3 sitemap(s).
2026-07-31 20:05:56,989 | INFO | 
2026-07-31 20:05:56,989 | INFO | ============================================================
2026-07-31 20:05:56,989 | INFO | DISCOVERING WEBSITE PAGES
2026-07-31 20:05:56,989 | INFO | ============================================================
2026-07-31 20:05:56,989 | INFO | Downloading child sitemap : https://necs-legal.com/wp-sitemap-posts-post-1.xml
2026-07-31 20:05:58,288 | INFO | Child sitemap downloaded successfully.
2026-07-31 20:05:58,290 | INFO | Parsing child sitemap...
2026-07-31 20:05:58,290 | INFO | Found 6 page(s).
2026-07-31 20:05:58,290 | INFO | Downloading child sitemap : https://necs-legal.com/wp-sitemap-posts-page-1.xml
2026-07-31 20:05:59,320 | INFO | Child sitemap downloaded successfully.
2026-07-31 20:05:59,323 | INFO | Parsing child sitemap...
2026-07-31 20:05:59,324 | INFO | Found 14 page(s).
2026-07-31 20:05:59,324 | INFO | Downloading child sitemap : https://necs-legal.com/wp-sitemap-taxonomies-category-1.xml
2026-07-31 20:06:00,259 | INFO | Child sitemap downloaded successfully.
2026-07-31 20:06:00,262 | INFO | Parsing child sitemap...
2026-07-31 20:06:00,263 | INFO | Found 4 page(s).
2026-07-31 20:06:00,263 | INFO | Total pages discovered : 48
2026-07-31 20:06:00,264 | INFO | Downloading sitemap...
2026-07-31 20:06:02,179 | INFO | Sitemap downloaded successfully.
2026-07-31 20:06:02,181 | INFO | Parsing sitemap...
2026-07-31 20:06:02,181 | INFO | Found 1 sitemap(s).
2026-07-31 20:06:02,181 | INFO | Found 2 sitemap(s).
2026-07-31 20:06:02,182 | INFO | Found 3 sitemap(s).
2026-07-31 20:06:02,182 | INFO | 
2026-07-31 20:06:02,182 | INFO | ============================================================
2026-07-31 20:06:02,182 | INFO | DISCOVERING WEBSITE PAGES
2026-07-31 20:06:02,182 | INFO | ============================================================
2026-07-31 20:06:02,182 | INFO | Downloading child sitemap : https://necs-legal.com/wp-sitemap-posts-post-1.xml
2026-07-31 20:06:03,306 | INFO | Child sitemap downloaded successfully.
2026-07-31 20:06:03,308 | INFO | Parsing child sitemap...
2026-07-31 20:06:03,308 | INFO | Found 6 page(s).
2026-07-31 20:06:03,308 | INFO | Downloading child sitemap : https://necs-legal.com/wp-sitemap-posts-page-1.xml
2026-07-31 20:06:04,238 | INFO | Child sitemap downloaded successfully.
2026-07-31 20:06:04,241 | INFO | Parsing child sitemap...
2026-07-31 20:06:04,242 | INFO | Found 14 page(s).
2026-07-31 20:06:04,243 | INFO | Downloading child sitemap : https://necs-legal.com/wp-sitemap-taxonomies-category-1.xml
2026-07-31 20:06:05,252 | INFO | Child sitemap downloaded successfully.
2026-07-31 20:06:05,255 | INFO | Parsing child sitemap...
2026-07-31 20:06:05,256 | INFO | Found 4 page(s).
2026-07-31 20:06:05,256 | INFO | Total pages discovered : 48
2026-07-31 20:06:05,256 | INFO | Downloading sitemap...
2026-07-31 20:06:06,993 | INFO | Sitemap downloaded successfully.
2026-07-31 20:06:06,997 | INFO | Parsing sitemap...
2026-07-31 20:06:06,997 | INFO | Found 1 sitemap(s).
2026-07-31 20:06:06,998 | INFO | Found 2 sitemap(s).
2026-07-31 20:06:06,998 | INFO | Found 3 sitemap(s).
2026-07-31 20:06:06,998 | INFO | 
2026-07-31 20:06:06,998 | INFO | ============================================================
2026-07-31 20:06:06,998 | INFO | DISCOVERING WEBSITE PAGES
2026-07-31 20:06:06,998 | INFO | ============================================================
2026-07-31 20:06:06,998 | INFO | Downloading child sitemap : https://necs-legal.com/wp-sitemap-posts-post-1.xml
2026-07-31 20:06:08,119 | INFO | Child sitemap downloaded successfully.
2026-07-31 20:06:08,122 | INFO | Parsing child sitemap...
2026-07-31 20:06:08,123 | INFO | Found 6 page(s).
2026-07-31 20:06:08,123 | INFO | Downloading child sitemap : https://necs-legal.com/wp-sitemap-posts-page-1.xml
2026-07-31 20:06:09,349 | INFO | Child sitemap downloaded successfully.
2026-07-31 20:06:09,352 | INFO | Parsing child sitemap...
2026-07-31 20:06:09,353 | INFO | Found 14 page(s).
2026-07-31 20:06:09,354 | INFO | Downloading child sitemap : https://necs-legal.com/wp-sitemap-taxonomies-category-1.xml
2026-07-31 20:06:10,471 | INFO | Child sitemap downloaded successfully.
2026-07-31 20:06:10,473 | INFO | Parsing child sitemap...
2026-07-31 20:06:10,475 | INFO | Found 4 page(s).
2026-07-31 20:06:10,475 | INFO | Total pages discovered : 48
2026-07-31 20:06:10,475 | INFO | Downloading sitemap...
2026-07-31 20:06:12,010 | INFO | Sitemap downloaded successfully.
2026-07-31 20:06:12,013 | INFO | Parsing sitemap...
2026-07-31 20:06:12,014 | INFO | Found 1 sitemap(s).
2026-07-31 20:06:12,014 | INFO | Found 2 sitemap(s).
2026-07-31 20:06:12,014 | INFO | Found 3 sitemap(s).
2026-07-31 20:06:12,015 | INFO | 
2026-07-31 20:06:12,015 | INFO | ============================================================
2026-07-31 20:06:12,015 | INFO | DISCOVERING WEBSITE PAGES
2026-07-31 20:06:12,015 | INFO | ============================================================
2026-07-31 20:06:12,015 | INFO | Downloading child sitemap : https://necs-legal.com/wp-sitemap-posts-post-1.xml
2026-07-31 20:06:13,137 | INFO | Child sitemap downloaded successfully.
2026-07-31 20:06:13,140 | INFO | Parsing child sitemap...
2026-07-31 20:06:13,142 | INFO | Found 6 page(s).
2026-07-31 20:06:13,142 | INFO | Downloading child sitemap : https://necs-legal.com/wp-sitemap-posts-page-1.xml
2026-07-31 20:06:14,264 | INFO | Child sitemap downloaded successfully.
2026-07-31 20:06:14,267 | INFO | Parsing child sitemap...
2026-07-31 20:06:14,269 | INFO | Found 14 page(s).
2026-07-31 20:06:14,269 | INFO | Downloading child sitemap : https://necs-legal.com/wp-sitemap-taxonomies-category-1.xml
2026-07-31 20:06:15,389 | INFO | Child sitemap downloaded successfully.
2026-07-31 20:06:15,390 | INFO | Parsing child sitemap...
2026-07-31 20:06:15,391 | INFO | Found 4 page(s).
2026-07-31 20:06:15,391 | INFO | Total pages discovered : 48
2026-07-31 20:06:15,391 | INFO | Downloading sitemap...
2026-07-31 20:06:16,775 | INFO | Sitemap downloaded successfully.
2026-07-31 20:06:16,779 | INFO | Parsing sitemap...
2026-07-31 20:06:16,780 | INFO | Found 1 sitemap(s).
2026-07-31 20:06:16,780 | INFO | Found 2 sitemap(s).
2026-07-31 20:06:16,781 | INFO | Found 3 sitemap(s).
2026-07-31 20:06:16,781 | INFO | 
2026-07-31 20:06:16,781 | INFO | ============================================================
2026-07-31 20:06:16,781 | INFO | DISCOVERING WEBSITE PAGES
2026-07-31 20:06:16,781 | INFO | ============================================================
2026-07-31 20:06:16,781 | INFO | Downloading child sitemap : https://necs-legal.com/wp-sitemap-posts-post-1.xml
2026-07-31 20:06:17,848 | INFO | Child sitemap downloaded successfully.
2026-07-31 20:06:17,852 | INFO | Parsing child sitemap...
2026-07-31 20:06:17,855 | INFO | Found 6 page(s).
2026-07-31 20:06:17,855 | INFO | Downloading child sitemap : https://necs-legal.com/wp-sitemap-posts-page-1.xml
2026-07-31 20:06:18,873 | INFO | Child sitemap downloaded successfully.
2026-07-31 20:06:18,876 | INFO | Parsing child sitemap...
2026-07-31 20:06:18,877 | INFO | Found 14 page(s).
2026-07-31 20:06:18,878 | INFO | Downloading child sitemap : https://necs-legal.com/wp-sitemap-taxonomies-category-1.xml
2026-07-31 20:06:19,899 | INFO | Child sitemap downloaded successfully.
2026-07-31 20:06:19,901 | INFO | Parsing child sitemap...
2026-07-31 20:06:19,902 | INFO | Found 4 page(s).
2026-07-31 20:06:19,902 | INFO | Total pages discovered : 48
2026-07-31 20:06:19,902 | INFO | Downloading sitemap...
2026-07-31 20:06:21,430 | INFO | Sitemap downloaded successfully.
2026-07-31 20:06:21,432 | INFO | Parsing sitemap...
2026-07-31 20:06:21,432 | INFO | Found 1 sitemap(s).
2026-07-31 20:06:21,432 | INFO | Found 2 sitemap(s).
2026-07-31 20:06:21,432 | INFO | Found 3 sitemap(s).
2026-07-31 20:06:21,433 | INFO | 
2026-07-31 20:06:21,433 | INFO | ============================================================
2026-07-31 20:06:21,433 | INFO | DISCOVERING WEBSITE PAGES
2026-07-31 20:06:21,433 | INFO | ============================================================
2026-07-31 20:06:21,433 | INFO | Downloading child sitemap : https://necs-legal.com/wp-sitemap-posts-post-1.xml
2026-07-31 20:06:22,440 | INFO | Child sitemap downloaded successfully.
2026-07-31 20:06:22,441 | INFO | Parsing child sitemap...
2026-07-31 20:06:22,442 | INFO | Found 6 page(s).
2026-07-31 20:06:22,442 | INFO | Downloading child sitemap : https://necs-legal.com/wp-sitemap-posts-page-1.xml
2026-07-31 20:06:23,471 | INFO | Child sitemap downloaded successfully.
2026-07-31 20:06:23,472 | INFO | Parsing child sitemap...
2026-07-31 20:06:23,473 | INFO | Found 14 page(s).
2026-07-31 20:06:23,473 | INFO | Downloading child sitemap : https://necs-legal.com/wp-sitemap-taxonomies-category-1.xml
2026-07-31 20:06:24,606 | INFO | Child sitemap downloaded successfully.
2026-07-31 20:06:24,609 | INFO | Parsing child sitemap...
2026-07-31 20:06:24,610 | INFO | Found 4 page(s).
2026-07-31 20:06:24,610 | INFO | Total pages discovered : 48
2026-07-31 20:06:24,610 | INFO | Downloading sitemap...
2026-07-31 20:06:26,031 | INFO | Sitemap downloaded successfully.
2026-07-31 20:06:26,032 | INFO | Parsing sitemap...
2026-07-31 20:06:26,033 | INFO | Found 1 sitemap(s).
2026-07-31 20:06:26,033 | INFO | Found 2 sitemap(s).
2026-07-31 20:06:26,033 | INFO | Found 3 sitemap(s).
2026-07-31 20:06:26,033 | INFO | 
2026-07-31 20:06:26,033 | INFO | ============================================================
2026-07-31 20:06:26,033 | INFO | DISCOVERING WEBSITE PAGES
2026-07-31 20:06:26,033 | INFO | ============================================================
2026-07-31 20:06:26,033 | INFO | Downloading child sitemap : https://necs-legal.com/wp-sitemap-posts-post-1.xml
2026-07-31 20:06:27,371 | INFO | Child sitemap downloaded successfully.
2026-07-31 20:06:27,373 | INFO | Parsing child sitemap...
2026-07-31 20:06:27,374 | INFO | Found 6 page(s).
2026-07-31 20:06:27,374 | INFO | Downloading child sitemap : https://necs-legal.com/wp-sitemap-posts-page-1.xml
2026-07-31 20:06:28,497 | INFO | Child sitemap downloaded successfully.
2026-07-31 20:06:28,498 | INFO | Parsing child sitemap...
2026-07-31 20:06:28,499 | INFO | Found 14 page(s).
2026-07-31 20:06:28,499 | INFO | Downloading child sitemap : https://necs-legal.com/wp-sitemap-taxonomies-category-1.xml
2026-07-31 20:06:29,623 | INFO | Child sitemap downloaded successfully.
2026-07-31 20:06:29,624 | INFO | Parsing child sitemap...
2026-07-31 20:06:29,624 | INFO | Found 4 page(s).
2026-07-31 20:06:29,625 | INFO | Total pages discovered : 48
2026-07-31 20:06:29,625 | INFO | Downloading sitemap...
2026-07-31 20:06:31,159 | INFO | Sitemap downloaded successfully.
2026-07-31 20:06:31,160 | INFO | Parsing sitemap...
2026-07-31 20:06:31,161 | INFO | Found 1 sitemap(s).
2026-07-31 20:06:31,161 | INFO | Found 2 sitemap(s).
2026-07-31 20:06:31,161 | INFO | Found 3 sitemap(s).
2026-07-31 20:06:31,161 | INFO | 
2026-07-31 20:06:31,161 | INFO | ============================================================
2026-07-31 20:06:31,161 | INFO | DISCOVERING WEBSITE PAGES
2026-07-31 20:06:31,161 | INFO | ============================================================
2026-07-31 20:06:31,161 | INFO | Downloading child sitemap : https://necs-legal.com/wp-sitemap-posts-post-1.xml
2026-07-31 20:06:32,184 | INFO | Child sitemap downloaded successfully.
2026-07-31 20:06:32,186 | INFO | Parsing child sitemap...
2026-07-31 20:06:32,188 | INFO | Found 6 page(s).
2026-07-31 20:06:32,188 | INFO | Downloading child sitemap : https://necs-legal.com/wp-sitemap-posts-page-1.xml
2026-07-31 20:06:33,515 | INFO | Child sitemap downloaded successfully.
2026-07-31 20:06:33,519 | INFO | Parsing child sitemap...
2026-07-31 20:06:33,522 | INFO | Found 14 page(s).
2026-07-31 20:06:33,522 | INFO | Downloading child sitemap : https://necs-legal.com/wp-sitemap-taxonomies-category-1.xml
2026-07-31 20:06:34,848 | INFO | Child sitemap downloaded successfully.
2026-07-31 20:06:34,850 | INFO | Parsing child sitemap...
2026-07-31 20:06:34,853 | INFO | Found 4 page(s).
2026-07-31 20:06:34,853 | INFO | Total pages discovered : 48
2026-07-31 20:06:34,853 | INFO | Downloading sitemap...
2026-07-31 20:06:36,279 | INFO | Sitemap downloaded successfully.
2026-07-31 20:06:36,280 | INFO | Parsing sitemap...
2026-07-31 20:06:36,280 | INFO | Found 1 sitemap(s).
2026-07-31 20:06:36,281 | INFO | Found 2 sitemap(s).
2026-07-31 20:06:36,281 | INFO | Found 3 sitemap(s).
2026-07-31 20:06:36,281 | INFO | 
2026-07-31 20:06:36,281 | INFO | ============================================================
2026-07-31 20:06:36,281 | INFO | DISCOVERING WEBSITE PAGES
2026-07-31 20:06:36,281 | INFO | ============================================================
2026-07-31 20:06:36,281 | INFO | Downloading child sitemap : https://necs-legal.com/wp-sitemap-posts-post-1.xml
2026-07-31 20:06:37,406 | INFO | Child sitemap downloaded successfully.
2026-07-31 20:06:37,408 | INFO | Parsing child sitemap...
2026-07-31 20:06:37,409 | INFO | Found 6 page(s).
2026-07-31 20:06:37,410 | INFO | Downloading child sitemap : https://necs-legal.com/wp-sitemap-posts-page-1.xml
2026-07-31 20:06:38,635 | INFO | Child sitemap downloaded successfully.
2026-07-31 20:06:38,638 | INFO | Parsing child sitemap...
2026-07-31 20:06:38,638 | INFO | Found 14 page(s).
2026-07-31 20:06:38,639 | INFO | Downloading child sitemap : https://necs-legal.com/wp-sitemap-taxonomies-category-1.xml
2026-07-31 20:06:39,864 | INFO | Child sitemap downloaded successfully.
2026-07-31 20:06:39,866 | INFO | Parsing child sitemap...
2026-07-31 20:06:39,868 | INFO | Found 4 page(s).
2026-07-31 20:06:39,869 | INFO | Total pages discovered : 48
2026-07-31 20:06:39,869 | INFO | Downloading sitemap...
2026-07-31 20:06:41,699 | INFO | Sitemap downloaded successfully.
2026-07-31 20:06:41,701 | INFO | Parsing sitemap...
2026-07-31 20:06:41,702 | INFO | Found 1 sitemap(s).
2026-07-31 20:06:41,702 | INFO | Found 2 sitemap(s).
2026-07-31 20:06:41,702 | INFO | Found 3 sitemap(s).
2026-07-31 20:06:41,702 | INFO | 
2026-07-31 20:06:41,702 | INFO | ============================================================
2026-07-31 20:06:41,702 | INFO | DISCOVERING WEBSITE PAGES
2026-07-31 20:06:41,703 | INFO | ============================================================
2026-07-31 20:06:41,703 | INFO | Downloading child sitemap : https://necs-legal.com/wp-sitemap-posts-post-1.xml
2026-07-31 20:06:42,832 | INFO | Child sitemap downloaded successfully.
2026-07-31 20:06:42,834 | INFO | Parsing child sitemap...
2026-07-31 20:06:42,834 | INFO | Found 6 page(s).
2026-07-31 20:06:42,835 | INFO | Downloading child sitemap : https://necs-legal.com/wp-sitemap-posts-page-1.xml
2026-07-31 20:06:43,798 | INFO | Child sitemap downloaded successfully.
2026-07-31 20:06:43,800 | INFO | Parsing child sitemap...
2026-07-31 20:06:43,800 | INFO | Found 14 page(s).
2026-07-31 20:06:43,801 | INFO | Downloading child sitemap : https://necs-legal.com/wp-sitemap-taxonomies-category-1.xml
2026-07-31 20:06:44,983 | INFO | Child sitemap downloaded successfully.
2026-07-31 20:06:44,984 | INFO | Parsing child sitemap...
2026-07-31 20:06:44,985 | INFO | Found 4 page(s).
2026-07-31 20:06:44,985 | INFO | Total pages discovered : 48
2026-07-31 20:06:44,985 | INFO | Downloading sitemap...
2026-07-31 20:06:46,621 | INFO | Sitemap downloaded successfully.
2026-07-31 20:06:46,627 | INFO | Parsing sitemap...
2026-07-31 20:06:46,630 | INFO | Found 1 sitemap(s).
2026-07-31 20:06:46,631 | INFO | Found 2 sitemap(s).
2026-07-31 20:06:46,631 | INFO | Found 3 sitemap(s).
2026-07-31 20:06:46,631 | INFO | 
2026-07-31 20:06:46,631 | INFO | ============================================================
2026-07-31 20:06:46,631 | INFO | DISCOVERING WEBSITE PAGES
2026-07-31 20:06:46,631 | INFO | ============================================================
2026-07-31 20:06:46,632 | INFO | Downloading child sitemap : https://necs-legal.com/wp-sitemap-posts-post-1.xml
2026-07-31 20:06:47,734 | INFO | Child sitemap downloaded successfully.
2026-07-31 20:06:47,735 | INFO | Parsing child sitemap...
2026-07-31 20:06:47,736 | INFO | Found 6 page(s).
2026-07-31 20:06:47,736 | INFO | Downloading child sitemap : https://necs-legal.com/wp-sitemap-posts-page-1.xml
2026-07-31 20:06:48,717 | INFO | Child sitemap downloaded successfully.
2026-07-31 20:06:48,719 | INFO | Parsing child sitemap...
2026-07-31 20:06:48,719 | INFO | Found 14 page(s).
2026-07-31 20:06:48,719 | INFO | Downloading child sitemap : https://necs-legal.com/wp-sitemap-taxonomies-category-1.xml
2026-07-31 20:06:49,899 | INFO | Child sitemap downloaded successfully.
2026-07-31 20:06:49,902 | INFO | Parsing child sitemap...
2026-07-31 20:06:49,903 | INFO | Found 4 page(s).
2026-07-31 20:06:49,903 | INFO | Total pages discovered : 48
2026-07-31 20:06:49,904 | INFO | Downloading sitemap...
2026-07-31 20:06:51,333 | INFO | Sitemap downloaded successfully.
2026-07-31 20:06:51,336 | INFO | Parsing sitemap...
2026-07-31 20:06:51,338 | INFO | Found 1 sitemap(s).
2026-07-31 20:06:51,338 | INFO | Found 2 sitemap(s).
2026-07-31 20:06:51,339 | INFO | Found 3 sitemap(s).
2026-07-31 20:06:51,339 | INFO | 
2026-07-31 20:06:51,339 | INFO | ============================================================
2026-07-31 20:06:51,339 | INFO | DISCOVERING WEBSITE PAGES
2026-07-31 20:06:51,339 | INFO | ============================================================
2026-07-31 20:06:51,339 | INFO | Downloading child sitemap : https://necs-legal.com/wp-sitemap-posts-post-1.xml
2026-07-31 20:06:52,664 | INFO | Child sitemap downloaded successfully.
2026-07-31 20:06:52,667 | INFO | Parsing child sitemap...
2026-07-31 20:06:52,670 | INFO | Found 6 page(s).
2026-07-31 20:06:52,670 | INFO | Downloading child sitemap : https://necs-legal.com/wp-sitemap-posts-page-1.xml
2026-07-31 20:06:53,688 | INFO | Child sitemap downloaded successfully.
2026-07-31 20:06:53,691 | INFO | Parsing child sitemap...
2026-07-31 20:06:53,692 | INFO | Found 14 page(s).
2026-07-31 20:06:53,693 | INFO | Downloading child sitemap : https://necs-legal.com/wp-sitemap-taxonomies-category-1.xml
2026-07-31 20:06:54,814 | INFO | Child sitemap downloaded successfully.
2026-07-31 20:06:54,818 | INFO | Parsing child sitemap...
2026-07-31 20:06:54,819 | INFO | Found 4 page(s).
2026-07-31 20:06:54,819 | INFO | Total pages discovered : 48
2026-07-31 20:06:54,820 | INFO | Downloading sitemap...
2026-07-31 20:06:56,453 | INFO | Sitemap downloaded successfully.
2026-07-31 20:06:56,455 | INFO | Parsing sitemap...
2026-07-31 20:06:56,457 | INFO | Found 1 sitemap(s).
2026-07-31 20:06:56,457 | INFO | Found 2 sitemap(s).
2026-07-31 20:06:56,458 | INFO | Found 3 sitemap(s).
2026-07-31 20:06:56,458 | INFO | 
2026-07-31 20:06:56,459 | INFO | ============================================================
2026-07-31 20:06:56,459 | INFO | DISCOVERING WEBSITE PAGES
2026-07-31 20:06:56,459 | INFO | ============================================================
2026-07-31 20:06:56,459 | INFO | Downloading child sitemap : https://necs-legal.com/wp-sitemap-posts-post-1.xml
2026-07-31 20:06:57,682 | INFO | Child sitemap downloaded successfully.
2026-07-31 20:06:57,685 | INFO | Parsing child sitemap...
2026-07-31 20:06:57,686 | INFO | Found 6 page(s).
2026-07-31 20:06:57,686 | INFO | Downloading child sitemap : https://necs-legal.com/wp-sitemap-posts-page-1.xml
2026-07-31 20:06:58,706 | INFO | Child sitemap downloaded successfully.
2026-07-31 20:06:58,708 | INFO | Parsing child sitemap...
2026-07-31 20:06:58,710 | INFO | Found 14 page(s).
2026-07-31 20:06:58,710 | INFO | Downloading child sitemap : https://necs-legal.com/wp-sitemap-taxonomies-category-1.xml
2026-07-31 20:06:59,729 | INFO | Child sitemap downloaded successfully.
2026-07-31 20:06:59,733 | INFO | Parsing child sitemap...
2026-07-31 20:06:59,733 | INFO | Found 4 page(s).
2026-07-31 20:06:59,734 | INFO | Total pages discovered : 48
2026-07-31 20:06:59,734 | INFO | Downloading sitemap...
2026-07-31 20:07:01,163 | INFO | Sitemap downloaded successfully.
2026-07-31 20:07:01,166 | INFO | Parsing sitemap...
2026-07-31 20:07:01,168 | INFO | Found 1 sitemap(s).
2026-07-31 20:07:01,168 | INFO | Found 2 sitemap(s).
2026-07-31 20:07:01,168 | INFO | Found 3 sitemap(s).
2026-07-31 20:07:01,168 | INFO | 
2026-07-31 20:07:01,168 | INFO | ============================================================
2026-07-31 20:07:01,169 | INFO | DISCOVERING WEBSITE PAGES
2026-07-31 20:07:01,169 | INFO | ============================================================
2026-07-31 20:07:01,169 | INFO | Downloading child sitemap : https://necs-legal.com/wp-sitemap-posts-post-1.xml
2026-07-31 20:07:02,495 | INFO | Child sitemap downloaded successfully.
2026-07-31 20:07:02,497 | INFO | Parsing child sitemap...
2026-07-31 20:07:02,498 | INFO | Found 6 page(s).
2026-07-31 20:07:02,499 | INFO | Downloading child sitemap : https://necs-legal.com/wp-sitemap-posts-page-1.xml
2026-07-31 20:07:03,605 | INFO | Child sitemap downloaded successfully.
2026-07-31 20:07:03,608 | INFO | Parsing child sitemap...
2026-07-31 20:07:03,609 | INFO | Found 14 page(s).
2026-07-31 20:07:03,609 | INFO | Downloading child sitemap : https://necs-legal.com/wp-sitemap-taxonomies-category-1.xml
2026-07-31 20:07:04,645 | INFO | Child sitemap downloaded successfully.
2026-07-31 20:07:04,648 | INFO | Parsing child sitemap...
2026-07-31 20:07:04,649 | INFO | Found 4 page(s).
2026-07-31 20:07:04,649 | INFO | Total pages discovered : 48
2026-07-31 20:07:04,650 | INFO | Downloading sitemap...
2026-07-31 20:07:06,144 | INFO | Sitemap downloaded successfully.
2026-07-31 20:07:06,146 | INFO | Parsing sitemap...
2026-07-31 20:07:06,147 | INFO | Found 1 sitemap(s).
2026-07-31 20:07:06,148 | INFO | Found 2 sitemap(s).
2026-07-31 20:07:06,148 | INFO | Found 3 sitemap(s).
2026-07-31 20:07:06,148 | INFO | 
2026-07-31 20:07:06,148 | INFO | ============================================================
2026-07-31 20:07:06,149 | INFO | DISCOVERING WEBSITE PAGES
2026-07-31 20:07:06,149 | INFO | ============================================================
2026-07-31 20:07:06,149 | INFO | Downloading child sitemap : https://necs-legal.com/wp-sitemap-posts-post-1.xml
2026-07-31 20:07:07,205 | INFO | Child sitemap downloaded successfully.
2026-07-31 20:07:07,207 | INFO | Parsing child sitemap...
2026-07-31 20:07:07,209 | INFO | Found 6 page(s).
2026-07-31 20:07:07,209 | INFO | Downloading child sitemap : https://necs-legal.com/wp-sitemap-posts-page-1.xml
2026-07-31 20:07:08,228 | INFO | Child sitemap downloaded successfully.
2026-07-31 20:07:08,229 | INFO | Parsing child sitemap...
2026-07-31 20:07:08,229 | INFO | Found 14 page(s).
2026-07-31 20:07:08,229 | INFO | Downloading child sitemap : https://necs-legal.com/wp-sitemap-taxonomies-category-1.xml
2026-07-31 20:07:09,354 | INFO | Child sitemap downloaded successfully.
2026-07-31 20:07:09,355 | INFO | Parsing child sitemap...
2026-07-31 20:07:09,356 | INFO | Found 4 page(s).
2026-07-31 20:07:09,356 | INFO | Total pages discovered : 48
2026-07-31 20:07:09,356 | INFO | Downloading sitemap...
2026-07-31 20:07:11,299 | INFO | Sitemap downloaded successfully.
2026-07-31 20:07:11,301 | INFO | Parsing sitemap...
2026-07-31 20:07:11,301 | INFO | Found 1 sitemap(s).
2026-07-31 20:07:11,301 | INFO | Found 2 sitemap(s).
2026-07-31 20:07:11,301 | INFO | Found 3 sitemap(s).
2026-07-31 20:07:11,301 | INFO | 
2026-07-31 20:07:11,301 | INFO | ============================================================
2026-07-31 20:07:11,302 | INFO | DISCOVERING WEBSITE PAGES
2026-07-31 20:07:11,302 | INFO | ============================================================
2026-07-31 20:07:11,302 | INFO | Downloading child sitemap : https://necs-legal.com/wp-sitemap-posts-post-1.xml
2026-07-31 20:07:12,324 | INFO | Child sitemap downloaded successfully.
2026-07-31 20:07:12,325 | INFO | Parsing child sitemap...
2026-07-31 20:07:12,326 | INFO | Found 6 page(s).
2026-07-31 20:07:12,326 | INFO | Downloading child sitemap : https://necs-legal.com/wp-sitemap-posts-page-1.xml
2026-07-31 20:07:13,361 | INFO | Child sitemap downloaded successfully.
2026-07-31 20:07:13,363 | INFO | Parsing child sitemap...
2026-07-31 20:07:13,365 | INFO | Found 14 page(s).
2026-07-31 20:07:13,365 | INFO | Downloading child sitemap : https://necs-legal.com/wp-sitemap-taxonomies-category-1.xml
2026-07-31 20:07:14,372 | INFO | Child sitemap downloaded successfully.
2026-07-31 20:07:14,374 | INFO | Parsing child sitemap...
2026-07-31 20:07:14,375 | INFO | Found 4 page(s).
2026-07-31 20:07:14,375 | INFO | Total pages discovered : 48
2026-07-31 20:07:14,375 | INFO | Downloading sitemap...
2026-07-31 20:07:15,908 | INFO | Sitemap downloaded successfully.
2026-07-31 20:07:15,910 | INFO | Parsing sitemap...
2026-07-31 20:07:15,912 | INFO | Found 1 sitemap(s).
2026-07-31 20:07:15,912 | INFO | Found 2 sitemap(s).
2026-07-31 20:07:15,912 | INFO | Found 3 sitemap(s).
2026-07-31 20:07:15,912 | INFO | 
2026-07-31 20:07:15,912 | INFO | ============================================================
2026-07-31 20:07:15,913 | INFO | DISCOVERING WEBSITE PAGES
2026-07-31 20:07:15,913 | INFO | ============================================================
2026-07-31 20:07:15,913 | INFO | Downloading child sitemap : https://necs-legal.com/wp-sitemap-posts-post-1.xml
2026-07-31 20:07:17,034 | INFO | Child sitemap downloaded successfully.
2026-07-31 20:07:17,036 | INFO | Parsing child sitemap...
2026-07-31 20:07:17,036 | INFO | Found 6 page(s).
2026-07-31 20:07:17,036 | INFO | Downloading child sitemap : https://necs-legal.com/wp-sitemap-posts-page-1.xml
2026-07-31 20:07:18,420 | INFO | Child sitemap downloaded successfully.
2026-07-31 20:07:18,421 | INFO | Parsing child sitemap...
2026-07-31 20:07:18,422 | INFO | Found 14 page(s).
2026-07-31 20:07:18,422 | INFO | Downloading child sitemap : https://necs-legal.com/wp-sitemap-taxonomies-category-1.xml
2026-07-31 20:07:19,389 | INFO | Child sitemap downloaded successfully.
2026-07-31 20:07:19,391 | INFO | Parsing child sitemap...
2026-07-31 20:07:19,392 | INFO | Found 4 page(s).
2026-07-31 20:07:19,392 | INFO | Total pages discovered : 48
2026-07-31 20:07:19,392 | INFO | Downloading sitemap...
2026-07-31 20:07:20,824 | INFO | Sitemap downloaded successfully.
2026-07-31 20:07:20,827 | INFO | Parsing sitemap...
2026-07-31 20:07:20,829 | INFO | Found 1 sitemap(s).
2026-07-31 20:07:20,829 | INFO | Found 2 sitemap(s).
2026-07-31 20:07:20,829 | INFO | Found 3 sitemap(s).
2026-07-31 20:07:20,830 | INFO | 
2026-07-31 20:07:20,830 | INFO | ============================================================
2026-07-31 20:07:20,830 | INFO | DISCOVERING WEBSITE PAGES
2026-07-31 20:07:20,830 | INFO | ============================================================
2026-07-31 20:07:20,830 | INFO | Downloading child sitemap : https://necs-legal.com/wp-sitemap-posts-post-1.xml
2026-07-31 20:07:21,847 | INFO | Child sitemap downloaded successfully.
2026-07-31 20:07:21,848 | INFO | Parsing child sitemap...
2026-07-31 20:07:21,849 | INFO | Found 6 page(s).
2026-07-31 20:07:21,849 | INFO | Downloading child sitemap : https://necs-legal.com/wp-sitemap-posts-page-1.xml
2026-07-31 20:07:22,974 | INFO | Child sitemap downloaded successfully.
2026-07-31 20:07:22,975 | INFO | Parsing child sitemap...
2026-07-31 20:07:22,976 | INFO | Found 14 page(s).
2026-07-31 20:07:22,976 | INFO | Downloading child sitemap : https://necs-legal.com/wp-sitemap-taxonomies-category-1.xml
2026-07-31 20:07:24,072 | INFO | Child sitemap downloaded successfully.
2026-07-31 20:07:24,074 | INFO | Parsing child sitemap...
2026-07-31 20:07:24,076 | INFO | Found 4 page(s).
2026-07-31 20:07:24,076 | INFO | Total pages discovered : 48
2026-07-31 20:07:24,076 | INFO | Downloading sitemap...
2026-07-31 20:07:25,738 | INFO | Sitemap downloaded successfully.
2026-07-31 20:07:25,739 | INFO | Parsing sitemap...
2026-07-31 20:07:25,740 | INFO | Found 1 sitemap(s).
2026-07-31 20:07:25,740 | INFO | Found 2 sitemap(s).
2026-07-31 20:07:25,740 | INFO | Found 3 sitemap(s).
2026-07-31 20:07:25,740 | INFO | 
2026-07-31 20:07:25,740 | INFO | ============================================================
2026-07-31 20:07:25,740 | INFO | DISCOVERING WEBSITE PAGES
2026-07-31 20:07:25,740 | INFO | ============================================================
2026-07-31 20:07:25,740 | INFO | Downloading child sitemap : https://necs-legal.com/wp-sitemap-posts-post-1.xml
2026-07-31 20:07:26,865 | INFO | Child sitemap downloaded successfully.
2026-07-31 20:07:26,867 | INFO | Parsing child sitemap...
2026-07-31 20:07:26,868 | INFO | Found 6 page(s).
2026-07-31 20:07:26,868 | INFO | Downloading child sitemap : https://necs-legal.com/wp-sitemap-posts-page-1.xml
2026-07-31 20:07:28,197 | INFO | Child sitemap downloaded successfully.
2026-07-31 20:07:28,201 | INFO | Parsing child sitemap...
2026-07-31 20:07:28,205 | INFO | Found 14 page(s).
2026-07-31 20:07:28,205 | INFO | Downloading child sitemap : https://necs-legal.com/wp-sitemap-taxonomies-category-1.xml
2026-07-31 20:07:29,527 | INFO | Child sitemap downloaded successfully.
2026-07-31 20:07:29,528 | INFO | Parsing child sitemap...
2026-07-31 20:07:29,529 | INFO | Found 4 page(s).
2026-07-31 20:07:29,529 | INFO | Total pages discovered : 48
2026-07-31 20:07:29,529 | INFO | Downloading sitemap...
2026-07-31 20:07:31,064 | INFO | Sitemap downloaded successfully.
2026-07-31 20:07:31,067 | INFO | Parsing sitemap...
2026-07-31 20:07:31,068 | INFO | Found 1 sitemap(s).
2026-07-31 20:07:31,068 | INFO | Found 2 sitemap(s).
2026-07-31 20:07:31,069 | INFO | Found 3 sitemap(s).
2026-07-31 20:07:31,069 | INFO | 
2026-07-31 20:07:31,069 | INFO | ============================================================
2026-07-31 20:07:31,069 | INFO | DISCOVERING WEBSITE PAGES
2026-07-31 20:07:31,069 | INFO | ============================================================
2026-07-31 20:07:31,069 | INFO | Downloading child sitemap : https://necs-legal.com/wp-sitemap-posts-post-1.xml
2026-07-31 20:07:32,154 | INFO | Child sitemap downloaded successfully.
2026-07-31 20:07:32,157 | INFO | Parsing child sitemap...
2026-07-31 20:07:32,158 | INFO | Found 6 page(s).
2026-07-31 20:07:32,158 | INFO | Downloading child sitemap : https://necs-legal.com/wp-sitemap-posts-page-1.xml
2026-07-31 20:07:33,316 | INFO | Child sitemap downloaded successfully.
2026-07-31 20:07:33,318 | INFO | Parsing child sitemap...
2026-07-31 20:07:33,318 | INFO | Found 14 page(s).
2026-07-31 20:07:33,319 | INFO | Downloading child sitemap : https://necs-legal.com/wp-sitemap-taxonomies-category-1.xml
2026-07-31 20:07:34,443 | INFO | Child sitemap downloaded successfully.
2026-07-31 20:07:34,446 | INFO | Parsing child sitemap...
2026-07-31 20:07:34,447 | INFO | Found 4 page(s).
2026-07-31 20:07:34,448 | INFO | Total pages discovered : 48
2026-07-31 20:07:34,448 | INFO | Downloading sitemap...
2026-07-31 20:07:35,978 | INFO | Sitemap downloaded successfully.
2026-07-31 20:07:35,980 | INFO | Parsing sitemap...
2026-07-31 20:07:35,980 | INFO | Found 1 sitemap(s).
2026-07-31 20:07:35,980 | INFO | Found 2 sitemap(s).
2026-07-31 20:07:35,980 | INFO | Found 3 sitemap(s).
2026-07-31 20:07:35,980 | INFO | 
2026-07-31 20:07:35,980 | INFO | ============================================================
2026-07-31 20:07:35,981 | INFO | DISCOVERING WEBSITE PAGES
2026-07-31 20:07:35,981 | INFO | ============================================================
2026-07-31 20:07:35,981 | INFO | Downloading child sitemap : https://necs-legal.com/wp-sitemap-posts-post-1.xml
2026-07-31 20:07:37,207 | INFO | Child sitemap downloaded successfully.
2026-07-31 20:07:37,208 | INFO | Parsing child sitemap...
2026-07-31 20:07:37,209 | INFO | Found 6 page(s).
2026-07-31 20:07:37,209 | INFO | Downloading child sitemap : https://necs-legal.com/wp-sitemap-posts-page-1.xml
2026-07-31 20:07:38,554 | INFO | Child sitemap downloaded successfully.
2026-07-31 20:07:38,557 | INFO | Parsing child sitemap...
2026-07-31 20:07:38,558 | INFO | Found 14 page(s).
2026-07-31 20:07:38,558 | INFO | Downloading child sitemap : https://necs-legal.com/wp-sitemap-taxonomies-category-1.xml
2026-07-31 20:07:39,973 | INFO | Child sitemap downloaded successfully.
2026-07-31 20:07:39,977 | INFO | Parsing child sitemap...
2026-07-31 20:07:39,978 | INFO | Found 4 page(s).
2026-07-31 20:07:39,978 | INFO | Total pages discovered : 48
2026-07-31 20:07:39,978 | INFO | Downloading sitemap...
2026-07-31 20:07:41,612 | INFO | Sitemap downloaded successfully.
2026-07-31 20:07:41,615 | INFO | Parsing sitemap...
2026-07-31 20:07:41,616 | INFO | Found 1 sitemap(s).
2026-07-31 20:07:41,616 | INFO | Found 2 sitemap(s).
2026-07-31 20:07:41,616 | INFO | Found 3 sitemap(s).
2026-07-31 20:07:41,617 | INFO | 
2026-07-31 20:07:41,617 | INFO | ============================================================
2026-07-31 20:07:41,617 | INFO | DISCOVERING WEBSITE PAGES
2026-07-31 20:07:41,617 | INFO | ============================================================
2026-07-31 20:07:41,617 | INFO | Downloading child sitemap : https://necs-legal.com/wp-sitemap-posts-post-1.xml
2026-07-31 20:07:42,842 | INFO | Child sitemap downloaded successfully.
2026-07-31 20:07:42,844 | INFO | Parsing child sitemap...
2026-07-31 20:07:42,846 | INFO | Found 6 page(s).
2026-07-31 20:07:42,846 | INFO | Downloading child sitemap : https://necs-legal.com/wp-sitemap-posts-page-1.xml
2026-07-31 20:07:43,966 | INFO | Child sitemap downloaded successfully.
2026-07-31 20:07:43,968 | INFO | Parsing child sitemap...
2026-07-31 20:07:43,968 | INFO | Found 14 page(s).
2026-07-31 20:07:43,968 | INFO | Downloading child sitemap : https://necs-legal.com/wp-sitemap-taxonomies-category-1.xml
2026-07-31 20:07:45,297 | INFO | Child sitemap downloaded successfully.
2026-07-31 20:07:45,298 | INFO | Parsing child sitemap...
2026-07-31 20:07:45,301 | INFO | Found 4 page(s).
2026-07-31 20:07:45,302 | INFO | Total pages discovered : 48
2026-07-31 20:12:01,962 | INFO | Website Crawler initialized.
2026-07-31 20:12:01,962 | INFO | Cache Folder : website_cache
2026-08-03 09:06:31,896 | INFO | Website Crawler initialized.
2026-08-03 09:06:31,897 | INFO | Cache Folder : website_cache
2026-08-03 09:08:39,458 | INFO | Website Crawler initialized.
2026-08-03 09:08:39,459 | INFO | Cache Folder : website_cache
2026-08-03 09:11:05,506 | INFO | Website Crawler initialized.
2026-08-03 09:11:05,506 | INFO | Cache Folder : website_cache
2026-08-03 09:11:05,507 | INFO | Downloading : https://necs-legal.com/
2026-08-03 09:11:12,089 | INFO | Download successful.
2026-08-03 09:11:40,728 | INFO | Website Crawler initialized.
2026-08-03 09:11:40,728 | INFO | Cache Folder : website_cache
2026-08-03 09:11:40,728 | INFO | Downloading : https://necs-legal.com/
2026-08-03 09:11:42,196 | INFO | Download successful.
2026-08-03 10:34:20,121 | INFO | Website Crawler initialized.
2026-08-03 10:34:20,122 | INFO | Cache Folder : website_cache
2026-08-03 10:34:20,122 | INFO | Downloading : https://necs-legal.com/
2026-08-03 10:34:26,401 | INFO | Download successful.
2026-08-03 10:36:15,859 | INFO | Website Crawler initialized.
2026-08-03 10:36:15,859 | INFO | Cache Folder : website_cache
2026-08-03 10:36:15,859 | INFO | Downloading : https://necs-legal.com/
2026-08-03 10:36:17,158 | INFO | Download successful.
2026-08-03 10:37:51,825 | INFO | Website Crawler initialized.
2026-08-03 10:37:51,825 | INFO | Cache Folder : website_cache
2026-08-03 10:37:51,825 | INFO | Downloading : https://necs-legal.com/
2026-08-03 10:37:53,238 | INFO | Download successful.
2026-08-03 10:37:53,243 | INFO | Saved : index.html
2026-08-03 10:43:04,803 | INFO | Website Crawler initialized.
2026-08-03 10:43:04,803 | INFO | Cache Folder : website_cache
2026-08-03 10:43:04,803 | INFO | Downloading : https://necs-legal.com/
2026-08-03 10:43:06,158 | INFO | Download successful.
2026-08-03 10:43:06,164 | INFO | Saved : index.html
2026-08-03 10:46:15,141 | INFO | Website Crawler initialized.
2026-08-03 10:46:15,142 | INFO | Cache Folder : website_cache
2026-08-03 10:46:15,142 | INFO | Downloading : https://necs-legal.com/
2026-08-03 10:46:16,616 | INFO | Download successful.
2026-08-03 10:46:16,619 | INFO | Saved : index.html
2026-08-03 10:46:16,619 | INFO | Loading : index.html
2026-08-03 10:46:16,619 | INFO | Loaded 84228 characters.
2026-08-03 11:44:00,649 | INFO | Website Crawler initialized.
2026-08-03 11:44:00,649 | INFO | Downloading sitemap...
2026-08-03 11:44:06,950 | INFO | Sitemap downloaded successfully.
2026-08-03 11:44:06,953 | INFO | Parsing sitemap...
2026-08-03 11:44:06,962 | INFO | Found 1 sitemap(s).
2026-08-03 11:44:06,963 | INFO | Found 2 sitemap(s).
2026-08-03 11:44:06,963 | INFO | Found 3 sitemap(s).
2026-08-03 11:44:06,963 | INFO | 
2026-08-03 11:44:06,964 | INFO | ============================================================
2026-08-03 11:44:06,964 | INFO | DISCOVERING WEBSITE PAGES
2026-08-03 11:44:06,964 | INFO | ============================================================
2026-08-03 11:44:06,964 | INFO | Downloading child sitemap : https://necs-legal.com/wp-sitemap-posts-post-1.xml
2026-08-03 11:44:07,974 | INFO | Child sitemap downloaded successfully.
2026-08-03 11:44:07,977 | INFO | Parsing child sitemap...
2026-08-03 11:44:07,978 | INFO | Found 6 page(s).
2026-08-03 11:44:07,978 | INFO | Downloading child sitemap : https://necs-legal.com/wp-sitemap-posts-page-1.xml
2026-08-03 11:44:09,101 | INFO | Child sitemap downloaded successfully.
2026-08-03 11:44:09,104 | INFO | Parsing child sitemap...
2026-08-03 11:44:09,106 | INFO | Found 14 page(s).
2026-08-03 11:44:09,106 | INFO | Downloading child sitemap : https://necs-legal.com/wp-sitemap-taxonomies-category-1.xml
2026-08-03 11:44:10,228 | INFO | Child sitemap downloaded successfully.
2026-08-03 11:44:10,231 | INFO | Parsing child sitemap...
2026-08-03 11:44:10,233 | INFO | Found 4 page(s).
2026-08-03 11:44:10,234 | INFO | Total pages discovered : 48
2026-08-03 11:44:10,236 | INFO | Website Crawler initialized.
2026-08-03 11:44:10,236 | INFO | Cache Folder : website_cache
2026-08-03 11:44:10,237 | INFO | Downloading : https://necs-legal.com/
2026-08-03 11:44:11,560 | INFO | Download successful.
2026-08-03 11:44:11,564 | INFO | 
2026-08-03 11:44:11,565 | INFO | ============================================================
2026-08-03 11:44:11,565 | INFO | DOWNLOADING WEBSITE
2026-08-03 11:44:11,566 | INFO | ============================================================
2026-08-03 11:44:11,566 | INFO | [1/48] https://necs-legal.com/2025/05/12/publication-key-developments-in-the-corporate-sector/
2026-08-03 11:44:11,566 | INFO | Downloading : https://necs-legal.com/2025/05/12/publication-key-developments-in-the-corporate-sector/
2026-08-03 11:44:13,098 | INFO | Download successful.
2026-08-03 11:44:13,102 | INFO | [2/48] https://necs-legal.com/2025/05/12/publication-key-developments-in-the-corporate-sector/
2026-08-03 11:44:13,103 | INFO | Downloading : https://necs-legal.com/2025/05/12/publication-key-developments-in-the-corporate-sector/
2026-08-03 11:44:14,495 | INFO | Download successful.
2026-08-03 11:44:14,499 | INFO | [3/48] https://necs-legal.com/2025/05/13/publication-lexology-indepth-dispute-resolution-nigeria-3/
2026-08-03 11:44:14,500 | INFO | Downloading : https://necs-legal.com/2025/05/13/publication-lexology-indepth-dispute-resolution-nigeria-3/
2026-08-03 11:44:16,067 | INFO | Download successful.
2026-08-03 11:44:16,071 | INFO | [4/48] https://necs-legal.com/2025/05/13/publication-lexology-indepth-dispute-resolution-nigeria-3/
2026-08-03 11:44:16,072 | INFO | Downloading : https://necs-legal.com/2025/05/13/publication-lexology-indepth-dispute-resolution-nigeria-3/
2026-08-03 11:44:17,501 | INFO | Download successful.
2026-08-03 11:44:17,504 | INFO | [5/48] https://necs-legal.com/2025/05/13/publication-significant-tax-developments-in-nigeria-2/
2026-08-03 11:44:17,505 | INFO | Downloading : https://necs-legal.com/2025/05/13/publication-significant-tax-developments-in-nigeria-2/
2026-08-03 11:44:18,831 | INFO | Download successful.
2026-08-03 11:44:18,834 | INFO | [6/48] https://necs-legal.com/2025/05/13/publication-significant-tax-developments-in-nigeria-2/
2026-08-03 11:44:18,835 | INFO | Downloading : https://necs-legal.com/2025/05/13/publication-significant-tax-developments-in-nigeria-2/
2026-08-03 11:44:20,331 | INFO | Download successful.
2026-08-03 11:44:20,335 | INFO | [7/48] https://necs-legal.com/2025/07/25/navigating-patent-for-startups-in-nigeria/
2026-08-03 11:44:20,336 | INFO | Downloading : https://necs-legal.com/2025/07/25/navigating-patent-for-startups-in-nigeria/
2026-08-03 11:44:21,698 | INFO | Download successful.
2026-08-03 11:44:21,705 | INFO | [8/48] https://necs-legal.com/2025/07/25/navigating-patent-for-startups-in-nigeria/
2026-08-03 11:44:21,705 | INFO | Downloading : https://necs-legal.com/2025/07/25/navigating-patent-for-startups-in-nigeria/
2026-08-03 11:44:22,947 | INFO | Download successful.
2026-08-03 11:44:22,951 | INFO | [9/48] https://necs-legal.com/2025/09/17/1162/
2026-08-03 11:44:22,951 | INFO | Downloading : https://necs-legal.com/2025/09/17/1162/
2026-08-03 11:44:24,258 | INFO | Download successful.
2026-08-03 11:44:24,264 | INFO | [10/48] https://necs-legal.com/2025/09/17/1162/
2026-08-03 11:44:24,265 | INFO | Downloading : https://necs-legal.com/2025/09/17/1162/
2026-08-03 11:44:25,589 | INFO | Download successful.
2026-08-03 11:44:25,595 | INFO | [11/48] https://necs-legal.com/2026/02/02/bimbo-ademoye-youtube-and-copyright-in-nigeria-legal-issues-under-the-copyright-act-2022/
2026-08-03 11:44:25,595 | INFO | Downloading : https://necs-legal.com/2026/02/02/bimbo-ademoye-youtube-and-copyright-in-nigeria-legal-issues-under-the-copyright-act-2022/
2026-08-03 11:44:30,915 | INFO | Download successful.
2026-08-03 11:44:30,919 | INFO | [12/48] https://necs-legal.com/2026/02/02/bimbo-ademoye-youtube-and-copyright-in-nigeria-legal-issues-under-the-copyright-act-2022/
2026-08-03 11:44:30,919 | INFO | Downloading : https://necs-legal.com/2026/02/02/bimbo-ademoye-youtube-and-copyright-in-nigeria-legal-issues-under-the-copyright-act-2022/
2026-08-03 11:44:32,450 | INFO | Download successful.
2026-08-03 11:44:32,454 | INFO | [13/48] https://necs-legal.com/contact-us/
2026-08-03 11:44:32,454 | INFO | Downloading : https://necs-legal.com/contact-us/
2026-08-03 11:44:33,780 | INFO | Download successful.
2026-08-03 11:44:33,783 | INFO | [14/48] https://necs-legal.com/contact-us/
2026-08-03 11:44:33,784 | INFO | Downloading : https://necs-legal.com/contact-us/
2026-08-03 11:44:35,214 | INFO | Download successful.
2026-08-03 11:44:35,217 | INFO | [15/48] https://necs-legal.com/services/
2026-08-03 11:44:35,218 | INFO | Downloading : https://necs-legal.com/services/
2026-08-03 11:44:36,481 | INFO | Download successful.
2026-08-03 11:44:36,484 | INFO | [16/48] https://necs-legal.com/services/
2026-08-03 11:44:36,485 | INFO | Downloading : https://necs-legal.com/services/
2026-08-03 11:44:37,876 | INFO | Download successful.
2026-08-03 11:44:37,880 | INFO | [17/48] https://necs-legal.com/services/anti-counterfeiting/
2026-08-03 11:44:37,880 | INFO | Downloading : https://necs-legal.com/services/anti-counterfeiting/
2026-08-03 11:44:39,309 | INFO | Download successful.
2026-08-03 11:44:39,313 | INFO | [18/48] https://necs-legal.com/services/anti-counterfeiting/
2026-08-03 11:44:39,314 | INFO | Downloading : https://necs-legal.com/services/anti-counterfeiting/
2026-08-03 11:44:40,743 | INFO | Download successful.
2026-08-03 11:44:40,746 | INFO | [19/48] https://necs-legal.com/services/commercial-ip/
2026-08-03 11:44:40,747 | INFO | Downloading : https://necs-legal.com/services/commercial-ip/
2026-08-03 11:44:42,074 | INFO | Download successful.
2026-08-03 11:44:42,078 | INFO | [20/48] https://necs-legal.com/services/commercial-ip/
2026-08-03 11:44:42,079 | INFO | Downloading : https://necs-legal.com/services/commercial-ip/
2026-08-03 11:44:43,513 | INFO | Download successful.
2026-08-03 11:44:43,517 | INFO | [21/48] https://necs-legal.com/services/copyright/
2026-08-03 11:44:43,518 | INFO | Downloading : https://necs-legal.com/services/copyright/
2026-08-03 11:44:44,856 | INFO | Download successful.
2026-08-03 11:44:44,860 | INFO | [22/48] https://necs-legal.com/services/copyright/
2026-08-03 11:44:44,860 | INFO | Downloading : https://necs-legal.com/services/copyright/
2026-08-03 11:44:46,170 | INFO | Download successful.
2026-08-03 11:44:46,173 | INFO | [23/48] https://necs-legal.com/services/designs/
2026-08-03 11:44:46,174 | INFO | Downloading : https://necs-legal.com/services/designs/
2026-08-03 11:44:47,582 | INFO | Download successful.
2026-08-03 11:44:47,586 | INFO | [24/48] https://necs-legal.com/services/designs/
2026-08-03 11:44:47,587 | INFO | Downloading : https://necs-legal.com/services/designs/
2026-08-03 11:44:49,140 | INFO | Download successful.
2026-08-03 11:44:49,146 | INFO | [25/48] https://necs-legal.com/services/ip-litigation-disputes/
2026-08-03 11:44:49,146 | INFO | Downloading : https://necs-legal.com/services/ip-litigation-disputes/
2026-08-03 11:44:50,575 | INFO | Download successful.
2026-08-03 11:44:50,578 | INFO | [26/48] https://necs-legal.com/services/ip-litigation-disputes/
2026-08-03 11:44:50,579 | INFO | Downloading : https://necs-legal.com/services/ip-litigation-disputes/
2026-08-03 11:44:52,007 | INFO | Download successful.
2026-08-03 11:44:52,011 | INFO | [27/48] https://necs-legal.com/services/patents/
2026-08-03 11:44:52,012 | INFO | Downloading : https://necs-legal.com/services/patents/
2026-08-03 11:44:53,819 | INFO | Download successful.
2026-08-03 11:44:53,826 | INFO | [28/48] https://necs-legal.com/services/patents/
2026-08-03 11:44:53,826 | INFO | Downloading : https://necs-legal.com/services/patents/
2026-08-03 11:44:55,284 | INFO | Download successful.
2026-08-03 11:44:55,289 | INFO | [29/48] https://necs-legal.com/services/trademarks/
2026-08-03 11:44:55,290 | INFO | Downloading : https://necs-legal.com/services/trademarks/
2026-08-03 11:44:56,717 | INFO | Download successful.
2026-08-03 11:44:56,721 | INFO | [30/48] https://necs-legal.com/services/trademarks/
2026-08-03 11:44:56,722 | INFO | Downloading : https://necs-legal.com/services/trademarks/
2026-08-03 11:44:58,049 | INFO | Download successful.
2026-08-03 11:44:58,053 | INFO | [31/48] https://necs-legal.com/services/domain-names/
2026-08-03 11:44:58,054 | INFO | Downloading : https://necs-legal.com/services/domain-names/
2026-08-03 11:44:59,380 | INFO | Download successful.
2026-08-03 11:44:59,386 | INFO | [32/48] https://necs-legal.com/services/domain-names/
2026-08-03 11:44:59,386 | INFO | Downloading : https://necs-legal.com/services/domain-names/
2026-08-03 11:45:00,711 | INFO | Download successful.
2026-08-03 11:45:00,716 | INFO | [33/48] https://necs-legal.com/services/ip-advisory/
2026-08-03 11:45:00,716 | INFO | Downloading : https://necs-legal.com/services/ip-advisory/
2026-08-03 11:45:02,042 | INFO | Download successful.
2026-08-03 11:45:02,046 | INFO | [34/48] https://necs-legal.com/services/ip-advisory/
2026-08-03 11:45:02,046 | INFO | Downloading : https://necs-legal.com/services/ip-advisory/
2026-08-03 11:45:03,680 | INFO | Download successful.
2026-08-03 11:45:03,684 | INFO | [35/48] https://necs-legal.com/
2026-08-03 11:45:03,685 | INFO | Downloading : https://necs-legal.com/
2026-08-03 11:45:05,216 | INFO | Download successful.
2026-08-03 11:45:05,222 | INFO | Saved : index.html
2026-08-03 11:45:05,222 | INFO | 
2026-08-03 11:45:05,222 | INFO | Downloaded 1 page(s).
2026-08-03 11:45:05,227 | INFO | Saved : index.html
2026-08-03 11:45:05,228 | INFO | Loading : index.html
2026-08-03 11:45:05,228 | INFO | Loaded 84228 characters.
2026-08-03 14:17:51,128 | INFO | Website Crawler initialized.
2026-08-03 14:17:51,128 | INFO | Downloading sitemap...
2026-08-03 14:17:52,932 | INFO | Sitemap downloaded successfully.
2026-08-03 14:17:52,934 | INFO | Parsing sitemap...
2026-08-03 14:17:52,936 | INFO | Found 1 sitemap(s).
2026-08-03 14:17:52,936 | INFO | Found 2 sitemap(s).
2026-08-03 14:17:52,936 | INFO | Found 3 sitemap(s).
2026-08-03 14:17:52,937 | INFO | 
2026-08-03 14:17:52,937 | INFO | ============================================================
2026-08-03 14:17:52,937 | INFO | DISCOVERING WEBSITE PAGES
2026-08-03 14:17:52,937 | INFO | ============================================================
2026-08-03 14:17:52,937 | INFO | Downloading child sitemap : https://necs-legal.com/wp-sitemap-posts-post-1.xml
2026-08-03 14:17:54,049 | INFO | Child sitemap downloaded successfully.
2026-08-03 14:17:54,051 | INFO | Parsing child sitemap...
2026-08-03 14:17:54,053 | INFO | Found 6 page(s).
2026-08-03 14:17:54,053 | INFO | Downloading child sitemap : https://necs-legal.com/wp-sitemap-posts-page-1.xml
2026-08-03 14:17:55,182 | INFO | Child sitemap downloaded successfully.
2026-08-03 14:17:55,185 | INFO | Parsing child sitemap...
2026-08-03 14:17:55,186 | INFO | Found 14 page(s).
2026-08-03 14:17:55,187 | INFO | Downloading child sitemap : https://necs-legal.com/wp-sitemap-taxonomies-category-1.xml
2026-08-03 14:17:56,402 | INFO | Child sitemap downloaded successfully.
2026-08-03 14:17:56,404 | INFO | Parsing child sitemap...
2026-08-03 14:17:56,406 | INFO | Found 4 page(s).
2026-08-03 14:17:56,406 | INFO | Total pages discovered : 48
2026-08-03 14:17:56,409 | INFO | Website Crawler initialized.
2026-08-03 14:17:56,409 | INFO | Cache Folder : website_cache
2026-08-03 14:17:56,409 | INFO | Downloading : https://necs-legal.com/
2026-08-03 14:17:57,735 | INFO | Download successful.
2026-08-03 14:17:57,738 | INFO | 
2026-08-03 14:17:57,739 | INFO | ============================================================
2026-08-03 14:17:57,739 | INFO | DOWNLOADING WEBSITE
2026-08-03 14:17:57,740 | INFO | ============================================================
2026-08-03 14:17:57,740 | INFO | [1/48] https://necs-legal.com/2025/05/12/publication-key-developments-in-the-corporate-sector/
2026-08-03 14:17:57,740 | INFO | Downloading : https://necs-legal.com/2025/05/12/publication-key-developments-in-the-corporate-sector/
2026-08-03 14:17:59,155 | INFO | Download successful.
2026-08-03 14:17:59,158 | INFO | [2/48] https://necs-legal.com/2025/05/12/publication-key-developments-in-the-corporate-sector/
2026-08-03 14:17:59,159 | INFO | Downloading : https://necs-legal.com/2025/05/12/publication-key-developments-in-the-corporate-sector/
2026-08-03 14:18:00,603 | INFO | Download successful.
2026-08-03 14:18:00,607 | INFO | [3/48] https://necs-legal.com/2025/05/13/publication-lexology-indepth-dispute-resolution-nigeria-3/
2026-08-03 14:18:00,607 | INFO | Downloading : https://necs-legal.com/2025/05/13/publication-lexology-indepth-dispute-resolution-nigeria-3/
2026-08-03 14:18:02,141 | INFO | Download successful.
2026-08-03 14:18:02,145 | INFO | [4/48] https://necs-legal.com/2025/05/13/publication-lexology-indepth-dispute-resolution-nigeria-3/
2026-08-03 14:18:02,145 | INFO | Downloading : https://necs-legal.com/2025/05/13/publication-lexology-indepth-dispute-resolution-nigeria-3/
2026-08-03 14:18:03,776 | INFO | Download successful.
2026-08-03 14:18:03,777 | INFO | [5/48] https://necs-legal.com/2025/05/13/publication-significant-tax-developments-in-nigeria-2/
2026-08-03 14:18:03,780 | INFO | Downloading : https://necs-legal.com/2025/05/13/publication-significant-tax-developments-in-nigeria-2/
2026-08-03 14:18:05,463 | INFO | Download successful.
2026-08-03 14:18:05,467 | INFO | [6/48] https://necs-legal.com/2025/05/13/publication-significant-tax-developments-in-nigeria-2/
2026-08-03 14:18:05,467 | INFO | Downloading : https://necs-legal.com/2025/05/13/publication-significant-tax-developments-in-nigeria-2/
2026-08-03 14:18:08,078 | INFO | Download successful.
2026-08-03 14:18:08,081 | INFO | [7/48] https://necs-legal.com/2025/07/25/navigating-patent-for-startups-in-nigeria/
2026-08-03 14:18:08,082 | INFO | Downloading : https://necs-legal.com/2025/07/25/navigating-patent-for-startups-in-nigeria/
2026-08-03 14:18:09,410 | INFO | Download successful.
2026-08-03 14:18:09,414 | INFO | [8/48] https://necs-legal.com/2025/07/25/navigating-patent-for-startups-in-nigeria/
2026-08-03 14:18:09,414 | INFO | Downloading : https://necs-legal.com/2025/07/25/navigating-patent-for-startups-in-nigeria/
2026-08-03 14:18:10,741 | INFO | Download successful.
2026-08-03 14:18:10,745 | INFO | [9/48] https://necs-legal.com/2025/09/17/1162/
2026-08-03 14:18:10,745 | INFO | Downloading : https://necs-legal.com/2025/09/17/1162/
2026-08-03 14:18:12,276 | INFO | Download successful.
2026-08-03 14:18:12,279 | INFO | [10/48] https://necs-legal.com/2025/09/17/1162/
2026-08-03 14:18:12,279 | INFO | Downloading : https://necs-legal.com/2025/09/17/1162/
2026-08-03 14:18:14,119 | INFO | Download successful.
2026-08-03 14:18:14,122 | INFO | [11/48] https://necs-legal.com/2026/02/02/bimbo-ademoye-youtube-and-copyright-in-nigeria-legal-issues-under-the-copyright-act-2022/
2026-08-03 14:18:14,124 | INFO | Downloading : https://necs-legal.com/2026/02/02/bimbo-ademoye-youtube-and-copyright-in-nigeria-legal-issues-under-the-copyright-act-2022/
2026-08-03 14:18:15,422 | INFO | Download successful.
2026-08-03 14:18:15,425 | INFO | [12/48] https://necs-legal.com/2026/02/02/bimbo-ademoye-youtube-and-copyright-in-nigeria-legal-issues-under-the-copyright-act-2022/
2026-08-03 14:18:15,426 | INFO | Downloading : https://necs-legal.com/2026/02/02/bimbo-ademoye-youtube-and-copyright-in-nigeria-legal-issues-under-the-copyright-act-2022/
2026-08-03 14:18:17,191 | INFO | Download successful.
2026-08-03 14:18:17,194 | INFO | [13/48] https://necs-legal.com/contact-us/
2026-08-03 14:18:17,195 | INFO | Downloading : https://necs-legal.com/contact-us/
2026-08-03 14:18:18,623 | INFO | Download successful.
2026-08-03 14:18:18,627 | INFO | [14/48] https://necs-legal.com/contact-us/
2026-08-03 14:18:18,627 | INFO | Downloading : https://necs-legal.com/contact-us/
2026-08-03 14:18:19,937 | INFO | Download successful.
2026-08-03 14:18:19,941 | INFO | [15/48] https://necs-legal.com/services/
2026-08-03 14:18:19,941 | INFO | Downloading : https://necs-legal.com/services/
2026-08-03 14:18:21,373 | INFO | Download successful.
2026-08-03 14:18:21,376 | INFO | [16/48] https://necs-legal.com/services/
2026-08-03 14:18:21,377 | INFO | Downloading : https://necs-legal.com/services/
2026-08-03 14:18:22,719 | INFO | Download successful.
2026-08-03 14:18:22,724 | INFO | [17/48] https://necs-legal.com/services/anti-counterfeiting/
2026-08-03 14:18:22,724 | INFO | Downloading : https://necs-legal.com/services/anti-counterfeiting/
2026-08-03 14:18:24,358 | INFO | Download successful.
2026-08-03 14:18:24,362 | INFO | [18/48] https://necs-legal.com/services/anti-counterfeiting/
2026-08-03 14:18:24,362 | INFO | Downloading : https://necs-legal.com/services/anti-counterfeiting/
2026-08-03 14:18:25,782 | INFO | Download successful.
2026-08-03 14:18:25,783 | INFO | [19/48] https://necs-legal.com/services/commercial-ip/
2026-08-03 14:18:25,784 | INFO | Downloading : https://necs-legal.com/services/commercial-ip/
2026-08-03 14:18:27,231 | INFO | Download successful.
2026-08-03 14:18:27,235 | INFO | [20/48] https://necs-legal.com/services/commercial-ip/
2026-08-03 14:18:27,236 | INFO | Downloading : https://necs-legal.com/services/commercial-ip/
2026-08-03 14:18:29,170 | INFO | Download successful.
2026-08-03 14:18:29,175 | INFO | [21/48] https://necs-legal.com/services/copyright/
2026-08-03 14:18:29,175 | INFO | Downloading : https://necs-legal.com/services/copyright/
2026-08-03 14:18:30,706 | INFO | Download successful.
2026-08-03 14:18:30,710 | INFO | [22/48] https://necs-legal.com/services/copyright/
2026-08-03 14:18:30,711 | INFO | Downloading : https://necs-legal.com/services/copyright/
2026-08-03 14:18:32,345 | INFO | Download successful.
2026-08-03 14:18:32,349 | INFO | [23/48] https://necs-legal.com/services/designs/
2026-08-03 14:18:32,349 | INFO | Downloading : https://necs-legal.com/services/designs/
2026-08-03 14:18:33,778 | INFO | Download successful.
2026-08-03 14:18:33,782 | INFO | [24/48] https://necs-legal.com/services/designs/
2026-08-03 14:18:33,782 | INFO | Downloading : https://necs-legal.com/services/designs/
2026-08-03 14:18:35,401 | INFO | Download successful.
2026-08-03 14:18:35,405 | INFO | [25/48] https://necs-legal.com/services/ip-litigation-disputes/
2026-08-03 14:18:35,406 | INFO | Downloading : https://necs-legal.com/services/ip-litigation-disputes/
2026-08-03 14:18:37,056 | INFO | Download successful.
2026-08-03 14:18:37,059 | INFO | [26/48] https://necs-legal.com/services/ip-litigation-disputes/
2026-08-03 14:18:37,060 | INFO | Downloading : https://necs-legal.com/services/ip-litigation-disputes/
2026-08-03 14:18:38,388 | INFO | Download successful.
2026-08-03 14:18:38,394 | INFO | [27/48] https://necs-legal.com/services/patents/
2026-08-03 14:18:38,394 | INFO | Downloading : https://necs-legal.com/services/patents/
2026-08-03 14:18:39,861 | INFO | Download successful.
2026-08-03 14:18:39,866 | INFO | [28/48] https://necs-legal.com/services/patents/
2026-08-03 14:18:39,867 | INFO | Downloading : https://necs-legal.com/services/patents/
2026-08-03 14:18:41,155 | INFO | Download successful.
2026-08-03 14:18:41,160 | INFO | [29/48] https://necs-legal.com/services/trademarks/
2026-08-03 14:18:41,161 | INFO | Downloading : https://necs-legal.com/services/trademarks/
2026-08-03 14:18:42,687 | INFO | Download successful.
2026-08-03 14:18:42,692 | INFO | [30/48] https://necs-legal.com/services/trademarks/
2026-08-03 14:18:42,693 | INFO | Downloading : https://necs-legal.com/services/trademarks/
2026-08-03 14:18:44,299 | INFO | Download successful.
2026-08-03 14:18:44,302 | INFO | [31/48] https://necs-legal.com/services/domain-names/
2026-08-03 14:18:44,303 | INFO | Downloading : https://necs-legal.com/services/domain-names/
2026-08-03 14:18:45,678 | INFO | Download successful.
2026-08-03 14:18:45,684 | INFO | [32/48] https://necs-legal.com/services/domain-names/
2026-08-03 14:18:45,684 | INFO | Downloading : https://necs-legal.com/services/domain-names/
2026-08-03 14:18:47,096 | INFO | Download successful.
2026-08-03 14:18:47,102 | INFO | [33/48] https://necs-legal.com/services/ip-advisory/
2026-08-03 14:18:47,102 | INFO | Downloading : https://necs-legal.com/services/ip-advisory/
2026-08-03 14:18:48,524 | INFO | Download successful.
2026-08-03 14:18:48,528 | INFO | [34/48] https://necs-legal.com/services/ip-advisory/
2026-08-03 14:18:48,528 | INFO | Downloading : https://necs-legal.com/services/ip-advisory/
2026-08-03 14:18:49,958 | INFO | Download successful.
2026-08-03 14:18:49,961 | INFO | [35/48] https://necs-legal.com/
2026-08-03 14:18:49,962 | INFO | Downloading : https://necs-legal.com/
2026-08-03 14:18:51,291 | INFO | Download successful.
2026-08-03 14:18:51,305 | INFO | Saved : index.html
2026-08-03 14:18:51,305 | INFO | [36/48] https://necs-legal.com/
2026-08-03 14:18:51,306 | INFO | Downloading : https://necs-legal.com/
2026-08-03 14:18:52,621 | INFO | Download successful.
2026-08-03 14:18:52,625 | INFO | Saved : index.html
2026-08-03 14:18:52,626 | INFO | [37/48] https://necs-legal.com/meet-the-team/
2026-08-03 14:18:52,626 | INFO | Downloading : https://necs-legal.com/meet-the-team/
2026-08-03 14:18:54,064 | INFO | Download successful.
2026-08-03 14:18:54,068 | INFO | [38/48] https://necs-legal.com/meet-the-team/
2026-08-03 14:18:54,068 | INFO | Downloading : https://necs-legal.com/meet-the-team/
2026-08-03 14:18:55,485 | INFO | Download successful.
2026-08-03 14:18:55,490 | INFO | [39/48] https://necs-legal.com/insights/
2026-08-03 14:18:55,492 | INFO | Downloading : https://necs-legal.com/insights/
2026-08-03 14:18:56,922 | INFO | Download successful.
2026-08-03 14:18:56,927 | INFO | [40/48] https://necs-legal.com/insights/
2026-08-03 14:18:56,929 | INFO | Downloading : https://necs-legal.com/insights/
2026-08-03 14:18:58,252 | INFO | Download successful.
2026-08-03 14:18:58,256 | INFO | [41/48] https://necs-legal.com/category/all/
2026-08-03 14:18:58,257 | INFO | Downloading : https://necs-legal.com/category/all/
2026-08-03 14:18:59,893 | INFO | Download successful.
2026-08-03 14:18:59,897 | INFO | [42/48] https://necs-legal.com/category/all/
2026-08-03 14:18:59,897 | INFO | Downloading : https://necs-legal.com/category/all/
2026-08-03 14:19:01,409 | INFO | Download successful.
2026-08-03 14:19:01,413 | INFO | [43/48] https://necs-legal.com/category/publications/
2026-08-03 14:19:01,413 | INFO | Downloading : https://necs-legal.com/category/publications/
2026-08-03 14:19:02,761 | INFO | Download successful.
2026-08-03 14:19:02,765 | INFO | [44/48] https://necs-legal.com/category/publications/
2026-08-03 14:19:02,766 | INFO | Downloading : https://necs-legal.com/category/publications/
2026-08-03 14:19:04,396 | INFO | Download successful.
2026-08-03 14:19:04,402 | INFO | [45/48] https://necs-legal.com/category/news/
2026-08-03 14:19:04,402 | INFO | Downloading : https://necs-legal.com/category/news/
2026-08-03 14:19:10,406 | INFO | Download successful.
2026-08-03 14:19:10,410 | INFO | [46/48] https://necs-legal.com/category/news/
2026-08-03 14:19:10,410 | INFO | Downloading : https://necs-legal.com/category/news/
2026-08-03 14:19:11,755 | INFO | Download successful.
2026-08-03 14:19:11,759 | INFO | [47/48] https://necs-legal.com/category/resources-and-guides/
2026-08-03 14:19:11,759 | INFO | Downloading : https://necs-legal.com/category/resources-and-guides/
2026-08-03 14:19:13,304 | INFO | Download successful.
2026-08-03 14:19:13,308 | INFO | [48/48] https://necs-legal.com/category/resources-and-guides/
2026-08-03 14:19:13,308 | INFO | Downloading : https://necs-legal.com/category/resources-and-guides/
2026-08-03 14:19:14,636 | INFO | Download successful.
2026-08-03 14:19:14,641 | INFO | 
2026-08-03 14:19:14,642 | INFO | Downloaded 2 page(s).
2026-08-03 14:23:30,092 | INFO | Website Crawler initialized.
2026-08-03 14:23:30,092 | INFO | Downloading sitemap...
2026-08-03 14:23:31,760 | INFO | Sitemap downloaded successfully.
2026-08-03 14:23:31,763 | INFO | Parsing sitemap...
2026-08-03 14:23:31,764 | INFO | Found 1 sitemap(s).
2026-08-03 14:23:31,765 | INFO | Found 2 sitemap(s).
2026-08-03 14:23:31,765 | INFO | Found 3 sitemap(s).
2026-08-03 14:23:31,765 | INFO | 
2026-08-03 14:23:31,765 | INFO | ============================================================
2026-08-03 14:23:31,766 | INFO | DISCOVERING WEBSITE PAGES
2026-08-03 14:23:31,766 | INFO | ============================================================
2026-08-03 14:23:31,766 | INFO | Downloading child sitemap : https://necs-legal.com/wp-sitemap-posts-post-1.xml
2026-08-03 14:23:32,716 | INFO | Child sitemap downloaded successfully.
2026-08-03 14:23:32,719 | INFO | Parsing child sitemap...
2026-08-03 14:23:32,721 | INFO | Found 6 page(s).
2026-08-03 14:23:32,721 | INFO | Downloading child sitemap : https://necs-legal.com/wp-sitemap-posts-page-1.xml
2026-08-03 14:23:33,811 | INFO | Child sitemap downloaded successfully.
2026-08-03 14:23:33,814 | INFO | Parsing child sitemap...
2026-08-03 14:23:33,815 | INFO | Found 14 page(s).
2026-08-03 14:23:33,815 | INFO | Downloading child sitemap : https://necs-legal.com/wp-sitemap-taxonomies-category-1.xml
2026-08-03 14:23:34,832 | INFO | Child sitemap downloaded successfully.
2026-08-03 14:23:34,835 | INFO | Parsing child sitemap...
2026-08-03 14:23:34,836 | INFO | Found 4 page(s).
2026-08-03 14:23:34,836 | INFO | Total pages discovered : 48
2026-08-03 14:23:34,838 | INFO | Website Crawler initialized.
2026-08-03 14:23:34,838 | INFO | Cache Folder : website_cache
2026-08-03 14:23:34,839 | INFO | Downloading : https://necs-legal.com/
2026-08-03 14:23:36,368 | INFO | Download successful.
2026-08-03 14:23:36,369 | INFO | 
2026-08-03 14:23:36,370 | INFO | ============================================================
2026-08-03 14:23:36,370 | INFO | DOWNLOADING WEBSITE
2026-08-03 14:23:36,370 | INFO | ============================================================
2026-08-03 14:23:36,370 | INFO | [1/48] https://necs-legal.com/2025/05/12/publication-key-developments-in-the-corporate-sector/
2026-08-03 14:23:36,370 | INFO | Downloading : https://necs-legal.com/2025/05/12/publication-key-developments-in-the-corporate-sector/
2026-08-03 14:23:37,697 | INFO | Download successful.
2026-08-03 14:23:37,699 | INFO | Saved : 2025_05_12_publication_key_developments_in_the_corporate_sector.html
2026-08-03 14:23:37,699 | INFO | [2/48] https://necs-legal.com/2025/05/12/publication-key-developments-in-the-corporate-sector/
2026-08-03 14:23:37,699 | INFO | Downloading : https://necs-legal.com/2025/05/12/publication-key-developments-in-the-corporate-sector/
2026-08-03 14:23:39,235 | INFO | Download successful.
2026-08-03 14:23:39,237 | INFO | Saved : 2025_05_12_publication_key_developments_in_the_corporate_sector.html
2026-08-03 14:23:39,237 | INFO | [3/48] https://necs-legal.com/2025/05/13/publication-lexology-indepth-dispute-resolution-nigeria-3/
2026-08-03 14:23:39,237 | INFO | Downloading : https://necs-legal.com/2025/05/13/publication-lexology-indepth-dispute-resolution-nigeria-3/
2026-08-03 14:23:40,568 | INFO | Download successful.
2026-08-03 14:23:40,573 | INFO | Saved : 2025_05_13_publication_lexology_indepth_dispute_resolution_nigeria_3.html
2026-08-03 14:23:40,574 | INFO | [4/48] https://necs-legal.com/2025/05/13/publication-lexology-indepth-dispute-resolution-nigeria-3/
2026-08-03 14:23:40,574 | INFO | Downloading : https://necs-legal.com/2025/05/13/publication-lexology-indepth-dispute-resolution-nigeria-3/
2026-08-03 14:23:42,002 | INFO | Download successful.
2026-08-03 14:23:42,007 | INFO | Saved : 2025_05_13_publication_lexology_indepth_dispute_resolution_nigeria_3.html
2026-08-03 14:23:42,007 | INFO | [5/48] https://necs-legal.com/2025/05/13/publication-significant-tax-developments-in-nigeria-2/
2026-08-03 14:23:42,008 | INFO | Downloading : https://necs-legal.com/2025/05/13/publication-significant-tax-developments-in-nigeria-2/
2026-08-03 14:23:43,331 | INFO | Download successful.
2026-08-03 14:23:43,332 | INFO | Saved : 2025_05_13_publication_significant_tax_developments_in_nigeria_2.html
2026-08-03 14:23:43,332 | INFO | [6/48] https://necs-legal.com/2025/05/13/publication-significant-tax-developments-in-nigeria-2/
2026-08-03 14:23:43,332 | INFO | Downloading : https://necs-legal.com/2025/05/13/publication-significant-tax-developments-in-nigeria-2/
2026-08-03 14:23:44,867 | INFO | Download successful.
2026-08-03 14:23:44,868 | INFO | Saved : 2025_05_13_publication_significant_tax_developments_in_nigeria_2.html
2026-08-03 14:23:44,868 | INFO | [7/48] https://necs-legal.com/2025/07/25/navigating-patent-for-startups-in-nigeria/
2026-08-03 14:23:44,868 | INFO | Downloading : https://necs-legal.com/2025/07/25/navigating-patent-for-startups-in-nigeria/
2026-08-03 14:23:46,286 | INFO | Download successful.
2026-08-03 14:23:46,294 | INFO | Saved : 2025_07_25_navigating_patent_for_startups_in_nigeria.html
2026-08-03 14:23:46,294 | INFO | [8/48] https://necs-legal.com/2025/07/25/navigating-patent-for-startups-in-nigeria/
2026-08-03 14:23:46,294 | INFO | Downloading : https://necs-legal.com/2025/07/25/navigating-patent-for-startups-in-nigeria/
2026-08-03 14:23:47,699 | INFO | Download successful.
2026-08-03 14:23:47,707 | INFO | Saved : 2025_07_25_navigating_patent_for_startups_in_nigeria.html
2026-08-03 14:23:47,707 | INFO | [9/48] https://necs-legal.com/2025/09/17/1162/
2026-08-03 14:23:47,707 | INFO | Downloading : https://necs-legal.com/2025/09/17/1162/
2026-08-03 14:23:49,168 | INFO | Download successful.
2026-08-03 14:23:49,169 | INFO | Saved : 2025_09_17_1162.html
2026-08-03 14:23:49,169 | INFO | [10/48] https://necs-legal.com/2025/09/17/1162/
2026-08-03 14:23:49,169 | INFO | Downloading : https://necs-legal.com/2025/09/17/1162/
2026-08-03 14:23:50,603 | INFO | Download successful.
2026-08-03 14:23:50,608 | INFO | Saved : 2025_09_17_1162.html
2026-08-03 14:23:50,609 | INFO | [11/48] https://necs-legal.com/2026/02/02/bimbo-ademoye-youtube-and-copyright-in-nigeria-legal-issues-under-the-copyright-act-2022/
2026-08-03 14:23:50,609 | INFO | Downloading : https://necs-legal.com/2026/02/02/bimbo-ademoye-youtube-and-copyright-in-nigeria-legal-issues-under-the-copyright-act-2022/
2026-08-03 14:23:51,932 | INFO | Download successful.
2026-08-03 14:23:51,934 | INFO | Saved : 2026_02_02_bimbo_ademoye_youtube_and_copyright_in_nigeria_legal_issues_under_the_copyright_act_2022.html
2026-08-03 14:23:51,934 | INFO | [12/48] https://necs-legal.com/2026/02/02/bimbo-ademoye-youtube-and-copyright-in-nigeria-legal-issues-under-the-copyright-act-2022/
2026-08-03 14:23:51,934 | INFO | Downloading : https://necs-legal.com/2026/02/02/bimbo-ademoye-youtube-and-copyright-in-nigeria-legal-issues-under-the-copyright-act-2022/
2026-08-03 14:23:53,371 | INFO | Download successful.
2026-08-03 14:23:53,372 | INFO | Saved : 2026_02_02_bimbo_ademoye_youtube_and_copyright_in_nigeria_legal_issues_under_the_copyright_act_2022.html
2026-08-03 14:23:53,372 | INFO | [13/48] https://necs-legal.com/contact-us/
2026-08-03 14:23:53,372 | INFO | Downloading : https://necs-legal.com/contact-us/
2026-08-03 14:23:54,698 | INFO | Download successful.
2026-08-03 14:23:54,702 | INFO | Saved : contact_us.html
2026-08-03 14:23:54,702 | INFO | [14/48] https://necs-legal.com/contact-us/
2026-08-03 14:23:54,702 | INFO | Downloading : https://necs-legal.com/contact-us/
2026-08-03 14:23:57,099 | INFO | Download successful.
2026-08-03 14:23:57,101 | INFO | Saved : contact_us.html
2026-08-03 14:23:57,101 | INFO | [15/48] https://necs-legal.com/services/
2026-08-03 14:23:57,101 | INFO | Downloading : https://necs-legal.com/services/
2026-08-03 14:23:58,383 | INFO | Download successful.
2026-08-03 14:23:58,385 | INFO | Saved : services.html
2026-08-03 14:23:58,385 | INFO | [16/48] https://necs-legal.com/services/
2026-08-03 14:23:58,385 | INFO | Downloading : https://necs-legal.com/services/
2026-08-03 14:24:00,035 | INFO | Download successful.
2026-08-03 14:24:00,042 | INFO | Saved : services.html
2026-08-03 14:24:00,042 | INFO | [17/48] https://necs-legal.com/services/anti-counterfeiting/
2026-08-03 14:24:00,043 | INFO | Downloading : https://necs-legal.com/services/anti-counterfeiting/
2026-08-03 14:24:01,673 | INFO | Download successful.
2026-08-03 14:24:01,677 | INFO | Saved : services_anti_counterfeiting.html
2026-08-03 14:24:01,678 | INFO | [18/48] https://necs-legal.com/services/anti-counterfeiting/
2026-08-03 14:24:01,678 | INFO | Downloading : https://necs-legal.com/services/anti-counterfeiting/
2026-08-03 14:24:03,093 | INFO | Download successful.
2026-08-03 14:24:03,094 | INFO | Saved : services_anti_counterfeiting.html
2026-08-03 14:24:03,094 | INFO | [19/48] https://necs-legal.com/services/commercial-ip/
2026-08-03 14:24:03,094 | INFO | Downloading : https://necs-legal.com/services/commercial-ip/
2026-08-03 14:24:04,629 | INFO | Download successful.
2026-08-03 14:24:04,630 | INFO | Saved : services_commercial_ip.html
2026-08-03 14:24:04,630 | INFO | [20/48] https://necs-legal.com/services/commercial-ip/
2026-08-03 14:24:04,630 | INFO | Downloading : https://necs-legal.com/services/commercial-ip/
2026-08-03 14:24:05,881 | INFO | Download successful.
2026-08-03 14:24:05,882 | INFO | Saved : services_commercial_ip.html
2026-08-03 14:24:05,883 | INFO | [21/48] https://necs-legal.com/services/copyright/
2026-08-03 14:24:05,883 | INFO | Downloading : https://necs-legal.com/services/copyright/
2026-08-03 14:24:07,395 | INFO | Download successful.
2026-08-03 14:24:07,400 | INFO | Saved : services_copyright.html
2026-08-03 14:24:07,400 | INFO | [22/48] https://necs-legal.com/services/copyright/
2026-08-03 14:24:07,401 | INFO | Downloading : https://necs-legal.com/services/copyright/
2026-08-03 14:24:08,725 | INFO | Download successful.
2026-08-03 14:24:08,726 | INFO | Saved : services_copyright.html
2026-08-03 14:24:08,726 | INFO | [23/48] https://necs-legal.com/services/designs/
2026-08-03 14:24:08,726 | INFO | Downloading : https://necs-legal.com/services/designs/
2026-08-03 14:24:10,057 | INFO | Download successful.
2026-08-03 14:24:10,062 | INFO | Saved : services_designs.html
2026-08-03 14:24:10,063 | INFO | [24/48] https://necs-legal.com/services/designs/
2026-08-03 14:24:10,063 | INFO | Downloading : https://necs-legal.com/services/designs/
2026-08-03 14:24:11,484 | INFO | Download successful.
2026-08-03 14:24:11,485 | INFO | Saved : services_designs.html
2026-08-03 14:24:11,485 | INFO | [25/48] https://necs-legal.com/services/ip-litigation-disputes/
2026-08-03 14:24:11,485 | INFO | Downloading : https://necs-legal.com/services/ip-litigation-disputes/
2026-08-03 14:24:12,793 | INFO | Download successful.
2026-08-03 14:24:12,798 | INFO | Saved : services_ip_litigation_disputes.html
2026-08-03 14:24:12,798 | INFO | [26/48] https://necs-legal.com/services/ip-litigation-disputes/
2026-08-03 14:24:12,798 | INFO | Downloading : https://necs-legal.com/services/ip-litigation-disputes/
2026-08-03 14:24:14,154 | INFO | Download successful.
2026-08-03 14:24:14,159 | INFO | Saved : services_ip_litigation_disputes.html
2026-08-03 14:24:14,159 | INFO | [27/48] https://necs-legal.com/services/patents/
2026-08-03 14:24:14,159 | INFO | Downloading : https://necs-legal.com/services/patents/
2026-08-03 14:24:15,589 | INFO | Download successful.
2026-08-03 14:24:15,594 | INFO | Saved : services_patents.html
2026-08-03 14:24:15,595 | INFO | [28/48] https://necs-legal.com/services/patents/
2026-08-03 14:24:15,595 | INFO | Downloading : https://necs-legal.com/services/patents/
2026-08-03 14:24:16,918 | INFO | Download successful.
2026-08-03 14:24:16,923 | INFO | Saved : services_patents.html
2026-08-03 14:24:16,923 | INFO | [29/48] https://necs-legal.com/services/trademarks/
2026-08-03 14:24:16,923 | INFO | Downloading : https://necs-legal.com/services/trademarks/
2026-08-03 14:24:18,248 | INFO | Download successful.
2026-08-03 14:24:18,250 | INFO | Saved : services_trademarks.html
2026-08-03 14:24:18,250 | INFO | [30/48] https://necs-legal.com/services/trademarks/
2026-08-03 14:24:18,250 | INFO | Downloading : https://necs-legal.com/services/trademarks/
2026-08-03 14:24:19,677 | INFO | Download successful.
2026-08-03 14:24:19,679 | INFO | Saved : services_trademarks.html
2026-08-03 14:24:19,679 | INFO | [31/48] https://necs-legal.com/services/domain-names/
2026-08-03 14:24:19,679 | INFO | Downloading : https://necs-legal.com/services/domain-names/
2026-08-03 14:24:21,163 | INFO | Download successful.
2026-08-03 14:24:21,164 | INFO | Saved : services_domain_names.html
2026-08-03 14:24:21,164 | INFO | [32/48] https://necs-legal.com/services/domain-names/
2026-08-03 14:24:21,164 | INFO | Downloading : https://necs-legal.com/services/domain-names/
2026-08-03 14:24:22,549 | INFO | Download successful.
2026-08-03 14:24:22,551 | INFO | Saved : services_domain_names.html
2026-08-03 14:24:22,551 | INFO | [33/48] https://necs-legal.com/services/ip-advisory/
2026-08-03 14:24:22,552 | INFO | Downloading : https://necs-legal.com/services/ip-advisory/
2026-08-03 14:24:24,088 | INFO | Download successful.
2026-08-03 14:24:24,092 | INFO | Saved : services_ip_advisory.html
2026-08-03 14:24:24,093 | INFO | [34/48] https://necs-legal.com/services/ip-advisory/
2026-08-03 14:24:24,093 | INFO | Downloading : https://necs-legal.com/services/ip-advisory/
2026-08-03 14:24:25,519 | INFO | Download successful.
2026-08-03 14:24:25,521 | INFO | Saved : services_ip_advisory.html
2026-08-03 14:24:25,521 | INFO | [35/48] https://necs-legal.com/
2026-08-03 14:24:25,521 | INFO | Downloading : https://necs-legal.com/
2026-08-03 14:24:26,852 | INFO | Download successful.
2026-08-03 14:24:26,857 | INFO | Saved : index.html
2026-08-03 14:24:26,858 | INFO | [36/48] https://necs-legal.com/
2026-08-03 14:24:26,858 | INFO | Downloading : https://necs-legal.com/
2026-08-03 14:24:28,183 | INFO | Download successful.
2026-08-03 14:24:28,188 | INFO | Saved : index.html
2026-08-03 14:24:28,189 | INFO | [37/48] https://necs-legal.com/meet-the-team/
2026-08-03 14:24:28,189 | INFO | Downloading : https://necs-legal.com/meet-the-team/
2026-08-03 14:24:29,598 | INFO | Download successful.
2026-08-03 14:24:29,605 | INFO | Saved : meet_the_team.html
2026-08-03 14:24:29,606 | INFO | [38/48] https://necs-legal.com/meet-the-team/
2026-08-03 14:24:29,606 | INFO | Downloading : https://necs-legal.com/meet-the-team/
2026-08-03 14:24:30,946 | INFO | Download successful.
2026-08-03 14:24:30,950 | INFO | Saved : meet_the_team.html
2026-08-03 14:24:30,950 | INFO | [39/48] https://necs-legal.com/insights/
2026-08-03 14:24:30,950 | INFO | Downloading : https://necs-legal.com/insights/
2026-08-03 14:24:32,330 | INFO | Download successful.
2026-08-03 14:24:32,336 | INFO | Saved : insights.html
2026-08-03 14:24:32,336 | INFO | [40/48] https://necs-legal.com/insights/
2026-08-03 14:24:32,337 | INFO | Downloading : https://necs-legal.com/insights/
2026-08-03 14:24:34,018 | INFO | Download successful.
2026-08-03 14:24:34,019 | INFO | Saved : insights.html
2026-08-03 14:24:34,019 | INFO | [41/48] https://necs-legal.com/category/all/
2026-08-03 14:24:34,019 | INFO | Downloading : https://necs-legal.com/category/all/
2026-08-03 14:24:35,420 | INFO | Download successful.
2026-08-03 14:24:35,425 | INFO | Saved : category_all.html
2026-08-03 14:24:35,425 | INFO | [42/48] https://necs-legal.com/category/all/
2026-08-03 14:24:35,425 | INFO | Downloading : https://necs-legal.com/category/all/
2026-08-03 14:24:36,884 | INFO | Download successful.
2026-08-03 14:24:36,886 | INFO | Saved : category_all.html
2026-08-03 14:24:36,886 | INFO | [43/48] https://necs-legal.com/category/publications/
2026-08-03 14:24:36,886 | INFO | Downloading : https://necs-legal.com/category/publications/
2026-08-03 14:24:38,312 | INFO | Download successful.
2026-08-03 14:24:38,321 | INFO | Saved : category_publications.html
2026-08-03 14:24:38,321 | INFO | [44/48] https://necs-legal.com/category/publications/
2026-08-03 14:24:38,321 | INFO | Downloading : https://necs-legal.com/category/publications/
2026-08-03 14:24:39,651 | INFO | Download successful.
2026-08-03 14:24:39,656 | INFO | Saved : category_publications.html
2026-08-03 14:24:39,657 | INFO | [45/48] https://necs-legal.com/category/news/
2026-08-03 14:24:39,657 | INFO | Downloading : https://necs-legal.com/category/news/
2026-08-03 14:24:40,981 | INFO | Download successful.
2026-08-03 14:24:40,985 | INFO | Saved : category_news.html
2026-08-03 14:24:40,985 | INFO | [46/48] https://necs-legal.com/category/news/
2026-08-03 14:24:40,985 | INFO | Downloading : https://necs-legal.com/category/news/
2026-08-03 14:24:42,397 | INFO | Download successful.
2026-08-03 14:24:42,399 | INFO | Saved : category_news.html
2026-08-03 14:24:42,399 | INFO | [47/48] https://necs-legal.com/category/resources-and-guides/
2026-08-03 14:24:42,399 | INFO | Downloading : https://necs-legal.com/category/resources-and-guides/
2026-08-03 14:24:43,747 | INFO | Download successful.
2026-08-03 14:24:43,760 | INFO | Saved : category_resources_and_guides.html
2026-08-03 14:24:43,761 | INFO | [48/48] https://necs-legal.com/category/resources-and-guides/
2026-08-03 14:24:43,761 | INFO | Downloading : https://necs-legal.com/category/resources-and-guides/
2026-08-03 14:24:45,179 | INFO | Download successful.
2026-08-03 14:24:45,182 | INFO | Saved : category_resources_and_guides.html
2026-08-03 14:24:45,182 | INFO | 
2026-08-03 14:24:45,182 | INFO | Downloaded 48 page(s).
2026-08-03 14:59:12,919 | INFO | HTML Cleaner initialized.
2026-08-03 14:59:12,919 | INFO | Loading HTML : index.html
2026-08-03 14:59:12,919 | INFO | Loaded 84,228 characters.
2026-08-03 15:34:10,381 | INFO | HTML Cleaner initialized.
2026-08-03 15:34:10,381 | INFO | Loading HTML : index.html
2026-08-03 15:34:10,382 | INFO | Loaded 84,228 characters.
2026-08-03 15:34:10,382 | INFO | Extracting main content...
2026-08-03 15:34:10,431 | WARNING | No content selector matched. Using body.
2026-08-03 15:34:10,431 | INFO | Extracted 3,805 characters.
2026-08-03 15:56:13,744 | INFO | HTML Cleaner initialized.
2026-08-03 15:56:13,744 | INFO | Loading HTML : index.html
2026-08-03 15:56:13,745 | INFO | Loaded 84,228 characters.
2026-08-03 15:56:13,745 | INFO | Extracting main content...
2026-08-03 15:56:13,812 | WARNING | No content selector matched. Using body.
2026-08-03 15:56:13,813 | INFO | Extracted 3,805 characters.
2026-08-03 15:56:13,813 | INFO | Cleaning extracted text...
2026-08-03 15:56:13,813 | INFO | Clean text length : 13 characters.
2026-08-03 16:04:11,422 | INFO | HTML Cleaner initialized.
2026-08-03 16:04:11,422 | INFO | Loading HTML : index.html
2026-08-03 16:04:11,423 | INFO | Loaded 84,228 characters.
2026-08-03 16:04:11,423 | INFO | Extracting main content...
2026-08-03 16:04:11,518 | WARNING | No content selector matched. Using body.
2026-08-03 16:04:11,519 | INFO | Extracted 3,805 characters.
2026-08-03 16:04:11,519 | INFO | Cleaning extracted text...
2026-08-03 16:04:11,520 | INFO | Clean text length : 3,795 characters.
2026-08-03 18:06:40,363 | INFO | HTML Cleaner initialized.
2026-08-03 18:06:40,364 | INFO | Loaded 32 ignore words.
2026-08-03 18:06:40,364 | INFO | Loading HTML : index.html
2026-08-03 18:06:40,364 | INFO | Loaded 84,228 characters.
2026-08-03 18:06:40,364 | INFO | Extracting main content...
2026-08-03 18:06:40,422 | WARNING | No content selector matched. Using body.
2026-08-03 18:06:40,423 | INFO | Extracted 3,805 characters.
2026-08-03 18:06:40,423 | INFO | Cleaning extracted text...
2026-08-03 18:06:40,423 | INFO | Clean text length : 1,638 characters.
2026-08-03 21:25:06,473 | INFO | AI Expander initialized.
2026-08-03 21:26:13,352 | INFO | AI Expander initialized.
2026-08-03 21:27:54,260 | INFO | AI Expander initialized.
2026-08-03 21:29:40,691 | INFO | AI Expander initialized.
2026-08-03 21:31:35,182 | INFO | AI Expander initialized.
2026-08-03 21:31:35,239 | INFO | Loading : index.txt
2026-08-03 21:51:48,775 | INFO | AI Expander initialized.
2026-08-03 21:51:48,855 | INFO | Loading : index.txt
2026-08-03 21:51:48,856 | ERROR | Unable to load index.txt : [Errno 2] No such file or directory: 'clean_text/index.txt'
2026-08-04 14:31:07,282 | INFO | HTML Cleaner initialized.
2026-08-04 14:31:07,282 | INFO | Loaded 32 ignore words.
2026-08-04 14:31:07,283 | INFO | Loading HTML : index.html
2026-08-04 14:31:07,283 | INFO | Loaded 84,228 characters.
2026-08-04 14:32:38,142 | INFO | HTML Cleaner initialized.
2026-08-04 14:32:38,142 | INFO | Loaded 32 ignore words.
2026-08-04 14:32:38,142 | INFO | Loading HTML : index.html
2026-08-04 14:32:38,142 | INFO | Loaded 84,228 characters.
2026-08-04 14:32:38,142 | INFO | Loading HTML : index.html
2026-08-04 14:32:38,142 | INFO | Loaded 84,228 characters.
2026-08-04 14:32:38,143 | INFO | Extracting main content...
2026-08-04 14:32:38,201 | WARNING | No content selector matched. Using body.
2026-08-04 14:32:38,201 | INFO | Extracted 3,805 characters.
2026-08-04 14:32:38,201 | INFO | Cleaning extracted text...
2026-08-04 14:32:38,202 | INFO | Clean text length : 1,638 characters.
2026-08-04 14:32:38,209 | INFO | Saved : index.txt
2026-08-04 14:47:23,117 | INFO | HTML Cleaner initialized.
2026-08-04 14:47:23,117 | INFO | Loaded 32 ignore words.
2026-08-04 14:47:23,118 | INFO | Loading HTML : index.html
2026-08-04 14:47:23,118 | INFO | Loaded 84,228 characters.
2026-08-04 14:47:23,118 | INFO | Loading HTML : index.html
2026-08-04 14:47:23,118 | INFO | Loaded 84,228 characters.
2026-08-04 14:47:23,118 | INFO | Extracting main content...
2026-08-04 14:47:23,177 | WARNING | No content selector matched. Using body.
2026-08-04 14:47:23,177 | INFO | Extracted 3,805 characters.
2026-08-04 14:47:23,177 | INFO | Cleaning extracted text...
2026-08-04 14:47:23,178 | INFO | Clean text length : 1,638 characters.
2026-08-04 14:47:23,178 | INFO | Saved : index.txt
2026-08-04 14:47:23,178 | INFO | 
2026-08-04 14:47:23,178 | INFO | ============================================================
2026-08-04 14:47:23,178 | INFO | CLEANING WEBSITE
2026-08-04 14:47:23,178 | INFO | ============================================================
2026-08-04 14:47:23,179 | INFO | Found 24 HTML files.
2026-08-04 14:47:23,179 | INFO | [1/24] 2025_05_12_publication_key_developments_in_the_corporate_sector.html
2026-08-04 14:47:23,179 | INFO | Loading HTML : 2025_05_12_publication_key_developments_in_the_corporate_sector.html
2026-08-04 14:47:23,180 | INFO | Loaded 89,230 characters.
2026-08-04 14:47:23,180 | INFO | Extracting main content...
2026-08-04 14:47:23,203 | INFO | Content found using 'article'
2026-08-04 14:47:23,203 | INFO | Extracted 107 characters.
2026-08-04 14:47:23,203 | INFO | Cleaning extracted text...
2026-08-04 14:47:23,203 | INFO | Clean text length : 16 characters.
2026-08-04 14:47:23,203 | INFO | Saved : 2025_05_12_publication_key_developments_in_the_corporate_sector.txt
2026-08-04 14:47:23,203 | INFO | [2/24] 2025_05_13_publication_lexology_indepth_dispute_resolution_nigeria_3.html
2026-08-04 14:47:23,203 | INFO | Loading HTML : 2025_05_13_publication_lexology_indepth_dispute_resolution_nigeria_3.html
2026-08-04 14:47:23,204 | INFO | Loaded 89,859 characters.
2026-08-04 14:47:23,204 | INFO | Extracting main content...
2026-08-04 14:47:23,226 | INFO | Content found using 'article'
2026-08-04 14:47:23,226 | INFO | Extracted 107 characters.
2026-08-04 14:47:23,226 | INFO | Cleaning extracted text...
2026-08-04 14:47:23,226 | INFO | Clean text length : 16 characters.
2026-08-04 14:47:23,226 | INFO | Saved : 2025_05_13_publication_lexology_indepth_dispute_resolution_nigeria_3.txt
2026-08-04 14:47:23,226 | INFO | [3/24] 2025_05_13_publication_significant_tax_developments_in_nigeria_2.html
2026-08-04 14:47:23,227 | INFO | Loading HTML : 2025_05_13_publication_significant_tax_developments_in_nigeria_2.html
2026-08-04 14:47:23,227 | INFO | Loaded 88,668 characters.
2026-08-04 14:47:23,227 | INFO | Extracting main content...
2026-08-04 14:47:23,250 | INFO | Content found using 'article'
2026-08-04 14:47:23,250 | INFO | Extracted 107 characters.
2026-08-04 14:47:23,250 | INFO | Cleaning extracted text...
2026-08-04 14:47:23,250 | INFO | Clean text length : 16 characters.
2026-08-04 14:47:23,250 | INFO | Saved : 2025_05_13_publication_significant_tax_developments_in_nigeria_2.txt
2026-08-04 14:47:23,250 | INFO | [4/24] 2025_07_25_navigating_patent_for_startups_in_nigeria.html
2026-08-04 14:47:23,250 | INFO | Loading HTML : 2025_07_25_navigating_patent_for_startups_in_nigeria.html
2026-08-04 14:47:23,251 | INFO | Loaded 84,192 characters.
2026-08-04 14:47:23,251 | INFO | Extracting main content...
2026-08-04 14:47:23,272 | INFO | Content found using 'article'
2026-08-04 14:47:23,273 | INFO | Extracted 107 characters.
2026-08-04 14:47:23,273 | INFO | Cleaning extracted text...
2026-08-04 14:47:23,273 | INFO | Clean text length : 16 characters.
2026-08-04 14:47:23,273 | INFO | Saved : 2025_07_25_navigating_patent_for_startups_in_nigeria.txt
2026-08-04 14:47:23,273 | INFO | [5/24] 2025_09_17_1162.html
2026-08-04 14:47:23,273 | INFO | Loading HTML : 2025_09_17_1162.html
2026-08-04 14:47:23,273 | INFO | Loaded 84,222 characters.
2026-08-04 14:47:23,273 | INFO | Extracting main content...
2026-08-04 14:47:23,294 | INFO | Content found using 'article'
2026-08-04 14:47:23,294 | INFO | Extracted 107 characters.
2026-08-04 14:47:23,294 | INFO | Cleaning extracted text...
2026-08-04 14:47:23,294 | INFO | Clean text length : 16 characters.
2026-08-04 14:47:23,294 | INFO | Saved : 2025_09_17_1162.txt
2026-08-04 14:47:23,295 | INFO | [6/24] 2026_02_02_bimbo_ademoye_youtube_and_copyright_in_nigeria_legal_issues_under_the_copyright_act_2022.html
2026-08-04 14:47:23,295 | INFO | Loading HTML : 2026_02_02_bimbo_ademoye_youtube_and_copyright_in_nigeria_legal_issues_under_the_copyright_act_2022.html
2026-08-04 14:47:23,295 | INFO | Loaded 85,643 characters.
2026-08-04 14:47:23,295 | INFO | Extracting main content...
2026-08-04 14:47:23,318 | INFO | Content found using 'article'
2026-08-04 14:47:23,319 | INFO | Extracted 107 characters.
2026-08-04 14:47:23,319 | INFO | Cleaning extracted text...
2026-08-04 14:47:23,319 | INFO | Clean text length : 16 characters.
2026-08-04 14:47:23,319 | INFO | Saved : 2026_02_02_bimbo_ademoye_youtube_and_copyright_in_nigeria_legal_issues_under_the_copyright_act_2022.txt
2026-08-04 14:47:23,319 | INFO | [7/24] category_all.html
2026-08-04 14:47:23,319 | INFO | Loading HTML : category_all.html
2026-08-04 14:47:23,320 | INFO | Loaded 64,016 characters.
2026-08-04 14:47:23,321 | INFO | Extracting main content...
2026-08-04 14:47:23,336 | INFO | Content found using 'main'
2026-08-04 14:47:23,336 | INFO | Extracted 875 characters.
2026-08-04 14:47:23,336 | INFO | Cleaning extracted text...
2026-08-04 14:47:23,336 | INFO | Clean text length : 490 characters.
2026-08-04 14:47:23,336 | INFO | Saved : category_all.txt
2026-08-04 14:47:23,336 | INFO | [8/24] category_news.html
2026-08-04 14:47:23,336 | INFO | Loading HTML : category_news.html
2026-08-04 14:47:23,338 | INFO | Loaded 62,690 characters.
2026-08-04 14:47:23,338 | INFO | Extracting main content...
2026-08-04 14:47:23,352 | INFO | Content found using 'main'
2026-08-04 14:47:23,352 | INFO | Extracted 434 characters.
2026-08-04 14:47:23,352 | INFO | Cleaning extracted text...
2026-08-04 14:47:23,352 | INFO | Clean text length : 431 characters.
2026-08-04 14:47:23,353 | INFO | Saved : category_news.txt
2026-08-04 14:47:23,354 | INFO | [9/24] category_publications.html
2026-08-04 14:47:23,354 | INFO | Loading HTML : category_publications.html
2026-08-04 14:47:23,355 | INFO | Loaded 66,470 characters.
2026-08-04 14:47:23,355 | INFO | Extracting main content...
2026-08-04 14:47:23,372 | INFO | Content found using 'main'
2026-08-04 14:47:23,372 | INFO | Extracted 1,859 characters.
2026-08-04 14:47:23,372 | INFO | Cleaning extracted text...
2026-08-04 14:47:23,372 | INFO | Clean text length : 1,006 characters.
2026-08-04 14:47:23,372 | INFO | Saved : category_publications.txt
2026-08-04 14:47:23,372 | INFO | [10/24] category_resources_and_guides.html
2026-08-04 14:47:23,372 | INFO | Loading HTML : category_resources_and_guides.html
2026-08-04 14:47:23,373 | INFO | Loaded 62,364 characters.
2026-08-04 14:47:23,373 | INFO | Extracting main content...
2026-08-04 14:47:23,388 | INFO | Content found using 'main'
2026-08-04 14:47:23,388 | INFO | Extracted 470 characters.
2026-08-04 14:47:23,388 | INFO | Cleaning extracted text...
2026-08-04 14:47:23,388 | INFO | Clean text length : 83 characters.
2026-08-04 14:47:23,389 | INFO | Saved : category_resources_and_guides.txt
2026-08-04 14:47:23,389 | INFO | [11/24] contact_us.html
2026-08-04 14:47:23,389 | INFO | Loading HTML : contact_us.html
2026-08-04 14:47:23,390 | INFO | Loaded 69,121 characters.
2026-08-04 14:47:23,390 | INFO | Extracting main content...
2026-08-04 14:47:23,417 | WARNING | No content selector matched. Using body.
2026-08-04 14:47:23,418 | INFO | Extracted 940 characters.
2026-08-04 14:47:23,418 | INFO | Cleaning extracted text...
2026-08-04 14:47:23,418 | INFO | Clean text length : 511 characters.
2026-08-04 14:47:23,418 | INFO | Saved : contact_us.txt
2026-08-04 14:47:23,418 | INFO | [12/24] index.html
2026-08-04 14:47:23,418 | INFO | Loading HTML : index.html
2026-08-04 14:47:23,418 | INFO | Loaded 84,228 characters.
2026-08-04 14:47:23,418 | INFO | Extracting main content...
2026-08-04 14:47:23,453 | WARNING | No content selector matched. Using body.
2026-08-04 14:47:23,453 | INFO | Extracted 3,805 characters.
2026-08-04 14:47:23,453 | INFO | Cleaning extracted text...
2026-08-04 14:47:23,453 | INFO | Clean text length : 1,638 characters.
2026-08-04 14:47:23,453 | INFO | Saved : index.txt
2026-08-04 14:47:23,453 | INFO | [13/24] insights.html
2026-08-04 14:47:23,454 | INFO | Loading HTML : insights.html
2026-08-04 14:47:23,454 | INFO | Loaded 88,264 characters.
2026-08-04 14:47:23,454 | INFO | Extracting main content...
2026-08-04 14:47:23,475 | INFO | Content found using 'article'
2026-08-04 14:47:23,476 | INFO | Extracted 131 characters.
2026-08-04 14:47:23,476 | INFO | Cleaning extracted text...
2026-08-04 14:47:23,476 | INFO | Clean text length : 42 characters.
2026-08-04 14:47:23,476 | INFO | Saved : insights.txt
2026-08-04 14:47:23,476 | INFO | [14/24] meet_the_team.html
2026-08-04 14:47:23,476 | INFO | Loading HTML : meet_the_team.html
2026-08-04 14:47:23,476 | INFO | Loaded 107,529 characters.
2026-08-04 14:47:23,477 | INFO | Extracting main content...
2026-08-04 14:47:23,500 | INFO | Content found using 'main'
2026-08-04 14:47:23,500 | INFO | Extracted 722 characters.
2026-08-04 14:47:23,500 | INFO | Cleaning extracted text...
2026-08-04 14:47:23,500 | INFO | Clean text length : 411 characters.
2026-08-04 14:47:23,501 | INFO | Saved : meet_the_team.txt
2026-08-04 14:47:23,501 | INFO | [15/24] services.html
2026-08-04 14:47:23,501 | INFO | Loading HTML : services.html
2026-08-04 14:47:23,501 | INFO | Loaded 88,213 characters.
2026-08-04 14:47:23,501 | INFO | Extracting main content...
2026-08-04 14:47:23,538 | WARNING | No content selector matched. Using body.
2026-08-04 14:47:23,538 | INFO | Extracted 2,475 characters.
2026-08-04 14:47:23,538 | INFO | Cleaning extracted text...
2026-08-04 14:47:23,538 | INFO | Clean text length : 1,838 characters.
2026-08-04 14:47:23,539 | INFO | Saved : services.txt
2026-08-04 14:47:23,539 | INFO | [16/24] services_anti_counterfeiting.html
2026-08-04 14:47:23,539 | INFO | Loading HTML : services_anti_counterfeiting.html
2026-08-04 14:47:23,539 | INFO | Loaded 75,849 characters.
2026-08-04 14:47:23,539 | INFO | Extracting main content...
2026-08-04 14:47:23,564 | WARNING | No content selector matched. Using body.
2026-08-04 14:47:23,565 | INFO | Extracted 3,274 characters.
2026-08-04 14:47:23,565 | INFO | Cleaning extracted text...
2026-08-04 14:47:23,565 | INFO | Clean text length : 2,351 characters.
2026-08-04 14:47:23,566 | INFO | Saved : services_anti_counterfeiting.txt
2026-08-04 14:47:23,566 | INFO | [17/24] services_commercial_ip.html
2026-08-04 14:47:23,566 | INFO | Loading HTML : services_commercial_ip.html
2026-08-04 14:47:23,566 | INFO | Loaded 78,600 characters.
2026-08-04 14:47:23,566 | INFO | Extracting main content...
2026-08-04 14:47:23,608 | WARNING | No content selector matched. Using body.
2026-08-04 14:47:23,608 | INFO | Extracted 2,626 characters.
2026-08-04 14:47:23,608 | INFO | Cleaning extracted text...
2026-08-04 14:47:23,608 | INFO | Clean text length : 1,678 characters.
2026-08-04 14:47:23,608 | INFO | Saved : services_commercial_ip.txt
2026-08-04 14:47:23,608 | INFO | [18/24] services_copyright.html
2026-08-04 14:47:23,609 | INFO | Loading HTML : services_copyright.html
2026-08-04 14:47:23,609 | INFO | Loaded 73,432 characters.
2026-08-04 14:47:23,609 | INFO | Extracting main content...
2026-08-04 14:47:23,638 | WARNING | No content selector matched. Using body.
2026-08-04 14:47:23,638 | INFO | Extracted 2,714 characters.
2026-08-04 14:47:23,638 | INFO | Cleaning extracted text...
2026-08-04 14:47:23,639 | INFO | Clean text length : 696 characters.
2026-08-04 14:47:23,639 | INFO | Saved : services_copyright.txt
2026-08-04 14:47:23,639 | INFO | [19/24] services_designs.html
2026-08-04 14:47:23,639 | INFO | Loading HTML : services_designs.html
2026-08-04 14:47:23,639 | INFO | Loaded 73,044 characters.
2026-08-04 14:47:23,639 | INFO | Extracting main content...
2026-08-04 14:47:23,667 | WARNING | No content selector matched. Using body.
2026-08-04 14:47:23,668 | INFO | Extracted 2,952 characters.
2026-08-04 14:47:23,668 | INFO | Cleaning extracted text...
2026-08-04 14:47:23,668 | INFO | Clean text length : 2,373 characters.
2026-08-04 14:47:23,669 | INFO | Saved : services_designs.txt
2026-08-04 14:47:23,669 | INFO | [20/24] services_domain_names.html
2026-08-04 14:47:23,669 | INFO | Loading HTML : services_domain_names.html
2026-08-04 14:47:23,669 | INFO | Loaded 80,729 characters.
2026-08-04 14:47:23,670 | INFO | Extracting main content...
2026-08-04 14:47:23,706 | WARNING | No content selector matched. Using body.
2026-08-04 14:47:23,707 | INFO | Extracted 4,130 characters.
2026-08-04 14:47:23,707 | INFO | Cleaning extracted text...
2026-08-04 14:47:23,707 | INFO | Clean text length : 3,069 characters.
2026-08-04 14:47:23,707 | INFO | Saved : services_domain_names.txt
2026-08-04 14:47:23,707 | INFO | [21/24] services_ip_advisory.html
2026-08-04 14:47:23,707 | INFO | Loading HTML : services_ip_advisory.html
2026-08-04 14:47:23,708 | INFO | Loaded 74,518 characters.
2026-08-04 14:47:23,708 | INFO | Extracting main content...
2026-08-04 14:47:23,736 | WARNING | No content selector matched. Using body.
2026-08-04 14:47:23,737 | INFO | Extracted 3,871 characters.
2026-08-04 14:47:23,737 | INFO | Cleaning extracted text...
2026-08-04 14:47:23,737 | INFO | Clean text length : 1,766 characters.
2026-08-04 14:47:23,738 | INFO | Saved : services_ip_advisory.txt
2026-08-04 14:47:23,738 | INFO | [22/24] services_ip_litigation_disputes.html
2026-08-04 14:47:23,738 | INFO | Loading HTML : services_ip_litigation_disputes.html
2026-08-04 14:47:23,738 | INFO | Loaded 72,962 characters.
2026-08-04 14:47:23,738 | INFO | Extracting main content...
2026-08-04 14:47:23,767 | WARNING | No content selector matched. Using body.
2026-08-04 14:47:23,767 | INFO | Extracted 2,811 characters.
2026-08-04 14:47:23,767 | INFO | Cleaning extracted text...
2026-08-04 14:47:23,768 | INFO | Clean text length : 1,732 characters.
2026-08-04 14:47:23,768 | INFO | Saved : services_ip_litigation_disputes.txt
2026-08-04 14:47:23,768 | INFO | [23/24] services_patents.html
2026-08-04 14:47:23,768 | INFO | Loading HTML : services_patents.html
2026-08-04 14:47:23,768 | INFO | Loaded 76,489 characters.
2026-08-04 14:47:23,769 | INFO | Extracting main content...
2026-08-04 14:47:23,800 | WARNING | No content selector matched. Using body.
2026-08-04 14:47:23,801 | INFO | Extracted 3,001 characters.
2026-08-04 14:47:23,801 | INFO | Cleaning extracted text...
2026-08-04 14:47:23,801 | INFO | Clean text length : 2,082 characters.
2026-08-04 14:47:23,801 | INFO | Saved : services_patents.txt
2026-08-04 14:47:23,802 | INFO | [24/24] services_trademarks.html
2026-08-04 14:47:23,802 | INFO | Loading HTML : services_trademarks.html
2026-08-04 14:47:23,802 | INFO | Loaded 74,034 characters.
2026-08-04 14:47:23,802 | INFO | Extracting main content...
2026-08-04 14:47:23,829 | WARNING | No content selector matched. Using body.
2026-08-04 14:47:23,829 | INFO | Extracted 2,258 characters.
2026-08-04 14:47:23,829 | INFO | Cleaning extracted text...
2026-08-04 14:47:23,830 | INFO | Clean text length : 1,715 characters.
2026-08-04 14:47:23,830 | INFO | Saved : services_trademarks.txt
2026-08-04 14:47:23,830 | INFO | 
2026-08-04 14:47:23,830 | INFO | Generated 24 cleaned file(s).
2026-08-04 14:51:29,313 | INFO | HTML Cleaner initialized.
2026-08-04 14:51:29,313 | INFO | Loaded 32 ignore words.
2026-08-04 14:51:29,313 | INFO | Loading HTML : index.html
2026-08-04 14:51:29,313 | INFO | Loaded 84,228 characters.
2026-08-04 14:51:29,313 | INFO | Loading HTML : index.html
2026-08-04 14:51:29,313 | INFO | Loaded 84,228 characters.
2026-08-04 14:51:29,313 | INFO | Extracting main content...
2026-08-04 14:51:29,369 | WARNING | No content selector matched. Using body.
2026-08-04 14:51:29,369 | INFO | Extracted 3,805 characters.
2026-08-04 14:51:29,369 | INFO | Cleaning extracted text...
2026-08-04 14:51:29,370 | INFO | Clean text length : 1,638 characters.
2026-08-04 14:51:29,370 | INFO | Saved : index.txt
2026-08-04 14:51:29,370 | INFO | 
2026-08-04 14:51:29,370 | INFO | ============================================================
2026-08-04 14:51:29,370 | INFO | CLEANING WEBSITE
2026-08-04 14:51:29,370 | INFO | ============================================================
2026-08-04 14:51:29,371 | INFO | Found 24 HTML files.
2026-08-04 14:51:29,371 | INFO | [1/24] 2025_05_12_publication_key_developments_in_the_corporate_sector.html
2026-08-04 14:51:29,371 | INFO | Loading HTML : 2025_05_12_publication_key_developments_in_the_corporate_sector.html
2026-08-04 14:51:29,371 | INFO | Loaded 89,230 characters.
2026-08-04 14:51:29,371 | INFO | Extracting main content...
2026-08-04 14:51:29,391 | INFO | Content found using 'article'
2026-08-04 14:51:29,391 | INFO | Extracted 107 characters.
2026-08-04 14:51:29,391 | INFO | Cleaning extracted text...
2026-08-04 14:51:29,391 | INFO | Clean text length : 16 characters.
2026-08-04 14:51:29,392 | INFO | Saved : 2025_05_12_publication_key_developments_in_the_corporate_sector.txt
2026-08-04 14:51:29,392 | INFO | [2/24] 2025_05_13_publication_lexology_indepth_dispute_resolution_nigeria_3.html
2026-08-04 14:51:29,392 | INFO | Loading HTML : 2025_05_13_publication_lexology_indepth_dispute_resolution_nigeria_3.html
2026-08-04 14:51:29,392 | INFO | Loaded 89,859 characters.
2026-08-04 14:51:29,392 | INFO | Extracting main content...
2026-08-04 14:51:29,411 | INFO | Content found using 'article'
2026-08-04 14:51:29,411 | INFO | Extracted 107 characters.
2026-08-04 14:51:29,411 | INFO | Cleaning extracted text...
2026-08-04 14:51:29,412 | INFO | Clean text length : 16 characters.
2026-08-04 14:51:29,412 | INFO | Saved : 2025_05_13_publication_lexology_indepth_dispute_resolution_nigeria_3.txt
2026-08-04 14:51:29,412 | INFO | [3/24] 2025_05_13_publication_significant_tax_developments_in_nigeria_2.html
2026-08-04 14:51:29,412 | INFO | Loading HTML : 2025_05_13_publication_significant_tax_developments_in_nigeria_2.html
2026-08-04 14:51:29,412 | INFO | Loaded 88,668 characters.
2026-08-04 14:51:29,412 | INFO | Extracting main content...
2026-08-04 14:51:29,431 | INFO | Content found using 'article'
2026-08-04 14:51:29,431 | INFO | Extracted 107 characters.
2026-08-04 14:51:29,431 | INFO | Cleaning extracted text...
2026-08-04 14:51:29,431 | INFO | Clean text length : 16 characters.
2026-08-04 14:51:29,431 | INFO | Saved : 2025_05_13_publication_significant_tax_developments_in_nigeria_2.txt
2026-08-04 14:51:29,431 | INFO | [4/24] 2025_07_25_navigating_patent_for_startups_in_nigeria.html
2026-08-04 14:51:29,431 | INFO | Loading HTML : 2025_07_25_navigating_patent_for_startups_in_nigeria.html
2026-08-04 14:51:29,432 | INFO | Loaded 84,192 characters.
2026-08-04 14:51:29,432 | INFO | Extracting main content...
2026-08-04 14:51:29,449 | INFO | Content found using 'article'
2026-08-04 14:51:29,449 | INFO | Extracted 107 characters.
2026-08-04 14:51:29,449 | INFO | Cleaning extracted text...
2026-08-04 14:51:29,449 | INFO | Clean text length : 16 characters.
2026-08-04 14:51:29,449 | INFO | Saved : 2025_07_25_navigating_patent_for_startups_in_nigeria.txt
2026-08-04 14:51:29,449 | INFO | [5/24] 2025_09_17_1162.html
2026-08-04 14:51:29,449 | INFO | Loading HTML : 2025_09_17_1162.html
2026-08-04 14:51:29,449 | INFO | Loaded 84,222 characters.
2026-08-04 14:51:29,449 | INFO | Extracting main content...
2026-08-04 14:51:29,467 | INFO | Content found using 'article'
2026-08-04 14:51:29,467 | INFO | Extracted 107 characters.
2026-08-04 14:51:29,467 | INFO | Cleaning extracted text...
2026-08-04 14:51:29,467 | INFO | Clean text length : 16 characters.
2026-08-04 14:51:29,467 | INFO | Saved : 2025_09_17_1162.txt
2026-08-04 14:51:29,467 | INFO | [6/24] 2026_02_02_bimbo_ademoye_youtube_and_copyright_in_nigeria_legal_issues_under_the_copyright_act_2022.html
2026-08-04 14:51:29,467 | INFO | Loading HTML : 2026_02_02_bimbo_ademoye_youtube_and_copyright_in_nigeria_legal_issues_under_the_copyright_act_2022.html
2026-08-04 14:51:29,467 | INFO | Loaded 85,643 characters.
2026-08-04 14:51:29,468 | INFO | Extracting main content...
2026-08-04 14:51:29,490 | INFO | Content found using 'article'
2026-08-04 14:51:29,491 | INFO | Extracted 107 characters.
2026-08-04 14:51:29,491 | INFO | Cleaning extracted text...
2026-08-04 14:51:29,491 | INFO | Clean text length : 16 characters.
2026-08-04 14:51:29,491 | INFO | Saved : 2026_02_02_bimbo_ademoye_youtube_and_copyright_in_nigeria_legal_issues_under_the_copyright_act_2022.txt
2026-08-04 14:51:29,491 | INFO | [7/24] category_all.html
2026-08-04 14:51:29,491 | INFO | Loading HTML : category_all.html
2026-08-04 14:51:29,491 | INFO | Loaded 64,016 characters.
2026-08-04 14:51:29,491 | INFO | Extracting main content...
2026-08-04 14:51:29,503 | INFO | Content found using 'main'
2026-08-04 14:51:29,503 | INFO | Extracted 875 characters.
2026-08-04 14:51:29,503 | INFO | Cleaning extracted text...
2026-08-04 14:51:29,503 | INFO | Clean text length : 490 characters.
2026-08-04 14:51:29,503 | INFO | Saved : category_all.txt
2026-08-04 14:51:29,503 | INFO | [8/24] category_news.html
2026-08-04 14:51:29,503 | INFO | Loading HTML : category_news.html
2026-08-04 14:51:29,504 | INFO | Loaded 62,690 characters.
2026-08-04 14:51:29,504 | INFO | Extracting main content...
2026-08-04 14:51:29,515 | INFO | Content found using 'main'
2026-08-04 14:51:29,515 | INFO | Extracted 434 characters.
2026-08-04 14:51:29,515 | INFO | Cleaning extracted text...
2026-08-04 14:51:29,515 | INFO | Clean text length : 431 characters.
2026-08-04 14:51:29,516 | INFO | Saved : category_news.txt
2026-08-04 14:51:29,516 | INFO | [9/24] category_publications.html
2026-08-04 14:51:29,516 | INFO | Loading HTML : category_publications.html
2026-08-04 14:51:29,516 | INFO | Loaded 66,470 characters.
2026-08-04 14:51:29,516 | INFO | Extracting main content...
2026-08-04 14:51:29,530 | INFO | Content found using 'main'
2026-08-04 14:51:29,530 | INFO | Extracted 1,859 characters.
2026-08-04 14:51:29,530 | INFO | Cleaning extracted text...
2026-08-04 14:51:29,530 | INFO | Clean text length : 1,006 characters.
2026-08-04 14:51:29,530 | INFO | Saved : category_publications.txt
2026-08-04 14:51:29,530 | INFO | [10/24] category_resources_and_guides.html
2026-08-04 14:51:29,530 | INFO | Loading HTML : category_resources_and_guides.html
2026-08-04 14:51:29,530 | INFO | Loaded 62,364 characters.
2026-08-04 14:51:29,530 | INFO | Extracting main content...
2026-08-04 14:51:29,542 | INFO | Content found using 'main'
2026-08-04 14:51:29,543 | INFO | Extracted 470 characters.
2026-08-04 14:51:29,543 | INFO | Cleaning extracted text...
2026-08-04 14:51:29,543 | INFO | Clean text length : 83 characters.
2026-08-04 14:51:29,543 | INFO | Saved : category_resources_and_guides.txt
2026-08-04 14:51:29,543 | INFO | [11/24] contact_us.html
2026-08-04 14:51:29,543 | INFO | Loading HTML : contact_us.html
2026-08-04 14:51:29,543 | INFO | Loaded 69,121 characters.
2026-08-04 14:51:29,543 | INFO | Extracting main content...
2026-08-04 14:51:29,567 | WARNING | No content selector matched. Using body.
2026-08-04 14:51:29,568 | INFO | Extracted 940 characters.
2026-08-04 14:51:29,568 | INFO | Cleaning extracted text...
2026-08-04 14:51:29,568 | INFO | Clean text length : 511 characters.
2026-08-04 14:51:29,568 | INFO | Saved : contact_us.txt
2026-08-04 14:51:29,568 | INFO | [12/24] index.html
2026-08-04 14:51:29,568 | INFO | Loading HTML : index.html
2026-08-04 14:51:29,568 | INFO | Loaded 84,228 characters.
2026-08-04 14:51:29,568 | INFO | Extracting main content...
2026-08-04 14:51:29,602 | WARNING | No content selector matched. Using body.
2026-08-04 14:51:29,603 | INFO | Extracted 3,805 characters.
2026-08-04 14:51:29,603 | INFO | Cleaning extracted text...
2026-08-04 14:51:29,603 | INFO | Clean text length : 1,638 characters.
2026-08-04 14:51:29,603 | INFO | Saved : index.txt
2026-08-04 14:51:29,603 | INFO | [13/24] insights.html
2026-08-04 14:51:29,603 | INFO | Loading HTML : insights.html
2026-08-04 14:51:29,603 | INFO | Loaded 88,264 characters.
2026-08-04 14:51:29,604 | INFO | Extracting main content...
2026-08-04 14:51:29,625 | INFO | Content found using 'article'
2026-08-04 14:51:29,625 | INFO | Extracted 131 characters.
2026-08-04 14:51:29,625 | INFO | Cleaning extracted text...
2026-08-04 14:51:29,625 | INFO | Clean text length : 42 characters.
2026-08-04 14:51:29,625 | INFO | Saved : insights.txt
2026-08-04 14:51:29,625 | INFO | [14/24] meet_the_team.html
2026-08-04 14:51:29,625 | INFO | Loading HTML : meet_the_team.html
2026-08-04 14:51:29,625 | INFO | Loaded 107,529 characters.
2026-08-04 14:51:29,626 | INFO | Extracting main content...
2026-08-04 14:51:29,652 | INFO | Content found using 'main'
2026-08-04 14:51:29,652 | INFO | Extracted 722 characters.
2026-08-04 14:51:29,652 | INFO | Cleaning extracted text...
2026-08-04 14:51:29,652 | INFO | Clean text length : 411 characters.
2026-08-04 14:51:29,652 | INFO | Saved : meet_the_team.txt
2026-08-04 14:51:29,652 | INFO | [15/24] services.html
2026-08-04 14:51:29,652 | INFO | Loading HTML : services.html
2026-08-04 14:51:29,652 | INFO | Loaded 88,213 characters.
2026-08-04 14:51:29,653 | INFO | Extracting main content...
2026-08-04 14:51:29,690 | WARNING | No content selector matched. Using body.
2026-08-04 14:51:29,691 | INFO | Extracted 2,475 characters.
2026-08-04 14:51:29,691 | INFO | Cleaning extracted text...
2026-08-04 14:51:29,691 | INFO | Clean text length : 1,838 characters.
2026-08-04 14:51:29,691 | INFO | Saved : services.txt
2026-08-04 14:51:29,691 | INFO | [16/24] services_anti_counterfeiting.html
2026-08-04 14:51:29,691 | INFO | Loading HTML : services_anti_counterfeiting.html
2026-08-04 14:51:29,691 | INFO | Loaded 75,849 characters.
2026-08-04 14:51:29,691 | INFO | Extracting main content...
2026-08-04 14:51:29,720 | WARNING | No content selector matched. Using body.
2026-08-04 14:51:29,720 | INFO | Extracted 3,274 characters.
2026-08-04 14:51:29,720 | INFO | Cleaning extracted text...
2026-08-04 14:51:29,721 | INFO | Clean text length : 2,351 characters.
2026-08-04 14:51:29,721 | INFO | Saved : services_anti_counterfeiting.txt
2026-08-04 14:51:29,721 | INFO | [17/24] services_commercial_ip.html
2026-08-04 14:51:29,721 | INFO | Loading HTML : services_commercial_ip.html
2026-08-04 14:51:29,721 | INFO | Loaded 78,600 characters.
2026-08-04 14:51:29,721 | INFO | Extracting main content...
2026-08-04 14:51:29,763 | WARNING | No content selector matched. Using body.
2026-08-04 14:51:29,763 | INFO | Extracted 2,626 characters.
2026-08-04 14:51:29,763 | INFO | Cleaning extracted text...
2026-08-04 14:51:29,764 | INFO | Clean text length : 1,678 characters.
2026-08-04 14:51:29,764 | INFO | Saved : services_commercial_ip.txt
2026-08-04 14:51:29,764 | INFO | [18/24] services_copyright.html
2026-08-04 14:51:29,764 | INFO | Loading HTML : services_copyright.html
2026-08-04 14:51:29,764 | INFO | Loaded 73,432 characters.
2026-08-04 14:51:29,764 | INFO | Extracting main content...
2026-08-04 14:51:29,795 | WARNING | No content selector matched. Using body.
2026-08-04 14:51:29,795 | INFO | Extracted 2,714 characters.
2026-08-04 14:51:29,795 | INFO | Cleaning extracted text...
2026-08-04 14:51:29,795 | INFO | Clean text length : 696 characters.
2026-08-04 14:51:29,796 | INFO | Saved : services_copyright.txt
2026-08-04 14:51:29,796 | INFO | [19/24] services_designs.html
2026-08-04 14:51:29,796 | INFO | Loading HTML : services_designs.html
2026-08-04 14:51:29,796 | INFO | Loaded 73,044 characters.
2026-08-04 14:51:29,796 | INFO | Extracting main content...
2026-08-04 14:51:29,821 | WARNING | No content selector matched. Using body.
2026-08-04 14:51:29,822 | INFO | Extracted 2,952 characters.
2026-08-04 14:51:29,822 | INFO | Cleaning extracted text...
2026-08-04 14:51:29,822 | INFO | Clean text length : 2,373 characters.
2026-08-04 14:51:29,822 | INFO | Saved : services_designs.txt
2026-08-04 14:51:29,822 | INFO | [20/24] services_domain_names.html
2026-08-04 14:51:29,822 | INFO | Loading HTML : services_domain_names.html
2026-08-04 14:51:29,823 | INFO | Loaded 80,729 characters.
2026-08-04 14:51:29,823 | INFO | Extracting main content...
2026-08-04 14:51:29,857 | WARNING | No content selector matched. Using body.
2026-08-04 14:51:29,858 | INFO | Extracted 4,130 characters.
2026-08-04 14:51:29,858 | INFO | Cleaning extracted text...
2026-08-04 14:51:29,858 | INFO | Clean text length : 3,069 characters.
2026-08-04 14:51:29,859 | INFO | Saved : services_domain_names.txt
2026-08-04 14:51:29,859 | INFO | [21/24] services_ip_advisory.html
2026-08-04 14:51:29,859 | INFO | Loading HTML : services_ip_advisory.html
2026-08-04 14:51:29,859 | INFO | Loaded 74,518 characters.
2026-08-04 14:51:29,859 | INFO | Extracting main content...
2026-08-04 14:51:29,885 | WARNING | No content selector matched. Using body.
2026-08-04 14:51:29,885 | INFO | Extracted 3,871 characters.
2026-08-04 14:51:29,885 | INFO | Cleaning extracted text...
2026-08-04 14:51:29,886 | INFO | Clean text length : 1,766 characters.
2026-08-04 14:51:29,886 | INFO | Saved : services_ip_advisory.txt
2026-08-04 14:51:29,886 | INFO | [22/24] services_ip_litigation_disputes.html
2026-08-04 14:51:29,886 | INFO | Loading HTML : services_ip_litigation_disputes.html
2026-08-04 14:51:29,886 | INFO | Loaded 72,962 characters.
2026-08-04 14:51:29,886 | INFO | Extracting main content...
2026-08-04 14:51:29,912 | WARNING | No content selector matched. Using body.
2026-08-04 14:51:29,912 | INFO | Extracted 2,811 characters.
2026-08-04 14:51:29,912 | INFO | Cleaning extracted text...
2026-08-04 14:51:29,913 | INFO | Clean text length : 1,732 characters.
2026-08-04 14:51:29,913 | INFO | Saved : services_ip_litigation_disputes.txt
2026-08-04 14:51:29,913 | INFO | [23/24] services_patents.html
2026-08-04 14:51:29,913 | INFO | Loading HTML : services_patents.html
2026-08-04 14:51:29,913 | INFO | Loaded 76,489 characters.
2026-08-04 14:51:29,913 | INFO | Extracting main content...
2026-08-04 14:51:29,941 | WARNING | No content selector matched. Using body.
2026-08-04 14:51:29,941 | INFO | Extracted 3,001 characters.
2026-08-04 14:51:29,941 | INFO | Cleaning extracted text...
2026-08-04 14:51:29,942 | INFO | Clean text length : 2,082 characters.
2026-08-04 14:51:29,942 | INFO | Saved : services_patents.txt
2026-08-04 14:51:29,942 | INFO | [24/24] services_trademarks.html
2026-08-04 14:51:29,942 | INFO | Loading HTML : services_trademarks.html
2026-08-04 14:51:29,942 | INFO | Loaded 74,034 characters.
2026-08-04 14:51:29,942 | INFO | Extracting main content...
2026-08-04 14:51:29,968 | WARNING | No content selector matched. Using body.
2026-08-04 14:51:29,968 | INFO | Extracted 2,258 characters.
2026-08-04 14:51:29,968 | INFO | Cleaning extracted text...
2026-08-04 14:51:29,969 | INFO | Clean text length : 1,715 characters.
2026-08-04 14:51:29,969 | INFO | Saved : services_trademarks.txt
2026-08-04 14:51:29,969 | INFO | 
2026-08-04 14:51:29,969 | INFO | Generated 24 cleaned file(s).
2026-08-04 14:51:29,969 | INFO | 
2026-08-04 14:51:29,969 | INFO | ============================================================
2026-08-04 14:51:29,969 | INFO | HTML CLEANER
2026-08-04 14:51:29,969 | INFO | ============================================================
2026-08-04 14:51:29,969 | INFO | 
2026-08-04 14:51:29,969 | INFO | ============================================================
2026-08-04 14:51:29,969 | INFO | CLEANING WEBSITE
2026-08-04 14:51:29,969 | INFO | ============================================================
2026-08-04 14:51:29,969 | INFO | Found 24 HTML files.
2026-08-04 14:51:29,969 | INFO | [1/24] 2025_05_12_publication_key_developments_in_the_corporate_sector.html
2026-08-04 14:51:29,969 | INFO | Loading HTML : 2025_05_12_publication_key_developments_in_the_corporate_sector.html
2026-08-04 14:51:29,970 | INFO | Loaded 89,230 characters.
2026-08-04 14:51:29,970 | INFO | Extracting main content...
2026-08-04 14:51:29,990 | INFO | Content found using 'article'
2026-08-04 14:51:29,990 | INFO | Extracted 107 characters.
2026-08-04 14:51:29,990 | INFO | Cleaning extracted text...
2026-08-04 14:51:29,990 | INFO | Clean text length : 16 characters.
2026-08-04 14:51:29,990 | INFO | Saved : 2025_05_12_publication_key_developments_in_the_corporate_sector.txt
2026-08-04 14:51:29,990 | INFO | [2/24] 2025_05_13_publication_lexology_indepth_dispute_resolution_nigeria_3.html
2026-08-04 14:51:29,990 | INFO | Loading HTML : 2025_05_13_publication_lexology_indepth_dispute_resolution_nigeria_3.html
2026-08-04 14:51:29,991 | INFO | Loaded 89,859 characters.
2026-08-04 14:51:29,991 | INFO | Extracting main content...
2026-08-04 14:51:30,012 | INFO | Content found using 'article'
2026-08-04 14:51:30,013 | INFO | Extracted 107 characters.
2026-08-04 14:51:30,013 | INFO | Cleaning extracted text...
2026-08-04 14:51:30,013 | INFO | Clean text length : 16 characters.
2026-08-04 14:51:30,013 | INFO | Saved : 2025_05_13_publication_lexology_indepth_dispute_resolution_nigeria_3.txt
2026-08-04 14:51:30,013 | INFO | [3/24] 2025_05_13_publication_significant_tax_developments_in_nigeria_2.html
2026-08-04 14:51:30,013 | INFO | Loading HTML : 2025_05_13_publication_significant_tax_developments_in_nigeria_2.html
2026-08-04 14:51:30,013 | INFO | Loaded 88,668 characters.
2026-08-04 14:51:30,013 | INFO | Extracting main content...
2026-08-04 14:51:30,034 | INFO | Content found using 'article'
2026-08-04 14:51:30,034 | INFO | Extracted 107 characters.
2026-08-04 14:51:30,034 | INFO | Cleaning extracted text...
2026-08-04 14:51:30,034 | INFO | Clean text length : 16 characters.
2026-08-04 14:51:30,034 | INFO | Saved : 2025_05_13_publication_significant_tax_developments_in_nigeria_2.txt
2026-08-04 14:51:30,035 | INFO | [4/24] 2025_07_25_navigating_patent_for_startups_in_nigeria.html
2026-08-04 14:51:30,035 | INFO | Loading HTML : 2025_07_25_navigating_patent_for_startups_in_nigeria.html
2026-08-04 14:51:30,035 | INFO | Loaded 84,192 characters.
2026-08-04 14:51:30,035 | INFO | Extracting main content...
2026-08-04 14:51:30,057 | INFO | Content found using 'article'
2026-08-04 14:51:30,057 | INFO | Extracted 107 characters.
2026-08-04 14:51:30,057 | INFO | Cleaning extracted text...
2026-08-04 14:51:30,057 | INFO | Clean text length : 16 characters.
2026-08-04 14:51:30,057 | INFO | Saved : 2025_07_25_navigating_patent_for_startups_in_nigeria.txt
2026-08-04 14:51:30,058 | INFO | [5/24] 2025_09_17_1162.html
2026-08-04 14:51:30,058 | INFO | Loading HTML : 2025_09_17_1162.html
2026-08-04 14:51:30,058 | INFO | Loaded 84,222 characters.
2026-08-04 14:51:30,058 | INFO | Extracting main content...
2026-08-04 14:51:30,077 | INFO | Content found using 'article'
2026-08-04 14:51:30,077 | INFO | Extracted 107 characters.
2026-08-04 14:51:30,077 | INFO | Cleaning extracted text...
2026-08-04 14:51:30,077 | INFO | Clean text length : 16 characters.
2026-08-04 14:51:30,078 | INFO | Saved : 2025_09_17_1162.txt
2026-08-04 14:51:30,078 | INFO | [6/24] 2026_02_02_bimbo_ademoye_youtube_and_copyright_in_nigeria_legal_issues_under_the_copyright_act_2022.html
2026-08-04 14:51:30,078 | INFO | Loading HTML : 2026_02_02_bimbo_ademoye_youtube_and_copyright_in_nigeria_legal_issues_under_the_copyright_act_2022.html
2026-08-04 14:51:30,078 | INFO | Loaded 85,643 characters.
2026-08-04 14:51:30,078 | INFO | Extracting main content...
2026-08-04 14:51:30,101 | INFO | Content found using 'article'
2026-08-04 14:51:30,101 | INFO | Extracted 107 characters.
2026-08-04 14:51:30,101 | INFO | Cleaning extracted text...
2026-08-04 14:51:30,101 | INFO | Clean text length : 16 characters.
2026-08-04 14:51:30,101 | INFO | Saved : 2026_02_02_bimbo_ademoye_youtube_and_copyright_in_nigeria_legal_issues_under_the_copyright_act_2022.txt
2026-08-04 14:51:30,101 | INFO | [7/24] category_all.html
2026-08-04 14:51:30,101 | INFO | Loading HTML : category_all.html
2026-08-04 14:51:30,101 | INFO | Loaded 64,016 characters.
2026-08-04 14:51:30,101 | INFO | Extracting main content...
2026-08-04 14:51:30,113 | INFO | Content found using 'main'
2026-08-04 14:51:30,113 | INFO | Extracted 875 characters.
2026-08-04 14:51:30,113 | INFO | Cleaning extracted text...
2026-08-04 14:51:30,113 | INFO | Clean text length : 490 characters.
2026-08-04 14:51:30,113 | INFO | Saved : category_all.txt
2026-08-04 14:51:30,113 | INFO | [8/24] category_news.html
2026-08-04 14:51:30,113 | INFO | Loading HTML : category_news.html
2026-08-04 14:51:30,114 | INFO | Loaded 62,690 characters.
2026-08-04 14:51:30,114 | INFO | Extracting main content...
2026-08-04 14:51:30,127 | INFO | Content found using 'main'
2026-08-04 14:51:30,127 | INFO | Extracted 434 characters.
2026-08-04 14:51:30,127 | INFO | Cleaning extracted text...
2026-08-04 14:51:30,127 | INFO | Clean text length : 431 characters.
2026-08-04 14:51:30,127 | INFO | Saved : category_news.txt
2026-08-04 14:51:30,127 | INFO | [9/24] category_publications.html
2026-08-04 14:51:30,127 | INFO | Loading HTML : category_publications.html
2026-08-04 14:51:30,127 | INFO | Loaded 66,470 characters.
2026-08-04 14:51:30,127 | INFO | Extracting main content...
2026-08-04 14:51:30,141 | INFO | Content found using 'main'
2026-08-04 14:51:30,141 | INFO | Extracted 1,859 characters.
2026-08-04 14:51:30,141 | INFO | Cleaning extracted text...
2026-08-04 14:51:30,141 | INFO | Clean text length : 1,006 characters.
2026-08-04 14:51:30,142 | INFO | Saved : category_publications.txt
2026-08-04 14:51:30,142 | INFO | [10/24] category_resources_and_guides.html
2026-08-04 14:51:30,142 | INFO | Loading HTML : category_resources_and_guides.html
2026-08-04 14:51:30,142 | INFO | Loaded 62,364 characters.
2026-08-04 14:51:30,142 | INFO | Extracting main content...
2026-08-04 14:51:30,156 | INFO | Content found using 'main'
2026-08-04 14:51:30,156 | INFO | Extracted 470 characters.
2026-08-04 14:51:30,156 | INFO | Cleaning extracted text...
2026-08-04 14:51:30,156 | INFO | Clean text length : 83 characters.
2026-08-04 14:51:30,156 | INFO | Saved : category_resources_and_guides.txt
2026-08-04 14:51:30,156 | INFO | [11/24] contact_us.html
2026-08-04 14:51:30,156 | INFO | Loading HTML : contact_us.html
2026-08-04 14:51:30,157 | INFO | Loaded 69,121 characters.
2026-08-04 14:51:30,157 | INFO | Extracting main content...
2026-08-04 14:51:30,184 | WARNING | No content selector matched. Using body.
2026-08-04 14:51:30,185 | INFO | Extracted 940 characters.
2026-08-04 14:51:30,185 | INFO | Cleaning extracted text...
2026-08-04 14:51:30,185 | INFO | Clean text length : 511 characters.
2026-08-04 14:51:30,185 | INFO | Saved : contact_us.txt
2026-08-04 14:51:30,185 | INFO | [12/24] index.html
2026-08-04 14:51:30,185 | INFO | Loading HTML : index.html
2026-08-04 14:51:30,185 | INFO | Loaded 84,228 characters.
2026-08-04 14:51:30,185 | INFO | Extracting main content...
2026-08-04 14:51:30,220 | WARNING | No content selector matched. Using body.
2026-08-04 14:51:30,220 | INFO | Extracted 3,805 characters.
2026-08-04 14:51:30,220 | INFO | Cleaning extracted text...
2026-08-04 14:51:30,221 | INFO | Clean text length : 1,638 characters.
2026-08-04 14:51:30,221 | INFO | Saved : index.txt
2026-08-04 14:51:30,221 | INFO | [13/24] insights.html
2026-08-04 14:51:30,221 | INFO | Loading HTML : insights.html
2026-08-04 14:51:30,221 | INFO | Loaded 88,264 characters.
2026-08-04 14:51:30,221 | INFO | Extracting main content...
2026-08-04 14:51:30,242 | INFO | Content found using 'article'
2026-08-04 14:51:30,243 | INFO | Extracted 131 characters.
2026-08-04 14:51:30,243 | INFO | Cleaning extracted text...
2026-08-04 14:51:30,243 | INFO | Clean text length : 42 characters.
2026-08-04 14:51:30,243 | INFO | Saved : insights.txt
2026-08-04 14:51:30,243 | INFO | [14/24] meet_the_team.html
2026-08-04 14:51:30,243 | INFO | Loading HTML : meet_the_team.html
2026-08-04 14:51:30,243 | INFO | Loaded 107,529 characters.
2026-08-04 14:51:30,243 | INFO | Extracting main content...
2026-08-04 14:51:30,266 | INFO | Content found using 'main'
2026-08-04 14:51:30,267 | INFO | Extracted 722 characters.
2026-08-04 14:51:30,267 | INFO | Cleaning extracted text...
2026-08-04 14:51:30,267 | INFO | Clean text length : 411 characters.
2026-08-04 14:51:30,267 | INFO | Saved : meet_the_team.txt
2026-08-04 14:51:30,267 | INFO | [15/24] services.html
2026-08-04 14:51:30,267 | INFO | Loading HTML : services.html
2026-08-04 14:51:30,267 | INFO | Loaded 88,213 characters.
2026-08-04 14:51:30,267 | INFO | Extracting main content...
2026-08-04 14:51:30,305 | WARNING | No content selector matched. Using body.
2026-08-04 14:51:30,306 | INFO | Extracted 2,475 characters.
2026-08-04 14:51:30,306 | INFO | Cleaning extracted text...
2026-08-04 14:51:30,306 | INFO | Clean text length : 1,838 characters.
2026-08-04 14:51:30,307 | INFO | Saved : services.txt
2026-08-04 14:51:30,307 | INFO | [16/24] services_anti_counterfeiting.html
2026-08-04 14:51:30,307 | INFO | Loading HTML : services_anti_counterfeiting.html
2026-08-04 14:51:30,307 | INFO | Loaded 75,849 characters.
2026-08-04 14:51:30,307 | INFO | Extracting main content...
2026-08-04 14:51:30,335 | WARNING | No content selector matched. Using body.
2026-08-04 14:51:30,336 | INFO | Extracted 3,274 characters.
2026-08-04 14:51:30,336 | INFO | Cleaning extracted text...
2026-08-04 14:51:30,336 | INFO | Clean text length : 2,351 characters.
2026-08-04 14:51:30,336 | INFO | Saved : services_anti_counterfeiting.txt
2026-08-04 14:51:30,336 | INFO | [17/24] services_commercial_ip.html
2026-08-04 14:51:30,336 | INFO | Loading HTML : services_commercial_ip.html
2026-08-04 14:51:30,337 | INFO | Loaded 78,600 characters.
2026-08-04 14:51:30,337 | INFO | Extracting main content...
2026-08-04 14:51:30,367 | WARNING | No content selector matched. Using body.
2026-08-04 14:51:30,367 | INFO | Extracted 2,626 characters.
2026-08-04 14:51:30,367 | INFO | Cleaning extracted text...
2026-08-04 14:51:30,367 | INFO | Clean text length : 1,678 characters.
2026-08-04 14:51:30,368 | INFO | Saved : services_commercial_ip.txt
2026-08-04 14:51:30,368 | INFO | [18/24] services_copyright.html
2026-08-04 14:51:30,368 | INFO | Loading HTML : services_copyright.html
2026-08-04 14:51:30,368 | INFO | Loaded 73,432 characters.
2026-08-04 14:51:30,368 | INFO | Extracting main content...
2026-08-04 14:51:30,394 | WARNING | No content selector matched. Using body.
2026-08-04 14:51:30,395 | INFO | Extracted 2,714 characters.
2026-08-04 14:51:30,395 | INFO | Cleaning extracted text...
2026-08-04 14:51:30,395 | INFO | Clean text length : 696 characters.
2026-08-04 14:51:30,395 | INFO | Saved : services_copyright.txt
2026-08-04 14:51:30,395 | INFO | [19/24] services_designs.html
2026-08-04 14:51:30,395 | INFO | Loading HTML : services_designs.html
2026-08-04 14:51:30,395 | INFO | Loaded 73,044 characters.
2026-08-04 14:51:30,395 | INFO | Extracting main content...
2026-08-04 14:51:30,420 | WARNING | No content selector matched. Using body.
2026-08-04 14:51:30,420 | INFO | Extracted 2,952 characters.
2026-08-04 14:51:30,420 | INFO | Cleaning extracted text...
2026-08-04 14:51:30,420 | INFO | Clean text length : 2,373 characters.
2026-08-04 14:51:30,421 | INFO | Saved : services_designs.txt
2026-08-04 14:51:30,421 | INFO | [20/24] services_domain_names.html
2026-08-04 14:51:30,421 | INFO | Loading HTML : services_domain_names.html
2026-08-04 14:51:30,421 | INFO | Loaded 80,729 characters.
2026-08-04 14:51:30,421 | INFO | Extracting main content...
2026-08-04 14:51:30,451 | WARNING | No content selector matched. Using body.
2026-08-04 14:51:30,452 | INFO | Extracted 4,130 characters.
2026-08-04 14:51:30,452 | INFO | Cleaning extracted text...
2026-08-04 14:51:30,452 | INFO | Clean text length : 3,069 characters.
2026-08-04 14:51:30,452 | INFO | Saved : services_domain_names.txt
2026-08-04 14:51:30,452 | INFO | [21/24] services_ip_advisory.html
2026-08-04 14:51:30,452 | INFO | Loading HTML : services_ip_advisory.html
2026-08-04 14:51:30,452 | INFO | Loaded 74,518 characters.
2026-08-04 14:51:30,452 | INFO | Extracting main content...
2026-08-04 14:51:30,479 | WARNING | No content selector matched. Using body.
2026-08-04 14:51:30,480 | INFO | Extracted 3,871 characters.
2026-08-04 14:51:30,480 | INFO | Cleaning extracted text...
2026-08-04 14:51:30,480 | INFO | Clean text length : 1,766 characters.
2026-08-04 14:51:30,480 | INFO | Saved : services_ip_advisory.txt
2026-08-04 14:51:30,480 | INFO | [22/24] services_ip_litigation_disputes.html
2026-08-04 14:51:30,480 | INFO | Loading HTML : services_ip_litigation_disputes.html
2026-08-04 14:51:30,481 | INFO | Loaded 72,962 characters.
2026-08-04 14:51:30,481 | INFO | Extracting main content...
2026-08-04 14:51:30,508 | WARNING | No content selector matched. Using body.
2026-08-04 14:51:30,508 | INFO | Extracted 2,811 characters.
2026-08-04 14:51:30,508 | INFO | Cleaning extracted text...
2026-08-04 14:51:30,509 | INFO | Clean text length : 1,732 characters.
2026-08-04 14:51:30,509 | INFO | Saved : services_ip_litigation_disputes.txt
2026-08-04 14:51:30,509 | INFO | [23/24] services_patents.html
2026-08-04 14:51:30,509 | INFO | Loading HTML : services_patents.html
2026-08-04 14:51:30,509 | INFO | Loaded 76,489 characters.
2026-08-04 14:51:30,509 | INFO | Extracting main content...
2026-08-04 14:51:30,536 | WARNING | No content selector matched. Using body.
2026-08-04 14:51:30,536 | INFO | Extracted 3,001 characters.
2026-08-04 14:51:30,536 | INFO | Cleaning extracted text...
2026-08-04 14:51:30,537 | INFO | Clean text length : 2,082 characters.
2026-08-04 14:51:30,537 | INFO | Saved : services_patents.txt
2026-08-04 14:51:30,537 | INFO | [24/24] services_trademarks.html
2026-08-04 14:51:30,537 | INFO | Loading HTML : services_trademarks.html
2026-08-04 14:51:30,537 | INFO | Loaded 74,034 characters.
2026-08-04 14:51:30,537 | INFO | Extracting main content...
2026-08-04 14:51:30,578 | WARNING | No content selector matched. Using body.
2026-08-04 14:51:30,578 | INFO | Extracted 2,258 characters.
2026-08-04 14:51:30,578 | INFO | Cleaning extracted text...
2026-08-04 14:51:30,578 | INFO | Clean text length : 1,715 characters.
2026-08-04 14:51:30,579 | INFO | Saved : services_trademarks.txt
2026-08-04 14:51:30,579 | INFO | 
2026-08-04 14:51:30,579 | INFO | Generated 24 cleaned file(s).
2026-08-04 14:51:30,579 | INFO | 
2026-08-04 14:51:30,579 | INFO | ============================================================
2026-08-04 14:51:30,579 | INFO | HTML CLEANING COMPLETE
2026-08-04 14:51:30,579 | INFO | ============================================================
2026-08-04 14:51:30,579 | INFO | Files Generated : 24
2026-08-04 15:47:59,735 | INFO | AI Expander initialized.
2026-08-04 15:47:59,819 | INFO | Loading : index.txt
2026-08-04 15:47:59,819 | INFO | Loaded 1,638 characters.
2026-08-04 15:54:46,917 | INFO | AI Expander initialized.
2026-08-04 15:54:46,973 | INFO | Loading : index.txt
2026-08-04 15:54:46,973 | INFO | Loaded 1,638 characters.
2026-08-04 15:54:46,973 | INFO | Loading prompt : service_prompt.md
2026-08-04 15:54:46,973 | INFO | Loaded 1,690 characters.
2026-08-04 17:27:33,854 | INFO | AI Expander initialized.
2026-08-04 17:27:33,933 | INFO | Loading : index.txt
2026-08-04 17:27:33,933 | INFO | Loaded 1,638 characters.
2026-08-04 17:27:33,933 | INFO | Loading prompt : service_prompt.md
2026-08-04 17:27:33,933 | INFO | Loaded 1,690 characters.
2026-08-04 17:27:33,933 | INFO | Loading prompt : service_prompt.md
2026-08-04 17:27:33,933 | INFO | Loaded 1,690 characters.
2026-08-04 17:27:33,933 | INFO | Building AI prompt...
2026-08-04 17:27:33,934 | INFO | Prompt built (3,317 characters).
2026-08-04 21:13:16,526 | INFO | AI Expander initialized.
2026-08-04 21:13:16,606 | INFO | Loading : index.txt
2026-08-04 21:13:16,606 | INFO | Loaded 1,638 characters.
2026-08-04 21:13:16,606 | INFO | Loading prompt : service_prompt.md
2026-08-04 21:13:16,606 | INFO | Loaded 1,690 characters.
2026-08-04 21:13:16,606 | INFO | Building AI prompt...
2026-08-04 21:13:16,606 | INFO | Prompt built (3,317 characters).
2026-08-04 21:13:16,606 | INFO | Sending prompt to Gemini...
2026-08-04 21:14:05,965 | INFO | AI Expander initialized.
2026-08-04 21:14:06,021 | INFO | Loading : index.txt
2026-08-04 21:14:06,021 | INFO | Loaded 1,638 characters.
2026-08-04 21:14:06,021 | INFO | Loading prompt : service_prompt.md
2026-08-04 21:14:06,021 | INFO | Loaded 1,690 characters.
2026-08-04 21:14:06,021 | INFO | Building AI prompt...
2026-08-04 21:14:06,021 | INFO | Prompt built (3,317 characters).
2026-08-04 21:14:06,021 | INFO | Sending prompt to Gemini...
2026-08-04 22:39:16,351 | INFO | AI Expander initialized.
2026-08-04 22:39:16,434 | INFO | Loading : index.txt
2026-08-04 22:39:16,434 | INFO | Loaded 1,638 characters.
2026-08-04 22:39:16,434 | INFO | Loading prompt : service_prompt.md
2026-08-04 22:39:16,434 | INFO | Loaded 1,690 characters.
2026-08-04 22:39:16,434 | INFO | Building AI prompt...
2026-08-04 22:39:16,434 | INFO | Prompt built (3,317 characters).
2026-08-04 22:39:16,434 | INFO | Sending prompt to Gemini...
2026-08-04 22:42:18,486 | INFO | AI Expander initialized.
2026-08-04 22:42:18,547 | INFO | Loading : index.txt
2026-08-04 22:42:18,547 | INFO | Loaded 1,638 characters.
2026-08-04 22:42:18,547 | INFO | Loading prompt : service_prompt.md
2026-08-04 22:42:18,547 | INFO | Loaded 1,690 characters.
2026-08-04 22:42:18,547 | INFO | Building AI prompt...
2026-08-04 22:42:18,547 | INFO | Prompt built (3,317 characters).
2026-08-04 22:42:18,548 | INFO | Sending prompt to Gemini...
2026-08-04 22:42:19,679 | ERROR | Gemini failed : 404 NOT_FOUND. {'error': {'code': 404, 'message': 'This model models/gemini-2.5-flash is no longer available to new users. Please update your code to use a newer model for the latest features and improvements.', 'status': 'NOT_FOUND'}}
2026-08-04 22:48:00,602 | INFO | AI Expander initialized.
2026-08-04 22:48:00,658 | INFO | Loading : index.txt
2026-08-04 22:48:00,658 | INFO | Loaded 1,638 characters.
2026-08-04 22:48:00,658 | INFO | Loading prompt : service_prompt.md
2026-08-04 22:48:00,658 | INFO | Loaded 1,690 characters.
2026-08-04 22:48:00,658 | INFO | Building AI prompt...
2026-08-04 22:48:00,658 | INFO | Prompt built (3,317 characters).
2026-08-04 22:48:00,658 | INFO | Sending prompt to Gemini...
2026-08-04 22:48:06,840 | ERROR | Gemini failed : 404 NOT_FOUND. {'error': {'code': 404, 'message': 'This model models/gemini-2.5-flash is no longer available to new users. Please update your code to use a newer model for the latest features and improvements.', 'status': 'NOT_FOUND'}}
2026-08-04 22:58:12,806 | INFO | AI Expander initialized.
2026-08-04 22:58:12,862 | INFO | Loading : index.txt
2026-08-04 22:58:12,862 | INFO | Loaded 1,638 characters.
2026-08-04 22:58:12,862 | INFO | Loading prompt : service_prompt.md
2026-08-04 22:58:12,862 | INFO | Loaded 1,690 characters.
2026-08-04 22:58:12,862 | INFO | Building AI prompt...
2026-08-04 22:58:12,862 | INFO | Prompt built (3,317 characters).
2026-08-04 22:58:12,862 | INFO | Sending prompt to Gemini...
2026-08-04 22:58:18,989 | ERROR | Gemini failed : 404 NOT_FOUND. {'error': {'code': 404, 'message': 'This model models/gemini-2.5-flash is no longer available to new users. Please update your code to use a newer model for the latest features and improvements.', 'status': 'NOT_FOUND'}}
2026-08-04 22:58:19,002 | ERROR | Gemini failed : 404 NOT_FOUND. {'error': {'code': 404, 'message': 'This model models/gemini-2.5-flash is no longer available to new users. Please update your code to use a newer model for the latest features and improvements.', 'status': 'NOT_FOUND'}}
2026-08-04 22:58:19,002 | ERROR | Nothing to save.
2026-08-04 22:58:52,110 | INFO | AI Expander initialized.
2026-08-04 22:58:52,165 | INFO | Loading : index.txt
2026-08-04 22:58:52,165 | INFO | Loaded 1,638 characters.
2026-08-04 22:58:52,165 | INFO | Loading prompt : service_prompt.md
2026-08-04 22:58:52,165 | INFO | Loaded 1,690 characters.
2026-08-04 22:58:52,165 | INFO | Building AI prompt...
2026-08-04 22:58:52,165 | INFO | Prompt built (3,317 characters).
2026-08-04 22:58:52,165 | INFO | Sending prompt to Gemini...
2026-08-04 22:58:52,991 | ERROR | Gemini failed : 404 NOT_FOUND. {'error': {'code': 404, 'message': 'This model models/gemini-2.5-flash is no longer available to new users. Please update your code to use a newer model for the latest features and improvements.', 'status': 'NOT_FOUND'}}
2026-08-04 22:58:53,001 | ERROR | Gemini failed : 404 NOT_FOUND. {'error': {'code': 404, 'message': 'This model models/gemini-2.5-flash is no longer available to new users. Please update your code to use a newer model for the latest features and improvements.', 'status': 'NOT_FOUND'}}
2026-08-04 22:58:53,001 | ERROR | Nothing to save.
2026-08-04 23:03:04,847 | INFO | AI Expander initialized.
2026-08-04 23:03:04,905 | INFO | Loading : index.txt
2026-08-04 23:03:04,905 | INFO | Loaded 1,638 characters.
2026-08-04 23:03:04,905 | INFO | Loading prompt : service_prompt.md
2026-08-04 23:03:04,905 | INFO | Loaded 1,690 characters.
2026-08-04 23:03:04,905 | INFO | Building AI prompt...
2026-08-04 23:03:04,905 | INFO | Prompt built (3,317 characters).
2026-08-04 23:03:04,905 | INFO | Sending prompt to Gemini...
2026-08-04 23:03:05,926 | ERROR | Gemini failed : 404 NOT_FOUND. {'error': {'code': 404, 'message': 'This model models/gemini-2.5-flash-lite is no longer available to new users. Please update your code to use a newer model for the latest features and improvements.', 'status': 'NOT_FOUND'}}
2026-08-04 23:03:05,933 | ERROR | Gemini failed : 404 NOT_FOUND. {'error': {'code': 404, 'message': 'This model models/gemini-2.5-flash-lite is no longer available to new users. Please update your code to use a newer model for the latest features and improvements.', 'status': 'NOT_FOUND'}}
2026-08-04 23:03:05,933 | ERROR | Nothing to save.
2026-08-04 23:08:01,557 | INFO | AI Expander initialized.
2026-08-04 23:08:01,618 | INFO | Loading : index.txt
2026-08-04 23:08:01,618 | INFO | Loaded 1,638 characters.
2026-08-04 23:08:01,618 | INFO | Loading prompt : service_prompt.md
2026-08-04 23:08:01,618 | INFO | Loaded 1,690 characters.
2026-08-04 23:08:01,618 | INFO | Building AI prompt...
2026-08-04 23:08:01,618 | INFO | Prompt built (3,317 characters).
2026-08-04 23:08:01,618 | INFO | Sending prompt to Gemini...
2026-08-04 23:08:53,847 | ERROR | Gemini failed : 503 UNAVAILABLE. {'error': {'code': 503, 'message': 'This model is currently experiencing high demand. Spikes in demand are usually temporary. Please try again later.', 'status': 'UNAVAILABLE'}}
2026-08-04 23:08:53,855 | ERROR | Gemini failed : 503 UNAVAILABLE. {'error': {'code': 503, 'message': 'This model is currently experiencing high demand. Spikes in demand are usually temporary. Please try again later.', 'status': 'UNAVAILABLE'}}
2026-08-04 23:08:53,855 | ERROR | Nothing to save.
2026-09-18 13:55:13,984 | INFO | Knowledge Indexer initialized.
2026-09-18 13:55:14,137 | INFO | Loading Markdown documents...
2026-09-18 13:55:14,138 | INFO | 0 documents loaded.
2026-09-18 15:46:02,541 | INFO | AI Expander initialized.
2026-09-18 15:46:02,677 | INFO | Expanding : clean_text/services.txt
2026-09-18 15:46:02,677 | INFO | Loading text : clean_text/services.txt
2026-09-18 15:46:02,678 | INFO | Loading prompt : prompts/service_prompt.md
2026-09-18 15:46:02,678 | INFO | Sending services.txt to Gemini...
2026-09-18 15:46:37,955 | ERROR | Gemini request failed: 503 UNAVAILABLE. {'error': {'code': 503, 'message': 'This model is currently experiencing high demand. Spikes in demand are usually temporary. Please try again later.', 'status': 'UNAVAILABLE'}}
2026-09-18 16:41:33,623 | INFO | AI Expander initialized.
2026-09-18 16:41:33,757 | INFO | Expanding : clean_text/services.txt
2026-09-18 16:41:33,758 | INFO | Loading text : clean_text/services.txt
2026-09-18 16:41:33,758 | INFO | Loading prompt : prompts/service_prompt.md
2026-09-18 16:41:33,758 | INFO | Sending services.txt to Gemini...
2026-09-18 16:43:51,093 | ERROR | Gemini request failed: 503 UNAVAILABLE. {'error': {'code': 503, 'message': 'This model is currently experiencing high demand. Spikes in demand are usually temporary. Please try again later.', 'status': 'UNAVAILABLE'}}
2026-09-18 18:57:11,481 | INFO | AI Expander initialized.
2026-09-18 18:57:11,644 | INFO | Expanding : clean_text/services.txt
2026-09-18 18:57:11,644 | INFO | Loading text : clean_text/services.txt
2026-09-18 18:57:11,645 | INFO | Loading prompt : prompts/service_prompt.md
2026-09-18 18:57:11,645 | INFO | Sending services.txt to Gemini...
2026-09-18 18:57:17,369 | ERROR | Gemini request failed: 404 NOT_FOUND. {'error': {'code': 404, 'message': 'This model models/gemini-2.5-flash is no longer available to new users. Please update your code to use models/gemini-3.6-flash for the latest features and improvements. We recommend you to use the Interactions API.', 'status': 'NOT_FOUND'}}
2026-09-18 19:05:03,062 | INFO | AI Expander initialized.
2026-09-18 19:05:03,206 | INFO | Expanding : clean_text/services.txt
2026-09-18 19:05:03,206 | INFO | Loading text : clean_text/services.txt
2026-09-18 19:05:03,207 | INFO | Loading prompt : prompts/service_prompt.md
2026-09-18 19:05:03,207 | INFO | Sending services.txt to Gemini...
2026-09-18 19:06:10,699 | ERROR | Unable to read Gemini response: 'Interaction' object has no attribute 'text'
2026-09-18 19:07:15,059 | INFO | AI Expander initialized.
2026-09-18 19:07:15,195 | INFO | Expanding : clean_text/services.txt
2026-09-18 19:07:15,195 | INFO | Loading text : clean_text/services.txt
2026-09-18 19:07:15,195 | INFO | Loading prompt : prompts/service_prompt.md
2026-09-18 19:07:15,195 | INFO | Sending services.txt to Gemini...
2026-09-18 19:11:29,327 | INFO | Markdown saved : knowledge_source/services/services.md
2026-09-18 20:01:21,602 | INFO | Knowledge Indexer initialized.
2026-09-18 20:01:21,752 | INFO | Loading Markdown documents...
2026-09-18 20:01:21,753 | INFO | 1 documents loaded.
2026-09-18 20:01:21,753 | INFO | Building knowledge index...
2026-09-18 20:01:21,753 | INFO | Loading Markdown documents...
2026-09-18 20:01:21,753 | INFO | 1 documents loaded.
2026-09-18 20:01:21,754 | INFO | Splitting : knowledge_source/services/services.md
2026-09-18 20:01:21,754 | INFO | 20 chunks created.
2026-09-18 20:01:21,754 | INFO | Creating embedding 1...
2026-09-18 20:02:14,577 | INFO | Creating embedding 2...
2026-09-18 20:02:29,760 | INFO | Creating embedding 3...
2026-09-18 20:02:38,530 | INFO | Creating embedding 4...
2026-09-18 20:02:40,475 | INFO | Creating embedding 5...
2026-09-18 20:02:41,408 | INFO | Creating embedding 6...
2026-09-18 20:02:44,166 | INFO | Creating embedding 7...
2026-09-18 20:02:47,389 | INFO | Creating embedding 8...
2026-09-18 20:02:49,083 | INFO | Creating embedding 9...
2026-09-18 20:02:56,468 | INFO | Creating embedding 10...
2026-09-18 20:03:00,347 | INFO | Creating embedding 11...
2026-09-18 20:03:02,597 | INFO | Creating embedding 12...
2026-09-18 20:03:04,437 | INFO | Creating embedding 13...
2026-09-18 20:03:06,487 | INFO | Creating embedding 14...
2026-09-18 20:03:07,402 | INFO | Creating embedding 15...
2026-09-18 20:03:09,668 | INFO | Creating embedding 16...
2026-09-18 20:03:11,097 | INFO | Creating embedding 17...
2026-09-18 20:03:11,985 | INFO | Creating embedding 18...
2026-09-18 20:03:14,679 | INFO | Creating embedding 19...
2026-09-18 20:03:16,932 | INFO | Creating embedding 20...
2026-09-18 20:03:20,073 | INFO | Index built successfully.
2026-09-18 20:03:20,074 | INFO | Documents : 1
2026-09-18 20:03:20,074 | INFO | Chunks    : 20
2026-09-18 20:03:20,074 | INFO | Dimension : 3072
2026-09-18 20:03:20,193 | INFO | Index saved : knowledge_index/embeddings.json
2026-09-18 20:40:50,930 | INFO | Knowledge Indexer initialized.
2026-09-18 20:40:51,104 | INFO | Index loaded : knowledge_index/embeddings.json
2026-09-18 20:40:51,104 | INFO | Chunks loaded : 20
2026-09-18 21:07:30,171 | INFO | Retriever initialized.
2026-09-18 21:07:30,321 | INFO | Loading knowledge index...
2026-09-18 21:07:30,350 | INFO | Knowledge index loaded.
2026-09-18 21:07:30,351 | INFO | Chunks available: 20
2026-09-18 21:07:30,351 | INFO | Searching knowledge for: What intellectual property services does NECS Legal provide?
2026-09-18 21:07:36,595 | INFO | Retrieved 3 results.
2026-09-19 00:20:17,438 | INFO | Prompt Builder initialized.
2026-09-19 00:20:17,439 | INFO | Loading system prompt...
2026-09-19 00:20:17,440 | INFO | System prompt loaded.
2026-09-19 00:20:17,440 | INFO | Prompt built successfully.
2026-09-19 00:26:07,083 | INFO | Retriever initialized.
2026-09-19 00:26:07,230 | INFO | Searching knowledge for: What intellectual property services does NECS Legal provide?
2026-09-19 00:26:07,230 | INFO | Loading knowledge index...
2026-09-19 00:26:07,258 | INFO | Knowledge index loaded.
2026-09-19 00:26:07,258 | INFO | Chunks available: 20
2026-09-19 00:26:13,470 | INFO | Retrieved 3 results.
2026-09-19 00:26:13,471 | INFO | Prompt Builder initialized.
2026-09-19 00:26:13,472 | INFO | Loading system prompt...
2026-09-19 00:26:13,472 | INFO | System prompt loaded.
2026-09-19 00:26:13,472 | INFO | Prompt built successfully.
2026-09-19 00:50:21,672 | INFO | Retriever initialized.
2026-09-19 00:50:21,819 | INFO | Searching knowledge for: What intellectual property services does NECS Legal provide?
2026-09-19 00:50:21,820 | INFO | Loading knowledge index...
2026-09-19 00:50:21,845 | INFO | Knowledge index loaded.
2026-09-19 00:50:21,846 | INFO | Chunks available: 20
2026-09-19 00:50:27,928 | INFO | Retrieved 3 results.
2026-09-19 00:50:27,929 | INFO | Prompt Builder initialized.
2026-09-19 00:50:27,929 | INFO | Loading system prompt...
2026-09-19 00:50:27,937 | INFO | System prompt loaded.
2026-09-19 00:50:27,937 | INFO | Prompt built successfully.
2026-09-19 09:43:47,525 | INFO | Retriever initialized.
2026-09-19 09:43:47,674 | INFO | Prompt Builder initialized.
2026-09-19 09:43:47,675 | INFO | Loading system prompt...
2026-09-19 09:43:47,675 | INFO | System prompt loaded.
2026-09-19 09:43:47,773 | INFO | Searching knowledge for: What intellectual property services does NECS Legal provide?
2026-09-19 09:43:47,773 | INFO | Loading knowledge index...
2026-09-19 09:43:47,802 | INFO | Knowledge index loaded.
2026-09-19 09:43:47,802 | INFO | Chunks available: 20
2026-09-19 09:43:54,279 | INFO | Retrieved 3 results.
2026-09-19 09:43:54,280 | INFO | Prompt built successfully.
2026-09-19 09:44:04,135 | INFO | Searching knowledge for: How long does a trademark registration last in Nigeria according to the NECS Legal knowledge base?
2026-09-19 09:44:05,371 | INFO | Retrieved 3 results.
2026-09-19 09:44:05,371 | INFO | Prompt built successfully.
2026-09-19 09:44:10,368 | INFO | Searching knowledge for: What is the exact fee that NECS Legal charges for registering a trademark?
2026-09-19 09:44:11,924 | INFO | Retrieved 3 results.
2026-09-19 09:44:11,924 | INFO | Prompt built successfully.
2026-09-19 09:44:18,051 | INFO | Searching knowledge for: What is the current exchange rate between the Nigerian naira and the US dollar?
2026-09-19 09:44:19,499 | INFO | Retrieved 3 results.
2026-09-19 09:44:19,500 | INFO | Prompt built successfully.
2026-09-19 09:45:10,586 | INFO | Retriever initialized.
2026-09-19 09:45:10,725 | INFO | Prompt Builder initialized.
2026-09-19 09:45:10,726 | INFO | Loading system prompt...
2026-09-19 09:45:10,726 | INFO | System prompt loaded.
2026-09-19 09:45:10,836 | INFO | Searching knowledge for: What intellectual property services does NECS Legal provide?
2026-09-19 09:45:10,837 | INFO | Loading knowledge index...
2026-09-19 09:45:10,865 | INFO | Knowledge index loaded.
2026-09-19 09:45:10,866 | INFO | Chunks available: 20
2026-09-19 09:45:12,138 | INFO | Retrieved 3 results.
2026-09-19 09:45:12,138 | INFO | Prompt built successfully.
2026-09-19 09:45:21,948 | INFO | Searching knowledge for: How long does a trademark registration last in Nigeria according to the NECS Legal knowledge base?
2026-09-19 09:45:23,198 | INFO | Retrieved 3 results.
2026-09-19 09:45:23,199 | INFO | Prompt built successfully.
2026-09-19 09:45:27,271 | INFO | Searching knowledge for: What is the exact fee that NECS Legal charges for registering a trademark?
2026-09-19 09:45:27,905 | INFO | Retrieved 3 results.
2026-09-19 09:45:27,906 | INFO | Prompt built successfully.
2026-09-19 09:45:34,652 | INFO | Searching knowledge for: What is the current exchange rate between the Nigerian naira and the US dollar?
2026-09-19 09:45:35,900 | INFO | Retrieved 3 results.
2026-09-19 09:45:35,900 | INFO | Prompt built successfully.
2026-09-19 09:53:10,840 | INFO | Retriever initialized.
2026-09-19 09:53:10,972 | INFO | Prompt Builder initialized.
2026-09-19 09:53:10,972 | INFO | Loading system prompt...
2026-09-19 09:53:10,972 | INFO | System prompt loaded.
2026-09-19 09:53:47,036 | INFO | Searching knowledge for: What intellectual property services does NECS Legal provide?
2026-09-19 09:53:47,037 | INFO | Loading knowledge index...
2026-09-19 09:53:47,080 | INFO | Knowledge index loaded.
2026-09-19 09:53:47,080 | INFO | Chunks available: 20
2026-09-19 09:53:53,044 | INFO | Retrieved 3 results.
2026-09-19 09:53:53,044 | INFO | Prompt built successfully.
2026-09-19 09:54:12,046 | INFO | Searching knowledge for: How long does a trademark registration last in Nigeria according to the NECS Legal knowledge base?
2026-09-19 09:54:13,209 | INFO | Retrieved 3 results.
2026-09-19 09:54:13,209 | INFO | Prompt built successfully.
2026-09-19 09:54:29,495 | INFO | Searching knowledge for: What is the exact fee that NECS Legal charges for registering a trademark?
2026-09-19 09:54:30,412 | INFO | Retrieved 3 results.
2026-09-19 09:54:30,413 | INFO | Prompt built successfully.
2026-09-19 09:54:46,234 | INFO | Searching knowledge for: What is the current exchange rate between the Nigerian naira and the US dollar?
2026-09-19 09:54:47,442 | INFO | Retrieved 3 results.
2026-09-19 09:54:47,443 | INFO | Prompt built successfully.
2026-09-19 11:32:50,560 | INFO | Searching knowledge for: What intellectual property services does NECS Legal provide?
2026-09-19 11:32:57,408 | INFO | Retrieved 3 results.
2026-09-19 11:32:57,408 | INFO | Prompt built successfully.
2026-09-19 11:34:00,836 | INFO | Searching knowledge for: What intellectual property services does NECS Legal provide?
2026-09-19 11:34:01,895 | INFO | Retrieved 3 results.
2026-09-19 11:34:01,896 | INFO | Prompt built successfully.
2026-09-19 14:12:47,635 | INFO | Searching knowledge for: What intellectual property services does NECS Legal provide?
2026-09-19 14:12:48,697 | INFO | Retrieved 3 results.
2026-09-19 14:12:48,697 | INFO | Prompt built successfully.
2026-09-19 14:13:14,563 | INFO | Searching knowledge for: How long does a trademark registration last in Nigeria according to the NECS Legal knowledge base?
2026-09-19 14:13:15,479 | INFO | Retrieved 3 results.
2026-09-19 14:13:15,480 | INFO | Prompt built successfully.
2026-09-20 05:04:20,318 | INFO | Retriever initialized.
2026-09-20 05:04:20,468 | INFO | Prompt Builder initialized.
2026-09-20 05:04:20,469 | INFO | Loading system prompt...
2026-09-20 05:04:20,469 | INFO | System prompt loaded.
2026-09-20 05:05:10,919 | INFO | Searching knowledge for: legal services
2026-09-20 05:05:10,919 | INFO | Loading knowledge index...
2026-09-20 05:05:11,030 | INFO | Knowledge index loaded.
2026-09-20 05:05:11,031 | INFO | Chunks available: 20
2026-09-20 05:05:12,591 | INFO | Retrieved 3 results.
2026-09-20 05:05:12,592 | INFO | Prompt built successfully.
2026-09-20 05:06:16,699 | INFO | Searching knowledge for: i want ip services
2026-09-20 05:06:17,949 | INFO | Retrieved 3 results.
2026-09-20 05:06:17,949 | INFO | Prompt built successfully.
2026-09-20 05:06:47,035 | INFO | Searching knowledge for: i want legal advice
2026-09-20 05:06:48,051 | INFO | Retrieved 3 results.
2026-09-20 05:06:48,052 | INFO | Prompt built successfully.
2026-09-20 05:07:30,882 | INFO | Searching knowledge for: what are your services?
2026-09-20 05:07:32,282 | INFO | Retrieved 3 results.
2026-09-20 05:07:32,283 | INFO | Prompt built successfully.
2026-09-20 05:08:01,755 | INFO | Searching knowledge for: tell me about your Trademarks services
2026-09-20 05:08:03,040 | INFO | Retrieved 3 results.
2026-09-20 05:08:03,041 | INFO | Prompt built successfully.
2026-09-20 05:09:01,819 | INFO | Searching knowledge for: hello
2026-09-20 05:09:03,225 | INFO | Retrieved 3 results.
2026-09-20 05:09:03,225 | INFO | Prompt built successfully.
2026-09-20 05:10:01,882 | INFO | Searching knowledge for: what are your Trademarks services
2026-09-20 05:10:02,812 | INFO | Retrieved 3 results.
2026-09-20 05:10:02,812 | INFO | Prompt built successfully.
2026-09-20 05:26:19,250 | INFO | Retriever initialized.
2026-09-20 05:26:19,427 | INFO | Prompt Builder initialized.
2026-09-20 05:26:19,428 | INFO | Loading system prompt...
2026-09-20 05:26:19,429 | INFO | System prompt loaded.
2026-09-20 05:26:43,603 | INFO | Searching knowledge for: i kneed legal services
2026-09-20 05:26:43,603 | INFO | Loading knowledge index...
2026-09-20 05:26:43,683 | INFO | Knowledge index loaded.
2026-09-20 05:26:43,683 | INFO | Chunks available: 20
2026-09-20 05:26:49,596 | INFO | Retrieved 3 results.
2026-09-20 05:26:49,597 | INFO | Prompt built successfully.
2026-09-20 05:27:58,000 | INFO | Searching knowledge for: what is IP ?
2026-09-20 05:27:59,013 | INFO | Retrieved 3 results.
2026-09-20 05:27:59,013 | INFO | Prompt built successfully.
2026-09-22 01:13:46,872 | INFO | Retriever initialized.
2026-09-22 01:13:46,998 | INFO | Prompt Builder initialized.
2026-09-22 01:13:46,998 | INFO | Loading system prompt...
2026-09-22 01:13:46,999 | INFO | System prompt loaded.
2026-09-22 01:16:34,610 | INFO | Searching knowledge for: what are your Trademarks services
2026-09-22 01:16:34,610 | INFO | Loading knowledge index...
2026-09-22 01:16:34,669 | INFO | Knowledge index loaded.
2026-09-22 01:16:34,670 | INFO | Chunks available: 20
2026-09-22 01:16:35,755 | INFO | Retrieved 3 results.
2026-09-22 01:16:35,756 | INFO | Prompt built successfully.
2026-09-22 01:27:00,645 | INFO | Searching knowledge for: I have been sued for trademark infringement. What should I do?
2026-09-22 01:27:02,126 | INFO | Retrieved 3 results.
2026-09-22 01:27:02,127 | INFO | Prompt built successfully.
2026-09-22 01:27:26,478 | INFO | Searching knowledge for: How much does trademark registration cost?
2026-09-22 01:27:27,422 | INFO | Retrieved 3 results.
2026-09-22 01:27:27,422 | INFO | Prompt built successfully.
2026-09-22 02:55:13,013 | INFO | Retriever initialized.
2026-09-22 02:55:13,093 | INFO | Prompt Builder initialized.
2026-09-22 02:55:13,094 | INFO | Loading system prompt...
2026-09-22 02:55:13,094 | INFO | System prompt loaded.
2026-09-22 02:55:53,093 | INFO | Searching knowledge for: what are your Trademarks services
2026-09-22 02:55:53,093 | INFO | Loading knowledge index...
2026-09-22 02:55:53,121 | INFO | Knowledge index loaded.
2026-09-22 02:55:53,121 | INFO | Chunks available: 20
2026-09-22 02:55:54,305 | INFO | Retrieved 3 results.
2026-09-22 02:55:54,305 | INFO | Prompt built successfully.
2026-09-22 03:01:28,453 | INFO | Searching knowledge for: what are your Trademarks services
2026-09-22 03:01:29,381 | INFO | Retrieved 3 results.
2026-09-22 03:01:29,381 | INFO | Prompt built successfully.
2026-09-22 03:11:43,537 | INFO | Searching knowledge for: what are your Trademarks services
2026-09-22 03:11:44,590 | INFO | Retrieved 3 results.
2026-09-22 03:11:44,590 | INFO | Prompt built successfully.
